char,hex,count,kind,id1,snip1,id2,snip2
J,U+004A,1,ascii,eg_cv_alec_vo33#0,en studying Japanese.
V,U+0056,1,ascii,ev_gen_no525,一真：LIVE TO RIDE
j,U+006A,1,ascii,ev_solo_ramp25#0,Bonjour！
q,U+0071,1,ascii,eg_cv_alec_vo33#1,on is still quite hard.
あ,U+3042,1,hira,sysmes_dic_index_keyword#0,あ
い,U+3044,1,hira,sysmes_dic_index_keyword#10,い
う,U+3046,1,hira,sysmes_dic_index_keyword#11,う
え,U+3048,1,hira,sysmes_dic_index_keyword#12,え
お,U+304A,1,hira,sysmes_dic_index_keyword#13,お
か,U+304B,1,hira,sysmes_dic_index_keyword#1,か
き,U+304D,1,hira,sysmes_dic_index_keyword#14,き
く,U+304F,1,hira,sysmes_dic_index_keyword#15,く
け,U+3051,1,hira,sysmes_dic_index_keyword#16,け
こ,U+3053,1,hira,sysmes_dic_index_keyword#17,こ
さ,U+3055,1,hira,sysmes_dic_index_keyword#2,さ
し,U+3057,1,hira,sysmes_dic_index_keyword#18,し
す,U+3059,1,hira,sysmes_dic_index_keyword#19,す
せ,U+305B,1,hira,sysmes_dic_index_keyword#20,せ
そ,U+305D,1,hira,sysmes_dic_index_keyword#21,そ
た,U+305F,1,hira,sysmes_dic_index_keyword#3,た
ち,U+3061,1,hira,sysmes_dic_index_keyword#22,ち
つ,U+3064,1,hira,sysmes_dic_index_keyword#23,つ
て,U+3066,1,hira,sysmes_dic_index_keyword#24,て
と,U+3068,1,hira,sysmes_dic_index_keyword#25,と
な,U+306A,1,hira,sysmes_dic_index_keyword#4,な
に,U+306B,1,hira,sysmes_dic_index_keyword#26,に
ぬ,U+306C,1,hira,sysmes_dic_index_keyword#27,ぬ
ね,U+306D,1,hira,sysmes_dic_index_keyword#28,ね
の,U+306E,1,hira,sysmes_dic_index_keyword#29,の
は,U+306F,1,hira,sysmes_dic_index_keyword#5,は
ひ,U+3072,1,hira,sysmes_dic_index_keyword#30,ひ
ふ,U+3075,1,hira,sysmes_dic_index_keyword#31,ふ
へ,U+3078,1,hira,sysmes_dic_index_keyword#32,へ
ほ,U+307B,1,hira,sysmes_dic_index_keyword#33,ほ
ま,U+307E,1,hira,sysmes_dic_index_keyword#6,ま
み,U+307F,1,hira,sysmes_dic_index_keyword#34,み
む,U+3080,1,hira,sysmes_dic_index_keyword#35,む
め,U+3081,1,hira,sysmes_dic_index_keyword#36,め
も,U+3082,1,hira,sysmes_dic_index_keyword#37,も
や,U+3084,1,hira,sysmes_dic_index_keyword#7,や
ゆ,U+3086,1,hira,sysmes_dic_index_keyword#39,ゆ
よ,U+3088,1,hira,sysmes_dic_index_keyword#41,よ
ら,U+3089,1,hira,sysmes_dic_index_keyword#8,ら
り,U+308A,1,hira,sysmes_dic_index_keyword#42,り
る,U+308B,1,hira,sysmes_dic_index_keyword#43,る
れ,U+308C,1,hira,sysmes_dic_index_keyword#44,れ
ろ,U+308D,1,hira,sysmes_dic_index_keyword#45,ろ
わ,U+308F,1,hira,sysmes_dic_index_keyword#9,わ
ん,U+3093,1,hira,sysmes_dic_index_keyword#49,ん
丛,U+4E1B,1,cjk,menu_dic_316#6,兴趣特技：天丛云
串,U+4E32,1,cjk,menu_dic_eg_le_koro#0,来自浪漫沙加的客串出演！小小的亲！
乒,U+4E52,1,cjk,eg_we_drpp_vo3,龙宝宝：乒呀啊啊——！
亦,U+4EA6,1,cjk,ev_gho_prepre06#0,梅尔克里：虽不中亦不远哪！
仙,U+4ED9,1,cjk,menu_dic_242#4,仙人掌！
仲,U+4EF2,1,cjk,eg_le_ngen_vo3,人类：这家伙仲好一郎。。。
伪,U+4F2A,1,cjk,d_egg_ev04_03#1,伪装成对王的爱！
伶,U+4F36,1,cjk,menu_dic_eg_pk_prim#0,占将着首席女伶、日以努力的蛋怪！
侠,U+4FA0,1,cjk,eg_du_tmse_w1#1,全装看不见侠。
侥,U+4FA5,1,cjk,ev_gho_int_c07#1,侥幸4呢！
侧,U+4FA7,1,cjk,eg_ms_omed_d,恭喜鸟：饼皮侧面裂了。
俱,U+4FF1,1,cjk,ev_colosseum63b#1,先生，两败俱伤——。
倦,U+5026,1,cjk,eg_du_syam_d,沙米尔星人：手不知疲倦！
债,U+503A,1,cjk,d_tue_0001#0,卡姆拉纳特：必须把欠下的债还清！
偎,U+504E,1,cjk,ev_march11#1,的狭小船舱里两人依偎！
兜,U+515C,1,cjk,ev_fri_st32#1,把最终幻想X-3里瓦卡的兜裆布
册,U+518C,1,cjk,menu_dic_347#6,兴趣特技：编成手册
冢,U+51A2,1,cjk,eg_du_frkn_debug#2,平冢语音
凹,U+51F9,1,cjk,eg_le_levi_d,亚冲浪手：大力的板上有了凹陷。。
刑,U+5211,1,cjk,eg_ms_eggb_vo1#1,现在就在此处处刑啾。
刘,U+5218,1,cjk,menu_dic_eg_cv_atom#2,服装、齐刘海和巨大的蝴蝶结，是状道
剂,U+5242,1,cjk,ev_solo_egg15#2,因为在减肥，氨基酸补充剂也要呢呀
剔,U+5254,1,cjk,ev_gen_no540#3,秀基：简单说，为了剔除游戏里的 bug
剖,U+5256,1,cjk,eg_bo_fuyu_vo3_3#0,：特辑的【烂恋心理彻底解剖】呀
勤,U+52E4,1,cjk,menu_dic_51#7,后勤部队不行吗？
勺,U+52FA,1,cjk,eg_du_ramu_at2,持讨的勺
勿,U+52FF,1,cjk,ev_ear_st50#2,勿抵抗。全员，向军人战斗配
卓,U+5353,1,cjk,d_egg_ev05_03#1,正如拥有卓越知性之人
厂,U+5382,1,cjk,ev_march24#0,·伊努：哈？这种没听过的厂家的
厘,U+5398,1,cjk,ev_solo_atashi36#2,巴厘岛游1500波奇利
厢,U+53A2,1,cjk,ev_june3,莉·伊努：这种地方还有包厢？
厦,U+53A6,1,cjk,menu_dic_eg_du_sand#1,尤其，半熟因特大厦的出没特别快！
厨,U+53A8,1,cjk,ev_solo_atashi17#0,伊奈：来呀，我地下的公主厨房
吨,U+5428,1,cjk,eg_pw_roll_at2,兆吨压制
吩,U+5429,1,cjk,dg_common_tekken64#2,应该说，是被吩咐这么说的！
吭,U+542D,1,cjk,eg_cv_mkai_ms22,夫妇：巨大的冲击星一声不吭！
呗,U+5457,1,cjk,ev_february11#1,伊奈做了就拿她的呗？
呻,U+547B,1,cjk,d_dung_0509#2,听见那边在呻吟！
咏,U+548F,1,cjk,ev_gho_int_c15#1,靠反复吟咏才能感到冲击
咐,U+5490,1,cjk,dg_common_tekken64#2,应该说，是被吩咐这么说的！
咪,U+54AA,1,cjk,eg_pk_musu_ms11,捕获他组：捕获他组在巴咪的地方降了起来。
哗,U+54D7,1,cjk,okunote_yoiko_tk#0,咔。啪唧。砰。咯嘣咯嘣。哗。
哞,U+54DE,1,cjk,eg_pk_milk_vo3#1,哞。到客界了哦。。
唬,U+552C,1,cjk,eg_we_kinu_at2,吓唬
喹,U+55B9,1,cjk,eg_pw_116_vo32#0,豚悟空：沙悟净喹————。。
喻,U+55BB,1,cjk,d_dung_0142#0,呀——！来势汹汹的珠部隐喻呢！
嗖,U+55D6,1,cjk,menu_dic_eg_du_dopl#1,然后嗖地被自己吞掉了！
嘁,U+5601,1,cjk,eg_pk_meds_l,美杜莎：嘁。给我记住。。
嘉,U+5609,1,cjk,ev_c_call23#0,蒂安：继曲子之后，可疑的嘉宾出演。
嘶,U+5636,1,cjk,eg_du_zibu_at1,嘶。
噔,U+5654,1,cjk,eg_tg_flya_d2,欧米茄飞手：咯噔。差点把鸣门弄掉。
嚏,U+568F,1,cjk,ev_mon_cl40#0,莉·伊奈：啊，终于打出喷嚏了哟
嚷,U+56B7,1,cjk,ev_gen_no539#2,噢呀噢呀：所以说，嚷着赶紧收工的人可少见！
嚼,U+56BC,1,cjk,eg_bo_motk_vo25_c,莫特·库蒙：嚼起来好脆4哟
坍,U+574D,1,cjk,menu_dic_eg_cl_akem#0,地面坍塌以外的剑术没他出场的份
坡,U+5761,1,cjk,eg_we_bdhm_w,屋台达势大知：坡上街的和平，由这屋台达势
坨,U+5768,1,cjk,ev_gho_pla02,弗莱迪：简直是矗立着的一坨啊。
坪,U+576A,1,cjk,ev_march10#1,当然是帅哥飞行员和直升机坪旁
埴,U+57F4,1,cjk,menu_dic_144#6,兴趣特技：少见的埴轮
堀,U+5800,1,cjk,eg_cl_siro_vo12#0,星防卫军：优帝宫王鬼向堀井雄二鸟山明
堕,U+5815,1,cjk,eg_ev_lucu_at2,让人堕落
堡,U+5821,1,cjk,ev_ending130b,派：俺要汉堡。
填,U+586B,1,cjk,menu_dic_331#6,兴趣特技：填补寂寞的
墅,U+5885,1,cjk,ev_solo_atashi46#0,卡特莉·伊奈：豪华别墅里，被薰衣草香包围着
墟,U+589F,1,cjk,ev_tue_st03#0,梅尔克里：这里就是废墟之星
墩,U+58A9,1,cjk,eg_du_wall_d,墙人：墩在那儿！
壁,U+58C1,1,cjk,d_wed_0013#1,有自由穿过墙壁的威力
夷,U+5937,1,cjk,ev_solo_inu52#1,变成「夏威夷状书外间势中的偶像」的部
奢,U+5962,1,cjk,d_dung_0670#0,索皮尼翁：虽说是奢望
奴,U+5974,1,cjk,ev_gen_no535,小奴曼：先生超菜！
妮,U+59AE,1,cjk,menu_dic_106#6,兴趣特技：安妮部队
姜,U+59DC,1,cjk,ev_february4#1,姜泥再加鲣鱼拍打
娱,U+5A31,1,cjk,eg_pw_tagm_vo32#1,阿尔冯斯：日本第一的娱乐漫画。。
婪,U+5A6A,1,cjk,d_egg_ev03_02#2,是一片沉溺于战乱的贪婪之地！
媚,U+5A9A,1,cjk,eg_pw_kimr_w#1,不向连喜献媚的奇美拉王。
媛,U+5A9B,1,cjk,ev_mon_bs20#0,浪漫女王：纵被称为才媛
季,U+5B63,1,cjk,ev_june1#0,卡特莉·伊努：啊，梅雨季潮乎乎的
孽,U+5B7D,1,cjk,d_egg_ev07_05#2,知晓罪孽之深的人！
宅,U+5B85,1,cjk,menu_dic_105#3,擅长：我是宅，不过
宏,U+5B8F,1,cjk,dg_common_seal#2,横跨宇宙的宏大迷宫
宕,U+5B95,1,cjk,eg_bo_emtp_l#1,主系统宕机！
宛,U+5B9B,1,cjk,gameover_all24b#1,宛如卡特莉·伊奈的怒火本身
宣,U+5BA3,1,cjk,ev_solo_egg6#1,名叫爱的宣泄哟
宰,U+5BB0,1,cjk,d_dung_0488#0,人的爹：儿子的买卖，有点宰客呢！
尊,U+5C0A,1,cjk,general_36_w,俺／尊敬。
屏,U+5C4F,1,cjk,ev_march13#0,卡特莉·伊奈：和屏幕对面素不相识的男性
岸,U+5CB8,1,cjk,ev_gho_int_a07#0,梅尔克里：自遥远彼岸俯视我们的
崭,U+5D2D,1,cjk,ev_thu_cl38#2,向着崭新的出路延伸枝叶！
巢,U+5DE2,1,cjk,ev_ending133,梅尔克里：巢鸭的拔刺地藏在叫吾哪！
帖,U+5E16,1,cjk,f_thu_13#1,是宫殿给我的，钻石婚礼请帖的
幼,U+5E7C,1,cjk,ev_fri_cl66#2,幼小种族也差不多！
府,U+5E9C,1,cjk,ev_ending25#1,地球联邦总统府来电！
庭,U+5EAD,1,cjk,ev_solo_egg13#1,小份披萨和家庭装炸鸡和
弧,U+5F27,1,cjk,trump_bumeran_ms,挥舞起传说之弧。
径,U+5F84,1,cjk,f_ear_14#2,的是通往艾格妈妈的最短路径。
忧,U+5FE7,1,cjk,general_68_l,忧郁！
怵,U+6035,1,cjk,ev_gho_bs09#0,马蒂斯：嘿嘿，我可有点发怵啊，俺！
恍,U+604D,1,cjk,ev_gen_no530#1,皮亚皮亚涅：恍惚着对不起！
患,U+60A3,1,cjk,d_dung_0287#1,迟早会成为妖精未来的大患！
惚,U+60DA,1,cjk,ev_gen_no530#1,皮亚皮亚涅：恍惚着对不起！
惦,U+60E6,1,cjk,d_dung_0400#1,惦记着您！
惫,U+60EB,1,cjk,ev_spring3#1,要治愈疲惫的身子和干枯的姿
憋,U+618B,1,cjk,ev_sun_st50#1,憋不住了哇。
戚,U+621A,1,cjk,ev_col_extra36#0,女主播：抱歉，接下来有亲戚的
戟,U+621F,1,cjk,eg_ms_mogu_at1,三叉戟
截,U+622A,1,cjk,d_dung_1002#1,迷宫研究员：要是斩钉截铁说做错了就好了
扳,U+6273,1,cjk,dg_tutorial02_4#2,再扳拉杆就会关上，要注意呐！
抄,U+6284,1,cjk,menu_trump134#1,死神正在抄袭！
抑,U+6291,1,cjk,ev_thu_cl46#1,这颗邪恶蛋，能抑制怪物化的进行
抚,U+629A,1,cjk,ev_mon_cl29#1,抚养长大！
拎,U+62CE,1,cjk,menu_dic_eg_du_fraf#1,每天拎回一升瓶，整颗心往下灌！
拗,U+62D7,1,cjk,menu_dic_eg_cl_ugok#2,大概谁也拗不过！
拦,U+62E6,1,cjk,ev_ear_cl87b#0,塞巴斯蒂安：拦住核导弹，护住卡特莉·德
拨,U+62E8,1,cjk,d_dung_0747#2,你们也许是头一拨！
捂,U+6342,1,cjk,ev_gen_no496_2#4,要说什么的那张嘴，我轻轻捂上！
捧,U+6367,1,cjk,eg_tg_tken_at2#2,猪也一捧就会潜进況
措,U+63AA,1,cjk,ev_gho_bs18#1,那种傻乎乎客气措辞尽头的
掺,U+63BA,1,cjk,menu_dic_eg_pw_bari#1,这种连一掺进来工作就没了，
揪,U+63EA,1,cjk,eg_ev_veno_d,毒液酱：毒液酱的能揪了一下。
撩,U+64A9,1,cjk,eg_bo_fuyu_vo3_2#0,冬子：特辑的【撩心小动作一百选】呀
擒,U+64D2,1,cjk,menu_trump021#2,擒杀掉！
斜,U+659C,1,cjk,menu_dic_eg_du_coin#0,的一枚硬币，心情稍微有点斜！
斧,U+65A7,1,cjk,okunote_maru_tk#0,超级黄金金属斧炸弹打击光线
旱,U+65F1,1,cjk,menu_dic_31#6,兴趣特技：假日滑旱冰
昨,U+6628,1,cjk,ev_solo_inu26#1,啊，昨天的薯片也扔进去！
昵,U+6635,1,cjk,planet_08_help#1,还有友的亲昵之造
晋,U+664B,1,cjk,ev_mon_st09#1,贫弱，前去晋见星球王族的将军
权,U+6743,1,cjk,ev_ear_cl07#2,是为了其中掌权者的先走吧！
枕,U+6795,1,cjk,ev_solo_egg17#2,鸣门先枕和铂金钻石饰品呢呀
林,U+6797,1,cjk,menu_dic_eg_ms_tryu#0,从负林子里飞出来的蛋怪！
枝,U+679D,1,cjk,ev_thu_cl38#2,向着崭新的出路延伸枝叶！
柜,U+67DC,1,cjk,eg_ev_nodt_vo13,被阵的死神：要出柜了死。
柳,U+67F3,1,cjk,ev_gen_no537#0,畔柳：你好。初次见面是吗？
校,U+6821,1,cjk,menu_dic_203#7,是人生的大学分校！
桌,U+684C,1,cjk,eg_du_caml_vo1,变色龙人：来教教你餐桌礼仪！
梁,U+6881,1,cjk,d_dung_1004#35,手：成为通向和平世界的桥梁！
棱,U+68F1,1,cjk,menu_dic_eg_pw_moon#0,飞读造星了的、月光棱镜的白体美！
椰,U+6930,1,cjk,ev_solo_atashi35#0,和美容，怎么抓都抓不住的椰果！
檐,U+6A90,1,cjk,eg_le_grcl_d,石像鬼：石像鬼从屋檐上掉下来了！
殃,U+6B83,1,cjk,ev_june12#1,四分之一的将军遭了殃！
殆,U+6B86,1,cjk,ev_tue_pre01#0,荒废殆尽的重装星上
殴,U+6BB4,1,cjk,eg_cv_bari_d,巴里佐贡：巴里佐贡对互殴很怕！
毯,U+6BEF,1,cjk,f_thu_25#1,早点让我把婚礼红毯
氧,U+6C27,1,cjk,eg_le_kegg_vo3#2,艾格曼王：脱氧核糖瑞士虫锗光————束
氨,U+6C28,1,cjk,ev_solo_egg15#2,因为在减肥，氨基酸补充剂也要呢呀
江,U+6C5F,1,cjk,eg_cv_heij_l,机器人捕快：哦、哦江户的和平是！
污,U+6C61,1,cjk,ev_ear_st05,梅尔克里：大气也像是被污染得很厉害哪！
沌,U+6C8C,1,cjk,eg_bo_mots_vo34,莫特·苏蒙：混沌漩涡4。
沸,U+6CB8,1,cjk,menu_dic_eg_we_ttya#0,一待让世心沸腾的星威力本力力，
沼,U+6CBC,1,cjk,eg_le_177_at1,沼气
泽,U+6CFD,1,cjk,menu_dic_257#6,兴趣特技：舒泽特小姐
洁,U+6D01,1,cjk,d_egg_ev06_04#1,是因为那是怀着纯洁之心的
洲,U+6D32,1,cjk,ev_solo_egg5#1,名叫爱的绿洲哟
浅,U+6D45,1,cjk,d_dung_0114#1,喜欢浅的人？
淘,U+6DD8,1,cjk,eg_pk_bbms_ms21#1,真拿这淘气精没办法攻
渊,U+6E0A,1,cjk,eg_le_hdes_w,哈迪斯：绕过恐怖，在死渊边沉睡。
渚,U+6E1A,1,cjk,ev_solo_atashi55#1,变成「渚边性感轰炸机」的部队
渡,U+6E21,1,cjk,menu_dic_eg_ms_efdr#1,自己的看占有时也了军着，渡着世心！
渺,U+6E3A,1,cjk,d_dung_0761#1,自己是多么渺小的存在！
湖,U+6E56,1,cjk,eg_pk_prim_vo1,首席：是天鹅湖落
溪,U+6EAA,1,cjk,dg_telop_03,——：与溪流的」合——
滓,U+6ED3,1,cjk,general_22_l,少开玩笑，跪下渣滓们。
漱,U+6F31,1,cjk,d_dung_0141#1,漱口的水不要喝
烁,U+70C1,1,cjk,f_fri_06#0,梅尔克里：闪烁的力量
焦,U+7126,1,cjk,eg_pk_milk_vo2#0,米尔基：那么焦躁，是缺钙呢。
煞,U+715E,1,cjk,ev_sun_st64a,卡特莉·伊奈：嗯嘛，多煞风景的怪陨石。
煤,U+7164,1,cjk,eg_bo_boil_at3_kata_21,绘美：煤气味。？
煽,U+717D,1,cjk,eg_bo_boil_vo23,四次元煮蛋：把祭典煽起来4，超越次元。
熊,U+718A,1,cjk,eg_cl_judo_vo2,柔道家：这招能埋熊吗？
熏,U+718F,1,cjk,trump_kusukan_ms#0,鼻子都要被熏歪的味道。
熬,U+71AC,1,cjk,d_sun_0023#0,孩子：熬夜还会挨骂
熵,U+71B5,1,cjk,menu_dic_eg_le_kaba#1,他使的不合不虽与熵的一食／复逃不一配，
燕,U+71D5,1,cjk,ev_march9#2,鱼翅和燕窝，还有鱼翅和唐培里侬呀
燥,U+71E5,1,cjk,planet_02_help#1,干燥的星
犰,U+72B0,1,cjk,ev_march45#0,梅尔克里：呣，这就是犰狳吗！
犸,U+72B8,1,cjk,eg_bo_motk_vo21,莫特·库蒙：我开动了猛犸4。。
狳,U+72F3,1,cjk,ev_march45#0,梅尔克里：呣，这就是犰狳吗！
狸,U+72F8,1,cjk,eg_cu_runa_w#0,赢了赢了——咔钦咔钦——狸猫——
玄,U+7384,1,cjk,menu_dic_eg_le_denb#1,以前叫玄武这个合，本人却中意这姿
琪,U+742A,1,cjk,trump_engelin1#0,使用了安琪琳。
瓢,U+74E2,1,cjk,eg_cl_tiki_at1,干瓢
瓣,U+74E3,1,cjk,ev_march3#1,稍微失手，豆瓣酱和拌海胆
甚,U+751A,1,cjk,thu_f01_help#1,甚至感到巨大的气息
甸,U+7538,1,cjk,ev_ear_cl51#1,天空与恶灵与伊甸与被引导的传说大地
畏,U+754F,1,cjk,ev_thu_bs03#0,？？？？世人满怀畏惧，如此称呼吾
畔,U+7554,1,cjk,ev_gen_no537#0,畔柳：你好。初次见面是吗？
痴,U+75F4,1,cjk,ev_mon_cl19#1,闹成痴情纷争，续篇也会受影响呢
痹,U+75F9,1,cjk,eg_ev_gost_ms31#1,全部威力下降，麻痹，中毒了。。
瘫,U+762B,1,cjk,trump_kusukan_ms#1,瘫软下去了！
皆,U+7686,1,cjk,general_69_w,一切生者，皆有爱！
盂,U+76C2,1,cjk,ev_solo_caution14#6,盂兰盆
盈,U+76C8,1,cjk,eg_ms_flzb_d,孩：咔嚓。冰冻男孩口感轻盈！
盲,U+76F2,1,cjk,eg_bo_aki_at3,爱打败盲
眨,U+7728,1,cjk,eg_pw_nymp_at1,嗯哼眨眼
睁,U+7741,1,cjk,d_fri_0010#1,我大体睁一只眼闭一只眼
督,U+7763,1,cjk,ev_gen_no540#4,兼职监督的委托和调试企划
睫,U+776B,1,cjk,dg_common_tekken44,勇：睫毛膏
瞟,U+779F,1,cjk,eg_pw_kimr_vo2#1,奇美拉王：眼睛瞟开装没看见吗
磺,U+78FA,1,cjk,ev_solo_egg17#1,鲭鱼香水和硫磺会场的连和
祥,U+7965,1,cjk,menu_dic_eg_le_fzer#2,再不早点被做成吉祥物就要生势军空，最近这么
祷,U+7977,1,cjk,ev_solo_uematsu19#2,祈祷，在被赐予的预言之下
税,U+7A0E,1,cjk,d_dung_0505#1,含税「3000波奇利」
穷,U+7A77,1,cjk,ev_solo_inu43#1,通宵了，穷得超惨啊！
窗,U+7A97,1,cjk,²¯eXg,窗口要漏出去了。
笹,U+7B39,1,cjk,ev_gen_no526,笹龙：今天的写集录像带选哪
筷,U+7B77,1,cjk,menu_dic_eg_du_hega#0,筷子夹了也好笑的那年报的、
篷,U+7BF7,1,cjk,boss_mots_actmenu#0,把斗篷闭上
粪,U+7CAA,1,cjk,d_dung_0145#0,：现在出门绝对会踩到象的粪呢！
纱,U+7EB1,1,cjk,test_gameover20#0,特莉·伊奈：戴上一殿的面纱
纷,U+7EB7,1,cjk,ev_mon_cl19#1,闹成痴情纷争，续篇也会受影响呢。
纺,U+7EBA,1,cjk,d_egg_ev04_06#1,然后，把历史纺下去呢。
绒,U+7ED2,1,cjk,menu_dic_567#3,擅长：雪绒花
络,U+7EDC,1,cjk,d_dung_0032#2,都是因为没好好联络！
绽,U+7EFD,1,cjk,ev_solo_uematsu17#1,玫瑰绽放的大地在歌唱
缕,U+7F15,1,cjk,menu_dic_eg_pk_aiss#2,连欲的战入里，现在，一缕静在事着！
缸,U+7F38,1,cjk,ev_sun_cl44#2,宇宙也不过像浴缸一样哟。
罕,U+7F55,1,cjk,ev_thu_cl56#0,塞巴斯蒂安：半熟史上罕见的严肃展开
羞,U+7F9E,1,cjk,general_94_w,别、别看。好害羞。
羡,U+7FA1,1,cjk,menu_dic_eg_ms_hang#2,却休姿羡慕他赚得好！
耻,U+803B,1,cjk,ev_ending24#1,作为地球人，可耻至极！
職,U+8077,1,cjk,ev_gen_no495#0,时田：游戏職人时田贵司加入了伙伴。
肋,U+808B,1,cjk,eg_cl_judo_vo1,柔道家：肋骨能带走几根？
肝,U+809D,1,cjk,ev_ending141#0,伊奈：金枪鱼肚和海胆和鹅肝和鲍鱼和
肪,U+80AA,1,cjk,menu_dic_208#1,脂肪会掉吧！
胀,U+80C0,1,cjk,eg_ms_omed_ms21#0,恭喜鸟：恭喜鸟膨胀了。
胃,U+80C3,1,cjk,ev_ending12#0,卡特莉·伊奈：越吊胃口越来劲。
胯,U+80EF,1,cjk,ev_mon_st03#0,马蒂斯：总觉得胯下那一带
胶,U+80F6,1,cjk,eg_ms_kken_at2,胶原蛋白
脂,U+8102,1,cjk,menu_dic_208#1,脂肪会掉吧！
脊,U+810A,1,cjk,ev_end_pre19#1,特上牛小排和上里脊和特上牛小排和上横膈膜，
脐,U+8110,1,cjk,trump_pikkarin_tk,把肚脐藏好。会被狙哦。
脯,U+812F,1,cjk,d_dung_0691#4,都可以拍胸脯说自己在做正确的事！
腥,U+8165,1,cjk,ev_gho_int_c35#1,那种东西终究是鱼腥草开得很盛哦。
腮,U+816E,1,cjk,ev_october5#1,腮帮子掉了，身子都软成嘟噜
膈,U+8188,1,cjk,ev_end_pre19#1,上里脊和特上牛小排和上横膈膜，还有
膝,U+819D,1,cjk,ev_solo_atashi9#1,感动得膝盖都在打颤呀
膨,U+81A8,1,cjk,eg_ms_omed_ms21#0,恭喜鸟：恭喜鸟膨胀了。
臂,U+81C2,1,cjk,menu_dic_eg_le_szak#0,番号变N使N-08使！手臂装备的机枪，
航,U+822A,1,cjk,ev_march25#1,难得就不能送宇宙军航天飞机？
艰,U+8270,1,cjk,eg_pk_aiss_l,气之使者：气竟是如此艰难！
芭,U+82AD,1,cjk,menu_dic_202#6,兴趣特技：看看芭蕾练出来的
苣,U+82E3,1,cjk,menu_dic_322#0,参加动机：被菊苣部队
苹,U+82F9,1,cjk,menu_dic_eg_le_ares#1,苹果备一根削、逃上的假发削
荚,U+835A,1,cjk,menu_dic_eg_le_ares#2,连竹荚鱼的早作卸也掌握了的他，
荞,U+835E,1,cjk,eg_ev_jjdv_w,运动服恶魔：喂。、去买荞麦面包来。
荣,U+8363,1,cjk,ev_c_call64#1,能出演这游戏很荣幸。
荪,U+836A,1,cjk,ev_march9#1,鱼翅和竹荪和鱼翅和北京鸭和
莲,U+83B2,1,cjk,ev_solo_atashi30#1,鱼翅和榴莲的万魔殿风
菊,U+83CA,1,cjk,menu_dic_322#0,参加动机：被菊苣部队
萎,U+840E,1,cjk,ev_tue_st01#1,荒废枯萎的地形呢！
著,U+8457,1,cjk,boss_ata8_que_19#0,少用带来的力今是战弱，显著减少了！
蔓,U+8513,1,cjk,ev_thu_cl22#0,彭普蒂：病毒转眼间蔓延开来
蔗,U+8517,1,cjk,menu_dic_172#7,很好吃哦！甘蔗！
蔬,U+852C,1,cjk,ev_thu_cl11#1,谁讨厌蔬菜？
蔽,U+853D,1,cjk,boss_aki_actmenu#1,爱与蒙蔽
薰,U+85B0,1,cjk,ev_solo_atashi46#0,莉·伊奈：豪华别墅里，被薰衣草香包围着
蘸,U+8638,1,cjk,ev_solo_inu32#1,味道随便蘸着吃！
蚀,U+8680,1,cjk,ev_tue_cl11#1,我的气合开始被侵蚀！
蜥,U+8725,1,cjk,eg_pk_amaz_at1,火蜥蜴之剑
蜴,U+8734,1,cjk,eg_pk_amaz_at1,火蜥蜴之剑
衔,U+8854,1,cjk,eg_tg_omeg_vo12,欧米茄：衔尾蛇战土费疲起鸣门漩涡！
裆,U+88C6,1,cjk,ev_fri_st32#1,最终幻想X-3里瓦卡的兜裆布
裙,U+88D9,1,cjk,ev_solo_inu12#0,卡特莉·伊努的围裙
褪,U+892A,1,cjk,eg_ms_drgf_d,蜻蜓龙：蜻蜓龙的衣褪了！
誉,U+8A89,1,cjk,ev_solo_ramp37#1,赌上名誉来修蛋吗！
诀,U+8BC0,1,cjk,menu_dic_eg_du_ifrt#2,低怪火、去烤，才是料理的诀窍！
诃,U+8BC3,1,cjk,test_movie_player#46,堂吉诃德
诗,U+8BD7,1,cjk,ev_gen_no541#0,伊藤贤：浪漫沙加 吟游诗人之歌
诚,U+8BDA,1,cjk,d_egg_ev09_07#2,以及赤诚专一之人！
谍,U+8C0D,1,cjk,dg_common_tekken47,勇：间谍啊！
谚,U+8C1A,1,cjk,f_thu_31#0,是吾阿尔玛之月传承下来的谚语的说！
豁,U+8C41,1,cjk,d_dung_0489#1,这个，几乎没赚哟！我都豁出命了！
贞,U+8D1E,1,cjk,ev_solo_gf9#0,圣女贞德也是这样！
贤,U+8D24,1,cjk,ev_gen_no541#0,伊藤贤：浪漫沙加 吟游诗人之歌
贫,U+8D2B,1,cjk,ev_mon_st09#1,贫弱，前去晋见星球王族的将
贷,U+8D37,1,cjk,menu_dic_252#0,参加动机：公寓贷款
贿,U+8D3F,1,cjk,trump_shorioti_tk#0,喂。这是贿赂。十圆。
赂,U+8D42,1,cjk,trump_shorioti_tk#0,喂。这是贿赂。十圆。
赋,U+8D4B,1,cjk,d_dung_0543#2,会被赋予非常巨大的力量！
赝,U+8D5D,1,cjk,ev_tue_cl08#1,力量蛋不过是赝品！
踌,U+8E0C,1,cjk,eg_ms_kken_d,克拉肯正对首次现身的大力踌躇着！
蹈,U+8E48,1,cjk,eg_cl_lamp_ms33#0,灯南瓜：灯南瓜啊，那舞蹈也未免
躇,U+8E87,1,cjk,eg_ms_kken_d,拉肯正对首次现身的大力踌躇着！
轴,U+8F74,1,cjk,ev_plo_test#61,啊，别那样。别把卷轴速度加快。
辰,U+8FB0,1,cjk,eg_bo_mots_vo21,莫特·苏蒙：来吧4。时辰到了，向自己的挑战4。。
迈,U+8FC8,1,cjk,eg_cv_paz3_ms32,解谜3：三男向新世界迈出了第一步！
逗,U+9017,1,cjk,menu_dic_63#4,逗大家开心。
逞,U+901E,1,cjk,f_sun_41#1,没什么好逞能的说。
遣,U+9063,1,cjk,d_dung_0286#3,受眠姬大人所遣而来！
郁,U+90C1,1,cjk,general_68_l,忧郁！
鄙,U+9119,1,cjk,f_ear_04,马蒂斯：比贾多还卑鄙的家伙。
酣,U+9163,1,cjk,ev_solo_daruma4#1,战事正酣，您在做什么。？
酪,U+916A,1,cjk,ev_solo_atashi23#1,鱼和蓝纹奶酪的香菜包
酿,U+917F,1,cjk,d_egg_ev05_03#0,骑士：用法一旦错了，就会酿成大祸！
醋,U+918B,1,cjk,ev_thu_cl78#0,卡特莉·伊奈：不吃醋也没关系哟
钉,U+9489,1,cjk,d_dung_1002#1,迷宫研究员：要是斩钉截铁说做错了就好了
铂,U+94C2,1,cjk,ev_solo_egg17#2,鸣门先枕和铂金钻石饰品呢呀
铠,U+94E0,1,cjk,ev_solo_atashi56#1,穿上「卡特莉行星传说铠甲」
银,U+94F6,1,cjk,ev_gen_no516#1,银兵酱的体臭问题可真让人头
铺,U+94FA,1,cjk,f_ear_01#2,已经铺开了的说！
销,U+9500,1,cjk,menu_dic_32#0,参加动机：因为有电话推销！
锄,U+9504,1,cjk,menu_dic_22#3,擅长：锄头倒是拿过
锐,U+9510,1,cjk,f_wed_20#1,还挺敏锐的嘛！
锗,U+9517,1,cjk,eg_le_kegg_vo3#2,艾格曼王：脱氧核糖瑞士虫锗光————束！
镇,U+9547,1,cjk,eg_tg_flya_ms23#0,欧米茄飞手：欧米茄飞手的镇静弹。
闘,U+95D8,1,cjk,eg_pw_isgn_vo2,况：这就是摔角手小军的喜闘逆水平——。。
阎,U+960E,1,cjk,eg_tg_mhel_vo31#0,播报：阎魔大力披上了。终于超决了
阪,U+962A,1,cjk,ev_january27#0,惠比寿：来大阪的时候，务必。
陋,U+964B,1,cjk,eg_bo_boil_vo33#0,四次元煮蛋：为了进化，丑陋的姿要睡去！
隶,U+96B6,1,cjk,menu_field_main_unit,隶属于此！
雍,U+96CD,1,cjk,ev_ending141#2,鱼子和河豚全餐再加堂培里雍
霞,U+971E,1,cjk,ev_march11#0,卡特莉·伊奈：望着红色晚霞，在挤得要死
霸,U+9738,1,cjk,ev_thu_bs11#1,却感觉不到霸气哪！
韧,U+97E7,1,cjk,menu_dic_eg_pw_nymp#1,人激迷住的商气宁芙！他柔韧的唤
韭,U+97ED,1,cjk,ev_solo_atashi18#1,韭菜大蒜鸡蛋拌鲜奶油哟呀
颈,U+9888,1,cjk,ev_thu_cl37#2,可是解析遇到了瓶颈！
飓,U+98D3,1,cjk,menu_trump014#0,唤来飓风，
飙,U+98D9,1,cjk,ev_gho_cl_a47#1,一个劲往上飙啊。
饲,U+9972,1,cjk,trump_invin_tk,吃了力量饲料，今天也精神。
饴,U+9974,1,cjk,menu_dic_570#6,兴趣特技：千岁饴！
饵,U+9975,1,cjk,general_11_w#0,再怎么逃也是】的饵食啊
饺,U+997A,1,cjk,menu_dic_eg_du_nink#0,拉面、意面、饺子、白馒头！
驯,U+9A6F,1,cjk,dg_common_tekken32,勇：那只驯鹿
骆,U+9A86,1,cjk,dg_common_tekken14,勇：骑着骆驼
鬃,U+9B03,1,cjk,menu_dic_eg_du_jido#1,了不被班上的朋友小看，竖鬃总是带回家！
鱿,U+9C7F,1,cjk,ev_spring8#1,去鱿鱼之星呀
鲽,U+9CBD,1,cjk,eg_cl_hade_vo22,派手斯：核恼的鲽，让开。
鳄,U+9CC4,1,cjk,menu_dic_eg_we_same#0,像把天使吞雄了的鳄鱼、荒使的鲨鱼那样，
鸯,U+9E2F,1,cjk,menu_dic_eg_cl_matu#0,心意相通、一辈子相伴的鸳鸯夫妇！
鸳,U+9E33,1,cjk,menu_dic_eg_cl_matu#0,能心意相通、一辈子相伴的鸳鸯夫妇！
鹌,U+9E4C,1,cjk,menu_trump032#0,变得像鹌鹑一样小！
鹑,U+9E51,1,cjk,menu_trump032#0,变得像鹌鹑一样小！
鹰,U+9E70,1,cjk,ev_solo_atashi47#2,印尼菜加甜点鹰呢呀
鹿,U+9E7F,1,cjk,dg_common_tekken32,勇：那只驯鹿
鼬,U+9F2C,1,cjk,ev_thu_st34,以前镰鼬。。
龄,U+9F84,1,cjk,ev_mini_sun04#1,Dead Gun保龄。
龇,U+9F87,1,cjk,eg_pw_kimr_vo2#0,奇美拉王：不打吗不龇牙吗
龟,U+9F9F,1,cjk,menu_dic_eg_le_denb#0,明明是乌龟，却会挠谁恋物癖的今家伙
%,U+0025,2,punct,ev_fri_bs15#1,进度才53%就是了,ev_gho_bs23#0,艾格妈妈：已经有50%的数据
",",U+002C,2,punct,ev_gen_no542,"：Pekitorames, family rest"
?,U+003F,2,punct,eg_cv_alec_vo32#0,ay my friend?,eg_cv_alec_vo33#2,nited States?
Q,U+0051,2,ascii,ev_solo_uematsu2#1,是DQ的作曲的人。,ev_c_call24a#0,惠比寿：今后，DQ、FF也
X,U+0058,2,ascii,menu_dic_418#1,X-2,ev_fri_st32#1,我想把最终幻想X-3里瓦卡的兜裆布
Z,U+005A,2,ascii,ev_solo_uematsu15#8, A RAP 4 BOYZ,ev_solo_uematsu15a#8, A RAP 4 BOYZ
『,U+300E,2,punct,ev_mon_cl37,等不及的话，请去买足立『定梦复费降3D妹妹』。,ev_thu_pre02#0,被腰斩的游戏『映像勇』把这个带过来了！
』,U+300F,2,punct,ev_mon_cl37,足立『定梦复费降3D妹妹』。,ev_thu_pre02#0,被腰斩的游戏『映像勇』把这个带过来了！
丼,U+4E3C,2,cjk,ev_ending130c,雅：牛、有牛丼吗？,ev_solo_egg13#0,鳗鱼套餐和天妇罗套餐和牛丼套餐和
亿,U+4EBF,2,cjk,eg_le_baha_ms3,哈穆乔：爸爸穆乔放出了十亿核爆。,eg_le_baha_ms31,哈穆乔：爸爸穆乔放出了十亿核爆。
仍,U+4ECD,2,cjk,ev_gho_cl_a126#0,蒂安：虽说七人到齐，前途仍是未知！,d_egg_ev01_02#2,仍与现世相连！
伍,U+4F0D,2,cjk,menu_dic_eg_cv_wood#0,定妆况的马里伍德球,d_dung_0282#0,有不说话就扑上来的队伍吧！
伎,U+4F0E,2,cjk,menu_dic_259#0,参加动机：为了传播歌舞伎,menu_dic_259#6,兴趣特技：歌舞伎之街也
伽,U+4F3D,2,cjk,d_dung_0071#0,吉尔伽美什：抱歉啊,d_dung_0072#0,吉尔伽美什：能走到这里，好！
供,U+4F9B,2,cjk,ev_gho_bs25#1,会高兴地提供数据的吧？,ev_ear_bs06#1,会高兴地提供数据的吧？
侬,U+4FAC,2,cjk,ev_end_pre19#2,排和极上西冷，再来唐培里侬呀,ev_march9#2,和燕窝，还有鱼翅和唐培里侬呀
促,U+4FC3,2,cjk,eg_ms_drgf_ms21#1,兴奋被促进，攻击上升了。。,eg_ms_drgf_ms22#1,兴奋被促进，攻击上升了。。
俏,U+4FCF,2,cjk,eg_du_rapp_ms12#0,说唱歌手：对无聊的俏皮话,eg_du_rapp_ms121#0,说唱歌手：对无聊的俏皮话
俗,U+4FD7,2,cjk,ev_february35#2,听说有这种习俗哪！,ev_march38#2,听说有这种习俗哪！
偿,U+507F,2,cjk,general_21_w,斗下去吧，直到如今眼睛能偿还的那待！,ev_c_call24#0,惠比寿：谢谢。宿愿得偿，半熟里
催,U+50AC,2,cjk,d_egg_ev02_06#1,那种意志，才会再催生出坚强的意志！,d_egg_ev04_06#0,粉红艾格曼：那份爱会催生新的生命
兆,U+5146,2,cjk,eg_pw_roll_at2,兆吨压制,d_dung_0705#1,前兆吗！
共,U+5171,2,cjk,f_sun_25#2,您令指挥的全员，共2队的说！,eg_cl_judo_w,柔道家：拳头是万国共通的
冈,U+5188,2,cjk,eg_le_oden_at2,冈尼尔,eg_bo_atom_vo35,沃尔夫冈豹二世再见。
冠,U+51A0,2,cjk,eg_cv_megg_ms1,械艾格曼：机械艾格曼把鸡冠飞出去了。,eg_du_dady_l,爹地：把这个情给你冠军腰带。
凳,U+51F3,2,cjk,ev_solo_disappear23#1,究竟还要当多久板凳，,ev_solo_disappear23a#1,究竟还要当多久板凳，
削,U+524A,2,cjk,menu_dic_eg_le_ares#1,苹果备一根削、逃上的假发削都配上，
劣,U+52A3,2,cjk,ev_tue_st86,卡特莉·伊奈：多么卑劣的家伙啊。,f_tue_20,弗莱迪：多么恶劣的组织啊！
匹,U+5339,2,cjk,menu_dic_29#0,参加动机：一匹狼什么的,menu_dic_eg_cl_otam#1,才能看见、宇宙人族的一匹蝌蚪！
厕,U+5395,2,cjk,ev_thu_st35,厕所里花子小姐。。。,eg_cv_bari_vo1#0,巴里佐贡：小学时，在厕所和班上孩子比谁尿得远的
吽,U+543D,2,cjk,eg_we_kinu_at3,阿吽！,eg_we_kinu_r2#1,新招·阿吽！记住了。。
咙,U+5499,2,cjk,eg_cl_otya_ms33,饭：大叔泡饭把汤汁卡在喉咙里，能力下降。,eg_we_momo_l,斯：莫莫里斯把这次卡在喉咙里了！
咧,U+54A7,2,cjk,eg_ev_151_w,停恩：停恩看起来在咧着上笑！,eg_ev_gera_d,盖拉斯：盖拉斯咧出不怀的上。
哝,U+54DD,2,cjk,okunote_coming_tk#1,（咕哝咕哝）的说！
喀,U+5580,2,cjk,eg_pw_moon_vo31#0,月光肌肉：月光肌肉嗯姆喀啊啊啊。。,eg_pw_full_vo31#0,全肌肉：嗯姆喀啊啊啊。。
喏,U+558F,2,cjk,eg_le_oden_vo2,奥炖：喏，喏！舒服吧？
嘀,U+5600,2,cjk,menu_dic_eg_ev_deat#2,为了不忘，定期嘀咕着「尼埃本诺」！,ev_fri_st22#0,马蒂斯：可是，在这儿嘀咕
嘘,U+5618,2,cjk,ev_tue_st80y,雅：嘘。,ev_thu_cl55#0,塞巴斯蒂安：（嘘。
噼,U+567C,2,cjk,eg_ms_drgt_vo31,龙？不：不许舔——。噼。啪。噼。
嚣,U+56A3,2,cjk,ev_fri_cl65,马蒂斯：真嚣张啊，你。,general_04_w,好嚣张的终将小家伙！
囱,U+56F1,2,cjk,eg_cv_yata_ms1,屋台达：从屋台达的烟囱里，中逃的殿】被引出来了,eg_cv_yata_vo1,屋台达：屋台达。烟囱加农。
址,U+5740,2,cjk,eg_bo_boil_at3_kata_14#1,这份地址也打算给一真吗。,eg_bo_boil_at3_kata_8#1,绘美居然把地址教出去！
均,U+5747,2,cjk,ev_mon_cl15#2,胸围可比日本平均深多了。,eg_bo_emtp_vo13#1,人类的平均值！
坛,U+575B,2,cjk,dg_tutorial04_2#0,丹·琼斯：这就是「坛子」！,dg_tutorial_always05#0,被俘者：从坛子和宝箱，或者和对方战斗
垂,U+5782,2,cjk,eg_ev_cand_d,蜡滴：蜡软塌塌地垂下来。,eg_bo_natu_vo1_2#0,夏子：这把次元刃，下垂的胸部也能
堆,U+5806,2,cjk,ev_october2#1,就把秋味食材超买了一堆呀,eg_bo_fuyu_w_y#1,俺家够不着的事，写了一堆4！
堵,U+5835,2,cjk,eg_cl_106_ms1#0,创可贴：创可贴把占堵住了！,eg_cl_106_ms11#0,创可贴：创可贴把占堵住了！
増,U+5897,2,cjk,eg_du_hagu_ms31,走散章鱼小孩：整包増过来了。,eg_du_hagu_vo31,走散章鱼小孩：整包増来了波罗！
壶,U+58F6,2,cjk,ev_solo_inu14#0,卡特莉·伊努：开水用壶里的就行！,ev_mini_mon03#1,鸡肉冰壶。
奸,U+5978,2,cjk,general_40_l,奸笑！,general_40_w,奸笑！
妃,U+5983,2,cjk,ev_tue_st43#1,我可是卡特莉惑星第一王妃候补。,d_egg_ev04_03#2,王妃为那种规矩心痛着！
委,U+59D4,2,cjk,menu_monthly_emp_gen#1,向部队委托招募部队！,ev_gen_no540#4,兼职监督的委托和调试企划
娇,U+5A07,2,cjk,eg_du_frns_ms3,索瓦兹：世星号逃长地撒起娇来！,general_13_l,散发爱娇好累啊！
娶,U+5A36,2,cjk,ev_mon_bs21#0,浪漫女王：无数男人前来求娶,ev_mon_st34#2,想用武力迎娶，大家都这么想。
婴,U+5A74,2,cjk,menu_dic_eg_du_belz#0,要变成部下大星恶魔的真感婴儿！,menu_dic_eg_ms_fbby#1,靠着叫，一边对自己比别的婴儿
婿,U+5A7F,2,cjk,ev_gho_int_b14#1,本4的女婿、四次元之子,ev_gho_int_b27#0,四次元人：愚蠢女婿之子的了结
嫩,U+5AE9,2,cjk,eg_pk_meds_w,美杜莎：嫩呢！硬成这样了繰,eg_du_sand_l#1,还是太嫩了吗，咕呼。
孤,U+5B64,2,cjk,menu_battle_help_mes4,孤注一掷的「杀手锏」攻击！,menu_dic_eg_du_hagu#0,从谁那儿走散、孤零零的章鱼小孩！
宗,U+5B97,2,cjk,eg_le_excv_at2,正宗一下,eg_le_excv_vo2,石中剑：正——————宗——。。
官,U+5B98,2,cjk,eg_we_moza_at2,指挥官装,eg_we_moza_vo21#1,指挥官装。
宴,U+5BB4,2,cjk,ev_solo_uematsu15#19,庆功宴,ev_solo_uematsu15a#19,庆功宴
宵,U+5BB5,2,cjk,ev_solo_inu43#1,通宵了，穷得超惨啊！,eg_bo_yonda04_04,通宵两人打游戏 回过神已在你
宽,U+5BBD,2,cjk,d_dung_0399#0,若您有宽广的心,d_wed_0008#2,那份罪也会被宽恕吧！
富,U+5BCC,2,cjk,menu_dic_42#3,擅长：智力很丰富！,menu_dic_eg_du_sand#2,兴趣是当场，所以变化很丰富！
寐,U+5BD0,2,cjk,ev_solo_caution14#8,假寐的伊奈,d_dung_0762#3,这场战斗，正是我梦寐以求的
寸,U+5BF8,2,cjk,menu_dic_eg_ev_rabi#2,的役连上，也有「知道点分寸」的敌！,d_dung_0113#1,开玩笑也要有分寸的啦！
屈,U+5C48,2,cjk,ev_tue_st78#1,屈指可数的发明家！,ev_gho_int_c41#1,无论对手是什么都不能屈服。
帘,U+5E18,2,cjk,menu_dic_65#0,参加动机：招聘映入眼帘,eg_ev_dvwm_ms3,恶魔女：呜哦哦哦想看帘子里面。。
帜,U+5E1C,2,cjk,f_sun_17_2#1,在这处据点立起旗帜,f_sun_17_6#0,塞巴斯蒂安：旗帜一立，红线就从阿尔玛之月
建,U+5EFA,2,cjk,menu_dic_163#6,兴趣特技：要建设星球的话,menu_dic_eg_du_sand#0,对建起来的东西不太感兴趣的沙
循,U+5FAA,2,cjk,menu_mission_thu01a#0,用蛇的循环,menu_mission_thu03a#0,用蛇的循环
怅,U+6005,2,cjk,eg_we_srma_ms1,一股惆怅袭向了流浪曼波。。,eg_we_srma_ms11,一股惆怅袭向了流浪曼波。。
恳,U+6073,2,cjk,ev_sun_st26#2,恳请您了的说。,ev_wed_bs_sebath#0,塞巴斯蒂安：如此恳切地等候我们
悉,U+6089,2,cjk,ev_c_call37#0,塞巴斯蒂安：以及，熟悉的我们的英雄。,d_dung_0006#0,悉尼：加入同伴！
悩,U+60A9,2,cjk,menu_dic_eg_pk_amaz#0,把那悩的容貌变成以前的临繰、连,eg_le_koro_at2,出悩
惆,U+60C6,2,cjk,eg_we_srma_ms1,一股惆怅袭向了流浪曼波。。,eg_we_srma_ms11,一股惆怅袭向了流浪曼波。。
愁,U+6101,2,cjk,d_dung_0093#1,在发愁的啦？,d_dung_0478#1,没法往前，正发愁！
愣,U+6123,2,cjk,eg_du_teng_ms2#1,愣住了！,eg_du_teng_ms21#1,愣住了！
慈,U+6148,2,cjk,ev_solo_disappear28#2,请发发慈悲。。,ev_solo_disappear28a#2,请发发慈悲。。
慕,U+6155,2,cjk,menu_dic_eg_ms_hang#2,却休姿羡慕他赚得好！,ev_sun_st23#2,仰慕的人也没关系！
慰,U+6170,2,cjk,d_dung_0515#1,是这么自我安慰的！,d_dung_0605#1,不安慰也行！
执,U+6267,2,cjk,ev_ending61,马蒂斯：接下来再更像点执事就好了。,d_dung_0328#0,尔玛之月将军：为什么这么执着地搭话！
折,U+6298,2,cjk,ev_ear_st37#0,弗莱迪：唉，再折腾也没用！,eg_ms_unic_l,角兽：连要冲出去的勇气都折了！
抜,U+629C,2,cjk,eg_du_kero_d,克罗贝罗斯：美容抜卷好的来弹地拉长了。,eg_du_slow_ms2#0,从投解收到的／的敌降力是抜造。
抠,U+62A0,2,cjk,okunote_hero_tk#0,抠抠
抬,U+62AC,2,cjk,menu_dic_205#7,抬头看天就好！,eg_bo_haru_ms31#0,情绪一下子拉满，气势猛地抬起来了。。
拐,U+62D0,2,cjk,eg_we_ciwa_ms1#1,拐弯太急，撞上去了。,eg_we_ciwa_ms11#1,拐弯太急，撞上去了。
拣,U+62E3,2,cjk,eg_ms_popi_at3,赤分拣,eg_ms_popi_r2#1,新招·赤分拣记住了。。
挚,U+631A,2,cjk,menu_dic_56#1,挚友！,d_dung_0050,凯恩：在等挚友！
挣,U+6323,2,cjk,eg_du_hega_ms22,赫加斯三姐妹：挣扎着享受了。,eg_du_hega_ms221,赫加斯三姐妹：挣扎着享受了。
掀,U+6380,2,cjk,menu_dic_eg_du_taim#0,泰坦若是掀起地震的地之神，,eg_cv_pwra_vo21#1,就用这家伙把世界掀翻——。。
掐,U+6390,2,cjk,eg_ev_smok_ms1#1,当被掐了也不知道。,eg_ev_smok_ms11#1,当被掐了也不知道。
掘,U+6398,2,cjk,menu_dic_eg_pw_mggm#2,开分掘藏的魅力反不低，魔坏很硬,eg_du_mggm_w#0,鼹鼠降：开食只要有这掘藏在。
描,U+63CF,2,cjk,d_trump_full3#0,本想入手英雄素描本,dg_common_tekken95#1,勇：入手了素描本！
揺,U+63FA,2,cjk,menu_dic_eg_we_brav#1,儿和青梅竹马的心（9岁）揺喜，终于落入食！,menu_dic_eg_we_same#2,其实，是拥有周负一撤揺捕怖地收之客的、初当使！
搬,U+642C,2,cjk,menu_dic_eg_du_tcry#0,蛋世界第一的、蛋、搬运事！,menu_dic_eg_du_tcry#1,搬运事的难所是，少负着也像
摊,U+644A,2,cjk,menu_trump122#1,摊在沙发上,eg_we_moza_vo31#0,人：造到这份上，就把一切摊开来！
攒,U+6512,2,cjk,ev_sun_st31#1,为了攒力量，拿着对3D的片酬,dg_tutorial_always08#1,还不能说已经攒够了
敏,U+654F,2,cjk,f_wed_20#1,还挺敏锐的嘛！,eg_du_frkn_debug#5,美敏语音
旧,U+65E7,2,cjk,ev_january11#1,旧年那些这样那样也忘掉,dg_common_tekken43,勇：够旧的！
晒,U+6652,2,cjk,eg_bo_yonda02_07,呐 晒伤是烫伤吗？ 这颗心也起,eg_bo_yonda02_08,呐 晒伤是烫伤吗？ 这颗心也起
暖,U+6696,2,cjk,boss_huyu_actmenu#2,暖风机,eg_bo_fuyu_at3,暖风机
朵,U+6735,2,cjk,menu_trump136#2,把耳朵借给他呢？,ev_fri_cl18#2,从耳朵冒烟俺可不管。
朽,U+673D,2,cjk,menu_dic_eg_cl_siro#2,相当老朽了，可还在现役！,eg_cv_pwra_l#1,去叹无力、朽掉吧。
杉,U+6749,2,cjk,eg_du_frkn_debug#7,上杉语音,ev_gen_no501,杉蒙德：什么。？
枫,U+67AB,2,cjk,gameover_h07#1,○负备O终的第一组枫叶卸,gameover_h12#0,我殿：直到拿到传说的枫叶卸（所开优）
柿,U+67FF,2,cjk,ev_october3#0,卡特莉·伊奈：松茸和柿子和松茸和栗子和,eg_bo_yonda03_03,松茸柿子栗子饭 肥油秋刀鱼配萝
株,U+682A,2,cjk,eg_ms_mand_at3,分株,eg_ms_mand_r2#1,新招·分株记住了。。
栽,U+683D,2,cjk,ev_gho_cl_a28#1,怎么可能栽在那种莫名其妙的家伙,ev_solo_ken20#0,这下栽了。那么，怎么样？
框,U+6846,2,cjk,menu_dic_eg_cl_piku#1,从画框里蹦出来了！,ev_solo_ken37#1,就当特别框！
桥,U+6865,2,cjk,menu_dic_34#0,参加动机：想在立交桥上,d_dung_1004#35,助手：成为通向和平世界的桥梁！
梭,U+68AD,2,cjk,menu_dic_306#6,兴趣特技：梭子鱼部队,ev_october3#2,松茸和鲑鱼和松茸和梭鱼都买来了呀
棋,U+68CB,2,cjk,menu_dic_103#6,兴趣特技：因为下围棋,ev_gen_no507,抹茶海苔：经常停在飞行棋那种回到起点的格子！
椒,U+6912,2,cjk,menu_dic_300#6,兴趣特技：鞋子里放辣椒,test_movie_player#43,持是和哈瓦那辣椒
椙,U+6919,2,cjk,ev_solo_uematsu4#0,植松伸夫：那是椙山浩一作曲哦！,ev_solo_uematsu4#1,半熟的第2作，也是椙山作曲
槟,U+69DF,2,cjk,test_gameover22#2,大鲔和鲑鱼籽和大鲔和香槟呀,ev_sun_st32#2,大腹和鲑鱼籽和大腹和香槟
欠,U+6B20,2,cjk,sysmes_sound_list#27,哈欠,d_tue_0001#0,卡姆拉纳特：必须把欠下的债还清！
汹,U+6C79,2,cjk,d_dung_0142#0,华人：哎呀——！来势汹汹的珠部隐喻呢！
汽,U+6C7D,2,cjk,eg_pk_skyp_at1,凝固汽油弹】,eg_pk_skyp_ms1,天空公主：天空公主把凝固汽油弹如字一般改了出去。
沾,U+6CBE,2,cjk,eg_le_szak_d,苏扎克：巨大的身体上沾了伤。,eg_bo_fuyu_vo3_1#1,啧啧，俺家连缘分都没沾上4！
泣,U+6CE3,2,cjk,eg_pk_mini_d,最小人：最小人靠着在抽泣！,eg_ms_mand_l,曼德拉草：抽泣！
泥,U+6CE5,2,cjk,ev_february4#1,姜泥再加鲣鱼拍打,eg_bo_yonda03_03,栗子饭 肥油秋刀鱼配萝卜泥
洪,U+6D2A,2,cjk,ev_wed_cl14#1,引发地壳变动，被洪水军势袭击之时哪！,ev_wed_cl15#1,指出了从洪水中逃脱之地！
涮,U+6DAE,2,cjk,eg_du_ifrt_at1,消怪涮,eg_du_ifrt_vo1,伊夫里顿：猪涮。
涵,U+6DB5,2,cjk,ev_gen_no539#4,工作中没喝所以请多包涵！,ev_gen_no539#10,像发牢骚，没醉所以请多包涵！
淌,U+6DCC,2,cjk,eg_cl_eggm_ms1,艾格曼：把当状淌下来了！,eg_cl_eggm_ms11,艾格曼：把当状淌下来了！
淤,U+6DE4,2,cjk,mon_f05,坏光的淤滞,dg_telop_mon,——坏光的淤滞——
渗,U+6E17,2,cjk,eg_ms_omed_vo1,恭喜鸟：橘子汁渗进眼睛了,ev_spring56,啊啊机油渗进各零件呀
澄,U+6F84,2,cjk,ev_wed_st03#0,弗莱迪：大气澄得过头了啊！,d_wed_0024#1,让心变得澄明
炉,U+7089,2,cjk,eg_du_rapp_vo33#1,惑新进败以备终微波炉所以,eg_bo_boil_at3_kata_10,啊，差不多该把蛋放进微波炉了！
熔,U+7194,2,cjk,gameover_all13#1,给我熔毁掉。,gameover_all24a#2,开始了熔毁！
牢,U+7262,2,cjk,ev_gen_no539#10,噢呀噢呀：这话像发牢骚，没醉所以请多包涵！,d_wed_0019#1,是妖精逃生用的水中牢笼，也！
牵,U+7275,2,cjk,menu_mission_fri06#1,牵着走，,eg_bo_yonda03_04,恋人们手牵着手 在原宿一带约会
狭,U+72ED,2,cjk,eg_du_taim_vo3,泰曼：世上狭小哦。居然有这么强的家伙,ev_march11#1,的狭小船舱里两人依偎！
狮,U+72EE,2,cjk,eg_pw_kimr_vo1#1,山羊狮子蛇,dg_common_tekken78#0,勇：像马戏团的狮子那样
猎,U+730E,2,cjk,menu_dic_201#7,猎帅哥。,d_dung_0002#1,就叫寻宝猎人！
玫,U+73AB,2,cjk,ev_fri_cl28#0,卡特莉·伊奈：危险的玫瑰是有刺的！,ev_solo_uematsu17#1,玫瑰绽放的大地在歌唱
珀,U+73C0,2,cjk,d_dung_0040#0,珀尔修斯：哎呀,d_dung_0040#3,珀尔修斯：当同伴门儿都没有
瑰,U+7470,2,cjk,ev_fri_cl28#0,卡特莉·伊奈：危险的玫瑰是有刺的！,ev_solo_uematsu17#1,玫瑰绽放的大地在歌唱
疙,U+7599,2,cjk,eg_pw_isgn_ms3#0,葵杰克：的心真正起了鸡皮疙瘩。,eg_pw_isgn_ms31#0,葵杰克：的心真正起了鸡皮疙瘩。
瘦,U+7626,2,cjk,menu_dic_208#6,兴趣特技：瘦下来,menu_dic_311#1,会瘦吧！
瘩,U+7629,2,cjk,eg_pw_isgn_ms3#0,杰克：的心真正起了鸡皮疙瘩。,eg_pw_isgn_ms31#0,杰克：的心真正起了鸡皮疙瘩。
瘴,U+7634,2,cjk,thu_f02,瘴之优先1,thu_f04,瘴之优先2
皇,U+7687,2,cjk,ev_sun_st41e#1,不，该叫阿尔玛之月皇后了吗？,ev_tue_int03#1,粉底变成皇家奶茶色了哦？
盐,U+76D0,2,cjk,ev_end_pre19#0,奈：先来特上牛小排和上舌盐，还有,ev_solo_inu24,卡特莉·伊努：盐是！
监,U+76D1,2,cjk,ev_gen_no540#4,兼职监督的委托和调试企划,d_wed_0007#1,我们在监视！
盼,U+76FC,2,cjk,eg_we_teru_ms11#0,晴天体马：盼着远足的真昼酱,ev_c_call69#2,盼望着。那么，到那天为止。
瞒,U+7792,2,cjk,d_dung_0191_3#1,可瞒不过老夫的蛋怪可没有！,d_wed_0045#1,若瞒着不说，大家都会被带走！
矜,U+77DC,2,cjk,menu_dic_eg_du_hega#1,每天出手，秀出择的踊矜持！,eg_du_hega_at2,择的踊矜持
硫,U+786B,2,cjk,ev_solo_egg17#1,鲭鱼香水和硫磺会场的连和,ev_spring75#0,败给硫黄气味的偷窥陷阱的一所
碳,U+78B3,2,cjk,eg_bo_fuyu_ms31,冬子：被碳气扑上来了。。,eg_bo_fuyu_ms31_b,冬子：被碳气扑上来了。。
祈,U+7948,2,cjk,eg_ms_eggb_vo3#0,脉之中啾1800的力量，祈求啾。,ev_solo_uematsu19#2,祈祷，在被赐予的预言之下
票,U+7968,2,cjk,menu_dic_188#6,兴趣特技：五位数彩票,menu_dic_eg_cl_otya#2,一年半前开始买的彩票，好像老中不了！
穗,U+7A57,2,cjk,d_dung_0563#2,金牌美穗酱不是吗。,d_dung_0566,金牌美穗酱和门钥匙交换了！
窍,U+7A8D,2,cjk,menu_dic_eg_du_ifrt#2,怪火、去烤，才是料理的诀窍！,dg_tutorial02#12,在迷宫里活下去的窍门！
籽,U+7C7D,2,cjk,test_gameover22#2,大鲔和鲑鱼籽和大鲔和香槟呀,ev_sun_st32#2,大腹和鲑鱼籽和大腹和香槟
粒,U+7C92,2,cjk,ev_thu_st33,我体内的线粒体。,trump_uzura_ms,变得像豆粒一样小！
纽,U+7EBD,2,cjk,eg_le_177_vo2,蛋土箱：噗噗噗纽喵！,ev_gen_no503,纽奥格隆：客气间间间萨波西
绊,U+7ECA,2,cjk,d_dung_0428#1,绊住脚，这份工作。,d_dung_0711#2,绊住可能坏大事的你们的脚，
绍,U+7ECD,2,cjk,ev_c_call9#0,塞巴斯蒂安：那么，为您介绍,ev_gen_no540#2,秀基：那就，自我介绍！
绑,U+7ED1,2,cjk,menu_dic_eg_cl_nalt#1,说曾经被那宇宙的小池星人绑走过，还反击了，,eg_ev_jjdv_d#1,都绑不住运动服恶魔！
绪,U+7EEA,2,cjk,ev_gho_prepre07#1,也毫无头绪的家伙啊。,eg_bo_haru_ms31#0,春子：春子的情绪一下子拉满，气势猛地抬起
绳,U+7EF3,2,cjk,ev_solo_settlement20#0,安：下个月得稍微勒紧钱包绳子,ev_solo_settlement20a#0,安：下个月得稍微勒紧钱包绳子
缓,U+7F13,2,cjk,menu_dic_eg_du_slow#1,用颠覆马之常识的缓慢攻击讨人！,eg_tg_flya_ms25#0,欧米茄飞手：欧米茄飞手的缓慢弹。
罩,U+7F69,2,cjk,ev_plo_test#13,从笼罩三维世界的危机里承受大伤,general_112_w,啊，胸罩歪了！
翔,U+7FD4,2,cjk,d_dung_0027#1,以后要在那片天空里自由飞翔！,d_dung_0759#2,带着在天空自由飞翔的珠，最强的怪物！
翩,U+7FE9,2,cjk,f_mon_29,梅尔克里：气高清雅、翩然降临之姬，与持蛋者相类,f_mon_34#0,梅尔克里：气高清雅、翩然降临之姬，与持蛋者相类
耸,U+8038,2,cjk,menu_dic_eg_du_wall#1,天分泌肾上腺素，硬邦邦地耸立！,eg_du_wall_ms31#1,硬邦邦地耸立起来。。
肽,U+80BD,2,cjk,eg_pw_bari_ms1#1,内啡肽分泌了，攻击上升了。。,eg_pw_bari_ms12#1,内啡肽分泌了，攻击上升了。。
肾,U+80BE,2,cjk,menu_dic_eg_du_wall#1,每天分泌肾上腺素，硬邦邦地耸立！,eg_du_wall_ms31#0,墙人：分泌肾上腺素
肿,U+80BF,2,cjk,eg_pk_meds_ms1,美杜莎的脸蛋肿起来了。,eg_pk_meds_ms11,美杜莎的脸蛋肿起来了。
脉,U+8109,2,cjk,ev_fri_st05#0,梅尔克里：感觉不到大地的脉动！,eg_ms_eggb_vo3#0,艾格宝宝：血脉之中啾1800的力量，祈
腺,U+817A,2,cjk,menu_dic_eg_du_wall#1,每天分泌肾上腺素，硬邦邦地耸立！,eg_du_wall_ms31#0,墙人：分泌肾上腺素
膊,U+818A,2,cjk,eg_ev_zomb_vo1#1,胳膊！,eg_ev_zomb_vo12,僵尸：胳膊！
膏,U+818F,2,cjk,eg_pk_ripn_vo2,唇骑士：哈，红唇膏才是战场力哦,dg_common_tekken44,勇：睫毛膏
膜,U+819C,2,cjk,ev_end_pre19#1,里脊和特上牛小排和上横膈膜，还有,ev_solo_atashi46#1,读面膜和蜂王浆按摩
芝,U+829D,2,cjk,eg_we_cali_at1,芝麻,eg_we_cali_d,州卷：正在拼命捡掉下来的芝麻！
芽,U+82BD,2,cjk,dg_common_tekken30,勇：豆芽中华还,dg_common_tekken31,勇：豆芽种吗？
苍,U+82CD,2,cjk,menu_dic_eg_ms_drgf#1,进而连苍蝇也忘了，自以为是鯱鉾！,eg_du_belz_d#1,苍蝇和蛆虫在哄着！
苔,U+82D4,2,cjk,eg_du_hagu_d,走散章鱼小孩：体上的赤海苔也飞进去了。,ev_gen_no507,抹茶海苔：经常停在飞行棋那种回到
荆,U+8346,2,cjk,menu_mission_mon04b#0,攻陷从荆棘中出现的,eg_we_pppm_at1,荆棘鞭
荷,U+8377,2,cjk,menu_mission_fri05#1,负荷，,f_fri_50#1,过剩的负荷导致短路了。
莓,U+8393,2,cjk,ev_solo_egg15#1,草莓短蛋糕和明逃布丁和千层和,eg_bo_yonda01_05,草莓白皮书哪怕再一次 连海也
莽,U+83BD,2,cjk,gameover_all21#1,不可鲁莽。,ev_colosseum97#0,女主播：以鲁莽为傲的小池星人做出的
菌,U+83CC,2,cjk,ev_thu_cl20#1,某位科学者用生物技术把细菌兵器,ev_thu_cl41#2,细菌兵器的开发者！
菠,U+83E0,2,cjk,f_sun_33#1,就像钻进鼻子里的菠萝一样,general_11_w#1,话说，这不是菠萝吗？
葬,U+846C,2,cjk,eg_ms_170_ms3,之三：这种程度都能轻易埋葬，是相当强大的武器。,eg_ms_eggb_w#1,又埋葬了一个啾——。。
葱,U+8471,2,cjk,ev_solo_atashi11#0,卡特莉·伊奈：洋葱呛到眼睛也没关系呀,ev_solo_inu25#0,卡特莉·伊努：葱，然后是什么来着？
蔷,U+8537,2,cjk,planet_01_help#1,蔷薇之金所协的星,general_18_w,这胜利，献给蔷薇与古改间。
薄,U+8584,2,cjk,menu_trump025#0,用薄片力量,trump_gekiryu_ms,用薄片力量敲起了风。
薇,U+8587,2,cjk,planet_01_help#1,蔷薇之金所协的星,general_18_w,这胜利，献给蔷薇与古改间。
藤,U+85E4,2,cjk,ev_colosseum30#1,先生，把佐藤先生地狱,ev_gen_no541#0,伊藤贤：浪漫沙加 吟游诗人之
蚓,U+8693,2,cjk,d_dung_0429#1,蚯蚓！,d_dung_0433#0,人：你们快死的时候也吃蚯蚓吧！
蚯,U+86AF,2,cjk,d_dung_0429#1,蚯蚓！,d_dung_0433#0,的人：你们快死的时候也吃蚯蚓吧！
蜇,U+8707,2,cjk,ev_solo_settlement18#0,塞巴斯蒂安：哭丧着脸还挨蜇，不过,ev_solo_settlement18a#0,塞巴斯蒂安：哭丧着脸还挨蜇，不过
蝴,U+8774,2,cjk,menu_dic_eg_cv_atom#2,服装、齐刘海和巨大的蝴蝶结，是状道与商军的兴趣,menu_dic_eg_pk_miju_#0,蝴蝶结很可爱的、欧伊汁的侄
螃,U+8783,2,cjk,ev_gho_int_c10,四次元人：螃蟹也好！,ev_ending82#0,螃蟹也好。
蟹,U+87F9,2,cjk,ev_gho_int_c10,四次元人：螃蟹也好！,ev_ending82#0,螃蟹也好。
裕,U+88D5,2,cjk,ev_gho_cl_c25#1,连余裕都没有啊！,general_49_l,似乎稍微有点余裕！
训,U+8BAD,2,cjk,eg_ev_lvid_ms2#0,卢比德：做了阵训，全部威力上升了。。,d_fri_0011#1,抓住好好教训一顿。
讯,U+8BAF,2,cjk,ev_ending42#0,弗莱迪：而且这通讯是全世界,boss_atom_actmenu#2,来自地球的讯息
访,U+8BBF,2,cjk,dg_boss98_mes#0,？？？？你们再往前探访,d_egg_ev02_07#0,蛋世界大王：我们寻访了各种各样的星
评,U+8BC4,2,cjk,menu_trump093#0,对评价（？）的,ev_sun_st28#1,实在太受好评了
诊,U+8BCA,2,cjk,eg_we_drug_at2,诊察,d_dung_0191_4#2,老夫一并诊断！
谣,U+8C23,2,cjk,ev_gen_no499#3,鲁余：果然是谣言呢。。。,d_sun_0017,喂，听说是谣言
谭,U+8C2D,2,cjk,menu_dic_462#0,来自《放浪冒险谭》的,menu_dic_501#0,来自《放浪冒险谭》的
谷,U+8C37,2,cjk,menu_mission_mon03b#0,谷已经消失了。,f_mon_11#0,塞巴斯蒂安：在意的是那个谷！
赐,U+8D50,2,cjk,ev_solo_uematsu19#2,祈祷，在被赐予的预言之下,d_wed_0014#1,眠姬大人就会赐下圣水！
践,U+8DF5,2,cjk,ev_end_pre04#1,美丽姿容被践踏者的怒火终于爆发。,ev_end_pre12#1,美丽姿容被践踏者的怒火终于爆发。
蹬,U+8E6C,2,cjk,eg_pw_bari_ms2#0,巴里·蟾蜍激烈地蹬，,eg_pw_bari_ms21#0,巴里·蟾蜍激烈地蹬，
辙,U+8F99,2,cjk,d_dung_0493#1,也就是说，我也没辙的啦！,d_dung_0507#1,也就是说，我也没辙的啦！
辟,U+8F9F,2,cjk,f_mon_14_5#6,开辟道路的其他手段也找不到！,f_mon_14_7#1,开辟道路的其他手段也找不到！
迁,U+8FC1,2,cjk,d_dung_0697#1,迁到了这里！,d_dung_0698#1,把妖精迁了过来！
迅,U+8FC5,2,cjk,ev_ear_cl13#1,相关人员请迅速退避。,d_wed_0031#1,便能迅速走上解脱之路
迫,U+8FEB,2,cjk,ev_ear_bs10#1,没法强迫！,eg_bo_emtp_vo35#0,艾格妈妈：TYPE-0：迫不得已！
述,U+8FF0,2,cjk,boss_ata8_que_19#1,内容，也没有形谁力今被复述的占攻！,dg_common_CanWarp_fst#7,当立于吾之名，以吾之名述说
逆,U+9006,2,cjk,eg_pw_isgn_vo2,：这就是摔角手小军的喜闘逆水平——。。,eg_pw_isgn_vo21#1,是用逆水平测力间的呢！
逐,U+9010,2,cjk,menu_dic_234#3,擅长：追逐梦想的,ev_gho_bs41,艾格妈妈：立即驱逐。
逝,U+901D,2,cjk,general_76_w,这胜利，总有一天也会消逝！,gameover_all24c#0,仿佛永恒的时间流逝，
钝,U+949D,2,cjk,menu_trump028#1,动作变得迟钝！,eg_du_zoud_d#1,对痛好像很钝感！
钧,U+94A7,2,cjk,f_fri_59,马蒂斯：千钧一发安全了！,d_egg_ev09_06#1,传说蛋在千钧一发之际
铅,U+94C5,2,cjk,menu_dic_564#4,是铅笔的话！,boss_ata8_que_15,中美合：读铅字就会平静下来？
铎,U+94CE,2,cjk,menu_dic_eg_du_jido#0,拥有吉铎里姆合金身体的、有能人间,eg_du_jido_d,有能战士：吉铎里姆合金的身体连一道伤都
铭,U+94ED,2,cjk,ev_solo_disappear19#1,为座右铭侍奉殿下的人生！,ev_solo_disappear19a#1,为座右铭侍奉殿下的人生！
锏,U+950F,2,cjk,sysmes_battle_command#4,杀手锏,menu_battle_help_mes4,孤注一掷的「杀手锏」攻击！
锣,U+9523,2,cjk,sysmes_sound_list#26,锣,menu_tutorial_mes20a,塞巴斯蒂安：那么，锣响之后战斗就开始的说。
間,U+9593,2,cjk,sysmes_battle_status#11,間,sysmes_battle_status_enemy#11,間
闷,U+95F7,2,cjk,eg_bo_haru_vo1_5,春子：诶嘿哟别闷闷不乐哟春子加油4哟
隙,U+9699,2,cjk,menu_dic_eg_pk_pegg#2,那造气一把抓住人，抓准空隙体谁！,gho_f02,次元的缝隙
障,U+969C,2,cjk,eg_cv_mkai_ms31,妇：机械医生夫妇报告了故障！,d_wed_0022#1,无论怎样的障碍
顽,U+987D,2,cjk,menu_dic_eg_cl_ugok#0,不动如山！总之是头顽固的猴子！,menu_dic_eg_cv_mugo#0,不动如山！总之是头顽固猴子的机械！
颂,U+9882,2,cjk,ev_c_call11#1,称颂友情的4作品,ev_c_call12#1,称颂友情的4作品
频,U+9891,2,cjk,menu_dic_eg_ms_popi#1,波宾科的大流行，这几年却频发了！,gameover_h01#0,斯蒂安：嗯，果然有料成人频道
饱,U+9971,2,cjk,sysmes_sound_list#25,饱嗝,eg_ms_fbby_ms21#1,吃饱了，攻击上升了。。
饷,U+9977,2,cjk,ev_solo_settlement02#1,付给部队的军饷　波奇利,ev_solo_settlement02a#1,付给部队的军饷　波奇利
驭,U+9A6D,2,cjk,menu_dic_eg_le_excv#1,一直在找能驾驭自己的勇体，,menu_dic_eg_le_excv#2,不来用！不，失马！没有驾驭得了的人！
驼,U+9A7C,2,cjk,dg_common_tekken14,勇：骑着骆驼,dg_common_tekken15,勇：乐驼了！
骄,U+9A84,2,cjk,menu_dic_272#4,最大的骄傲！,eg_cl_106_w#1,当成骄傲！
魄,U+9B44,2,cjk,ev_gho_int_a27#0,巴斯蒂安：这是男子汉的气魄的说,ev_c_call28#1,剩下那一半的气魄。
鲭,U+9CAD,2,cjk,ev_october3#1,松茸和回游鲣鱼和松茸和鲭鱼和,ev_solo_egg17#1,鲭鱼香水和硫磺会场的连和
鲷,U+9CB7,2,cjk,eg_du_taim_w,泰曼：鲷的鲷，说的就是这泰曼。
鸭,U+9E2D,2,cjk,ev_ending133,梅尔克里：巢鸭的拔刺地藏在叫吾哪！,ev_march9#1,鱼翅和竹荪和鱼翅和北京鸭和
鸽,U+9E3D,2,cjk,eg_du_teng_ms2#0,小天狗：鸽子一副吃了气勇殿的生,eg_du_teng_ms21#0,小天狗：鸽子一副吃了气勇殿的生
鹫,U+9E6B,2,cjk,dg_common_tekken26,勇：秃鹫在,dg_common_tekken28,勇：秃鹫在
△,U+25B3,3,punct,dg_tutorial01_5#21,要用△！,dg_tutorial04_4#8,要用△！
丸,U+4E38,3,cjk,eg_du_frkn_debug#0,福丸语音,ev_june17#1,那就去丸井。
九,U+4E5D,3,cjk,gameover_pro18#0,长达十九年半的战争结束，,ev_gen_no524#0,北九：军反出场挺有趣！
云,U+4E91,3,cjk,menu_dic_316#6,兴趣特技：天丛云,eg_pw_116_ms1#0,豚悟空：体复出现的筋斗云轰隆轰隆！
伫,U+4F2B,3,cjk,boss_eggboil_actmenu#0,静静伫立,eg_bo_egg_at3,静静伫立
佛,U+4F5B,3,cjk,gameover_all24c#0,仿佛永恒的时间流逝，,ev_mini_fri08#1,仿佛做了什么梦
侄,U+4F84,3,cjk,menu_dic_eg_ev_oiju#0,现在，侄女蛋怪梅汁,menu_dic_eg_ev_oiju#2,写给侄女的土映队中，最近好像也
侦,U+4FA6,3,cjk,menu_tutorial_sun_01#0,塞巴斯蒂安：据侦察情报，,f_sun_01#0,塞巴斯蒂安：据侦察情报，
刨,U+5228,3,cjk,eg_ms_fbby_ms2,宝：霜之宝宝大口吃了高级刨冰。。,eg_ms_fbby_ms22#0,也请人吃了刨冰。
午,U+5348,3,cjk,menu_dic_30#6,兴趣特技：午饭有酸奶,menu_trump122#0,假日午后真想
卑,U+5351,3,cjk,menu_dic_180#4,有点自卑！,ev_tue_st86,卡特莉·伊奈：多么卑劣的家伙啊。
叩,U+53E9,3,cjk,eg_ev_lucu_ms1#0,尔：卢丘费尔少中发生了明叩,eg_ev_lucu_ms11#0,尔：卢丘费尔少中发生了明叩
吟,U+541F,3,cjk,ev_gho_int_c15#1,靠反复吟咏才能感到冲击,ev_gen_no541#0,伊藤贤：浪漫沙加 吟游诗人之歌
咽,U+54BD,3,cjk,eg_du_kure_at1,狼吞虎咽,eg_du_kure_ms1,给我给我：狼吞虎咽地吃了。
售,U+552E,3,cjk,ev_ear_cl50,去年发售了FF十八-2！,ev_ending122#1,从发售等到现在你以为过多久。？
啸,U+5578,3,cjk,eg_we_pppm_ms1,刺刺猪：鞭子呼啸着飞出来。,eg_we_pppm_ms12#0,刺刺猪：鞭子呼啸着飞出来。
善,U+5584,3,cjk,menu_tutorial_mes10#1,妥善完成之后，,ev_sun_st40,旁白：请务必善加利用。
喉,U+5589,3,cjk,eg_cl_otya_ms33,泡饭：大叔泡饭把汤汁卡在喉咙里，能力下降。,eg_we_momo_l,里斯：莫莫里斯把这次卡在喉咙里了！
嘭,U+562D,3,cjk,eg_du_zoud_vo2,象大王：啪哦啪哦——肚子嘭嘭嘭。。
噫,U+566B,3,cjk,eg_du_batg_vo1,人：这明负收下了。打繰了噫——。。,eg_bo_aki_vo3_3,秋子：耶——噫。。
囊,U+56CA,3,cjk,ev_ear_st66#1,把那窝囊的选择给结束掉。,eg_bo_boil_vo81,四次元煮蛋：给尔等变成窝囊废4！
圾,U+573E,3,cjk,menu_dic_34#6,兴趣特技：有垃圾的话,ev_thu_cl13#1,力量都会变成垃圾食品的。
坞,U+575E,3,cjk,ev_tue_st47#1,号称好莱坞金牌的那个？,ev_fri_pre02#2,德·奥马尔，驶入了无人船坞！
垃,U+5783,3,cjk,menu_dic_34#6,兴趣特技：有垃圾的话,ev_thu_cl13#1,力量都会变成垃圾食品的。
垢,U+57A2,3,cjk,eg_ev_gera_ms1,盖拉斯：盖拉斯用积满垢的爪挠了。,eg_ev_gera_ms12#0,盖拉斯：被盖拉斯积满垢的爪挠到，
垫,U+57AB,3,cjk,ev_solo_inu42#1,先垫上行吗？,ev_solo_inu43#2,先垫上？
埃,U+57C3,3,cjk,menu_dic_273#6,兴趣特技：埃克纳部队！,menu_dic_eg_ev_deat#2,为了不忘，定期嘀咕着「尼埃本诺」！
培,U+57F9,3,cjk,ev_ending141#2,和鲑鱼子和河豚全餐再加堂培里雍,ev_end_pre19#2,牛小排和极上西冷，再来唐培里侬呀
塌,U+584C,3,cjk,menu_dic_eg_cl_akem#0,地面坍塌以外的剑术没他出场的份，,eg_ev_cand_d,蜡滴：蜡软塌塌地垂下来。
墨,U+58A8,3,cjk,menu_dic_251#7,赫耳墨斯大人！,eg_cl_hade_vo27,派手斯：这乌贼墨。真乌贼。
壮,U+58EE,3,cjk,menu_monthly_hensei_power#1,尽是些强壮的蛋怪的说！,ev_thu_st06#2,笑着壮胆才是最好的。
奔,U+5954,3,cjk,menu_dic_eg_we_drug#1,为她奔过饮道投世的战士，德拉贡,ev_sun_st71#0,塞巴斯蒂安：亲自奔赴战场，守护国家。
妒,U+5992,3,cjk,menu_dic_eg_du_dkef#2,与其说是怨恨，不如说是嫉妒！,ev_thu_cl78#2,稍微有点嫉妒了吗？
姑,U+59D1,3,cjk,ev_march25#0,卡特莉·伊努：姑且收下！,ev_spring5a,的能力姑且恢复了。
嫉,U+5AC9,3,cjk,menu_dic_eg_du_dkef#2,，与其说是怨恨，不如说是嫉妒！,ev_thu_cl78#2,稍微有点嫉妒了吗？
孵,U+5B75,3,cjk,eg_ms_popi_ms1#0,波宾科：波宾科的蛋一齐孵化了。,eg_ms_popi_ms3ms#0,波宾科：波宾科的蛋偏着孵化了。
尚,U+5C1A,3,cjk,memcard_format_ask#1,尚未格式化！,sysmes_battle_menu#5,尚未配置蛋怪
岩,U+5CA9,3,cjk,eg_pw_rddr_at2,岩浆吐息,eg_pw_rddr_ms2,红龙：岩浆之炎把人吞进去了。
巅,U+5DC5,3,cjk,eg_pw_moon_at3,巅峰塑造,eg_pw_moon_r2#1,新招·巅峰塑造记住了。。
川,U+5DDD,3,cjk,ev_solo_uematsu22#6,4田川,ev_gen_no509#0,川托琳：结婚前真好啊！钱能
庞,U+5E9E,3,cjk,ev_gho_prepre04#1,那庞大的身影，简直像一头鲸。,ev_gho_prepre07#0,弗莱迪：俺那庞大的数据库里
廊,U+5ECA,3,cjk,wed_f03,回廊,wed_f03_help#1,心成回廊的地
弊,U+5F0A,3,cjk,ev_tue_int04#1,将军们也疲弊了！,ev_solo_ken26#1,的是作弊。
征,U+5F81,3,cjk,menu_dic_122#4,一起征服世界。,menu_dic_160#4,征服着世界！
律,U+5F8B,3,cjk,eg_we_srma_at2,？站的旋律,ev_solo_uematsu15#13,战栗的旋律
惩,U+60E9,3,cjk,ev_thu_cl44#2,那是对吾所造成的今日的惩罚，吾做好了觉悟！,eg_du_tmse_vo11#4,透明战队：黑黑惩罚。
扛,U+625B,3,cjk,menu_dic_37#6,兴趣特技：这张脸能扛事,menu_dic_eg_du_elf#1,把村里大家的期待一肩扛上，在人的脸之下战斗！
拆,U+62C6,3,cjk,menu_dic_eg_we_ttya#1,如今从电视映那儿，拆段子的邀约复了！,menu_dic_eg_we_ttya#2,总之从使踊的地方拆起，能撑到何时呢！
拌,U+62CC,3,cjk,ev_march3#1,稍微失手，豆瓣酱和拌海胆,ev_solo_atashi18#1,韭菜大蒜鸡蛋拌鲜奶油哟呀
挪,U+632A,3,cjk,catori_tutorial#5,就能连星球一起挪到各种据点去的说！,eg_pw_nymp_ms123,宁芙把目光挪开了。
挽,U+633D,3,cjk,ev_ending35#0,总统：对你们做了无法挽回的事！,ev_colosseum54#1,环境已恶化到无法挽回的惨状！
掳,U+63B3,3,cjk,menu_trump007#1,掳走一名部队成员！,ev_tue_st81#2,掳走了。
摘,U+6458,3,cjk,menu_dic_eg_pk_yayo#2,——摘自蛋怪婚礼策划人——,ev_mon_cl27#1,戴上又摘下的！
政,U+653F,3,cjk,ev_plo_test#10,作为摄政在说话！,ev_ending32#1,从整备中发生的、军部政变
旺,U+65FA,3,cjk,ev_sun_st68#2,已经燃烧得比怪陨石还旺了啦,ev_mon_st18#2,才把战斗精神烧得这么旺
昂,U+6602,3,cjk,ev_gho_int_b34#0,四次元人：帕昂。居然,d_dung_0020#0,莱昂哈特：俺
杂,U+6742,3,cjk,menu_dic_108#6,兴趣特技：杂活什么都干,dg_boss99_1_mes#0,？？？？憎恶复仇复杂的心
杖,U+6756,3,cjk,eg_du_skdr_at1,用手杖打,eg_we_ebis_at3,闪耀惠比杖
柯,U+67EF,3,cjk,eg_ms_tiky_vo2#1,地球人：伊格柯泰尔。,eg_ms_tiky_vo2_man#1,地球酱：地球人：伊格柯泰尔。
棘,U+68D8,3,cjk,menu_mission_mon04b#0,攻陷从荆棘中出现的,eg_du_skdr_d,龙：对日常的年轻人，感到棘手。
椅,U+6905,3,cjk,eg_cv_yata_at2,椅子导弹,eg_cv_yata_ms2,屋台达：事小的椅子飞出去了。
榴,U+69B4,3,cjk,eg_pw_boka_at3,榴弹加农,eg_pw_boka_r2#1,新招·榴弹加农记住了。。
橙,U+6A59,3,cjk,menu_tutorial_mes18#1,橙色的计量条里可以操作确认,ev_thu_cl08#0,雅：净喝血橙汁
欣,U+6B23,3,cjk,ev_mon_st53#1,心怀归来、欣然把人送上战场,ev_gho_cl_a59#1,啊，诸位啊愿化为梦。。请欣赏！
殊,U+6B8A,3,cjk,menu_trump_special_category#0,特殊类王牌！能造成状态,menu_tutorial_mes12#0,分成装备、攻击、回复、特殊
沃,U+6C83,3,cjk,eg_bo_atom_vo35,沃尔夫冈豹二世再见。,ev_gen_no519#0,赤沃：去开发军真可疑啊！
浓,U+6D53,3,cjk,eg_du_cofe_at2,浓缩咖啡,eg_du_cofe_ms2#0,咖啡节拍：喝了浓缩咖啡挑立着！
浮,U+6D6E,3,cjk,f_mon_19#2,也就是浮游生物对爱因斯坦。,eg_ev_amon_d,阿蒙：阿蒙浮出上。。
涅,U+6D85,3,cjk,menu_dic_272#6,兴趣特技：卡斯塔涅部队,ev_gen_no530#0,皮亚皮亚涅：大家好。各位还好吗？
润,U+6DA6,3,cjk,ev_solo_egg6#0,卡特莉·伊奈：滋润干渴心灵,dg_telop_08#0,——湿润合现的优初
淇,U+6DC7,3,cjk,eg_we_bdhm_d,台达势大知：从甜筒上把冰淇淋弄掉了。,eg_we_bdhm_ms1#1,无数冰淇淋被复出来了。。。
添,U+6DFB,3,cjk,menu_dic_342#1,给我的人生添了熟！,ev_spring10,卡特莉·伊努：少添乱！
渴,U+6E34,3,cjk,ev_wed_st08#1,口渴了,general_70_w,好渴啊！
溃,U+6E83,3,cjk,menu_tutorial_mes20#1,打倒队长，敌方就会一举溃败的说。,test_gameover05#1,梦见阿尔玛之月军被敌军击溃
漠,U+6F20,3,cjk,menu_dic_eg_du_sand#0,起来的东西不太感兴趣的沙漠原人沙虫！,eg_du_sand_at2,偷懒沙漠
炎,U+708E,3,cjk,ev_tue_cl44#0,：好，用藏在心里的灵魂之炎,eg_pw_rddr_ms2,红龙：岩浆之炎把人吞进去了。
烤,U+70E4,3,cjk,menu_dic_eg_du_ifrt#2,界强的星消里分低怪火、去烤，才是料理的诀窍！,ev_end_pre15#1,我呀，想吃烤肉呀
狙,U+72D9,3,cjk,eg_pk_156_at3,狙击,eg_pk_156_r#1,新招·狙击记住了。。
玻,U+73BB,3,cjk,sysmes_sound_list#22,玻璃,menu_trump125#0,玻璃杯里的
璃,U+7483,3,cjk,sysmes_sound_list#22,玻璃,menu_trump125#0,玻璃杯里的
皂,U+7682,3,cjk,eg_we_buby_at3,奶油皂,eg_we_buby_l#1,一颗肥皂泡飞到不知哪儿去了！
盆,U+76C6,3,cjk,okunote_meru_ms,的头上掉下来了木盆！,okunote_meru_tk,：嗯！出来了哦！是待激木盆哪。
盘,U+76D8,3,cjk,menu_dic_309#6,兴趣特技：这盘录像带,menu_dic_eg_ms_hfdr#2,盘算着有朝一日把红龙的上半
瞪,U+77AA,3,cjk,eg_ev_jjdv_ms3#0,动服恶魔：运动服恶魔狠狠瞪了一眼。,eg_ev_jjdv_ms31#0,动服恶魔：运动服恶魔狠狠瞪了一眼。
矗,U+77D7,3,cjk,fri_f03_help#1,无人的况入矗立着,tue_f03_help#0,从前矗在：的连之上
砰,U+7830,3,cjk,eg_du_bobo_vo1_3,勃勃鸟：呼呼砰。呼砰。,okunote_yoiko_tk#0,咚咔。啪唧。砰。咯嘣咯嘣。哗。
碾,U+78BE,3,cjk,eg_pw_roll_ms1#0,压路杀手：压路杀手一边碾，,eg_pw_roll_ms2,压路杀手：以疼痛的份，用碾压在界效报了仇。
祓,U+7953,3,cjk,menu_dic_eg_cl_lamp#0,靠给蛋做祓除来维持生计！,eg_cl_lamp_at3,祓除
秃,U+79C3,3,cjk,eg_cl_hade_vo11,派手斯：秃的斯明,dg_common_tekken26,勇：秃鹫在
竹,U+7AF9,3,cjk,menu_dic_eg_le_ares#2,连竹荚鱼的早作卸也掌握了的他,menu_dic_eg_we_brav#1,在那儿和青梅竹马的心（9岁）揺喜，终于
笔,U+7B14,3,cjk,menu_dic_113#7,一大笔钱！,menu_dic_564#4,是铅笔的话！
笼,U+7B3C,3,cjk,menu_dic_373#6,兴趣特技：也就是印笼吧！,ev_plo_test#13,从笼罩三维世界的危机里承受大
筋,U+7B4B,3,cjk,eg_pw_116_ms1#0,豚悟空：体复出现的筋斗云轰隆轰隆！,eg_pw_116_vo1,豚悟空：轰吧。筋斗云——。
筝,U+7B5D,3,cjk,menu_dic_115#1,放超大的风筝。,menu_dic_115#3,擅长：大地上的放风筝
箍,U+7B8D,3,cjk,eg_pw_116_ms2#0,豚悟空：金箍棒合了！,eg_pw_116_vo2,豚悟空：伸吧。金箍棒——。
粘,U+7C98,3,cjk,eg_cv_paz3_ms12#1,可身体还紧紧粘在一起！,eg_cv_paz3_ms33#1,果然还是粘在一起的世界啊。
纯,U+7EAF,3,cjk,menu_dic_eg_du_slow#0,被叫作？欲纯种马也已经是以前的事！,eg_du_slow_w,慢肯塔：由…的纯种马之力。知道了吧。
纵,U+7EB5,3,cjk,menu_mission_mon02#0,一边巧妙操纵,ev_mon_bs20#0,浪漫女王：纵被称为才媛
绅,U+7EC5,3,cjk,menu_dic_eg_du_caml#0,对妆容也讲究身姿的绅士！,eg_du_caml_d#0,变色龙人：因为是绅士，
绕,U+7ED5,3,cjk,ev_plo_test#45,来段绕口令吧！,eg_le_hdes_w,哈迪斯：绕过恐怖，在死渊边沉睡。
综,U+7EFC,3,cjk,menu_dic_47#6,兴趣特技：那种综艺,menu_dic_eg_pw_broc#2,最近综艺节目来的工作阵赖也很少
罐,U+7F50,3,cjk,menu_dic_43#6,兴趣特技：来玩踢罐子吧！,menu_dic_eg_le_hniw#2,可爱变形的弱的罐咖啡，是最近的心头好！
羽,U+7FBD,3,cjk,eg_du_bobo_at1,火焰羽,eg_du_bobo_ms1#0,勃勃鸟：拔下燃白的自己的羽
聘,U+8058,3,cjk,menu_dic_23#6,兴趣特技：诶，部队招聘？,menu_dic_65#0,参加动机：招聘映入眼帘
肃,U+8083,3,cjk,ev_thu_cl56#0,斯蒂安：半熟史上罕见的严肃展开,ev_thu_cl84,塞巴斯蒂安：再怎么说，严肃下去
肢,U+80A2,3,cjk,eg_pk_tmni_ms21#1,胳肢了一下。,eg_pk_tmni_ms212#1,胳肢了一下。
肤,U+80A4,3,cjk,eg_cv_cann_w,一号：紫外线对皮肤不好！,eg_ms_kken_ms2#0,克拉肯：克拉肯滑溜溜的肌肤闪闪发亮。
胁,U+80C1,3,cjk,menu_mission_ear02#0,最大的威胁,ev_tue_st82#0,马蒂斯：贾多威胁父亲
腋,U+814B,3,cjk,eg_ms_snyt_ms2#1,咯吱了腋下！,eg_ms_snyt_ms21#1,咯吱了腋下！
腔,U+8154,3,cjk,menu_trump096,变成装腔作势的大人（？）！,eg_pw_kimr_vo2#3,奇美拉王：那套装腔作势的势。。
膀,U+8180,3,cjk,menu_dic_eg_pw_rddr#0,那翅膀覆着天，吐息把世界变成怪,eg_pw_rddr_at1,翅膀
良,U+826F,3,cjk,menu_dic_391#0,来自《不良魂！》的,menu_dic_400#0,来自《不良魂！》的
艳,U+8273,3,cjk,menu_dic_eg_pw_moon#1,战阵白的客界，一边不垮鲜艳的上生！,ev_wed_st10#1,相当鲜艳哟滑梯比基尼火箭拳装备
芥,U+82A5,3,cjk,boss_omega_actmenu#4,芥末炸弹,eg_tg_omeg_at5,芥末弹
茎,U+830E,3,cjk,d_dung_0230#0,我儿子顺着豆子的茎爬,d_dung_0232#1,茎变得好大！
茫,U+832B,3,cjk,d_dung_0127#0,华人：为了人生迷茫的你,d_dung_0274#1,有迷茫的人，有找东西的人
营,U+8425,3,cjk,menu_dic_107#6,兴趣特技：兵营墙上的画,ev_solo_daruma5#0,而且还这么靠近敌部队的本营！
蓄,U+84C4,3,cjk,menu_dic_202#4,积蓄日常气势！,eg_du_mtro_vo2#1,太早了得再蓄才行。
蝶,U+8776,3,cjk,menu_dic_eg_cv_atom#2,服装、齐刘海和巨大的蝴蝶结，是状道与商军的兴趣！,menu_dic_eg_pk_miju_#0,蝴蝶结很可爱的、欧伊汁的侄女
螈,U+8788,3,cjk,ev_gho_int_b24#1,还挺能说的蝾螈4！,ev_ending116c,雅：蝾螈就是！
衅,U+8845,3,cjk,eg_bo_natu_ms3#1,在挑衅！,eg_bo_natu_ms3_b#1,在挑衅！
街,U+8857,3,cjk,menu_dic_259#6,兴趣特技：歌舞伎之街也,ear_f01_help#1,在市街设置的据点
衰,U+8870,3,cjk,ev_gho_cl_a98#0,梅尔克里：虽持有衰老的身体,ev_mini_thu03#1,蝙蝠神经衰弱。
袱,U+88B1,3,cjk,eg_cl_akem_ms2,明松：用的逃包袱是。。,eg_cl_akem_ms21,明松：用的逃包袱是。。
触,U+89E6,3,cjk,menu_dic_eg_pw_isgn#1,那些各式触手全都使足了劲，所以相当,f_sun_24#1,也不用担心互相接触！
诲,U+8BF2,3,cjk,eg_du_skdr_ms21,骷髅龙：严厉的教诲迸出来了。,eg_du_skdr_ms22#0,骷髅龙：严厉的教诲迸出来了。
谊,U+8C0A,3,cjk,ev_ending127c#2,联谊这种系统好像有。,eg_bo_boil_at3_kata_2,京子：诶，真的？一部的联谊的。？哈。？难道
谐,U+8C10,3,cjk,menu_dic_eg_pw_yjyu#1,并非因为自己是叶才谐音，,eg_cl_hade_at2,谐音
谨,U+8C28,3,cjk,f_fri_15#1,再谨慎进军，似乎有必要呢。,f_fri_99,鲁奈：谨慎前进吧。
账,U+8D26,3,cjk,ev_gho_cl_a129#0,安：搞笑要等跟那家伙算完账,eg_du_hega_vo31#2,三姐妹：芋解人来了也不认账哦。
资,U+8D44,3,cjk,menu_dic_76#6,兴趣特技：工资袋,eg_cl_akem_l#1,在下这等没资格出占！
赞,U+8D5E,3,cjk,menu_dic_eg_cv_megg#2,03的变形合体，让孩子们赞叹！,ev_thu_cl71,马蒂斯：我也赞成。
赴,U+8D74,3,cjk,ev_sun_st71#0,塞巴斯蒂安：亲自奔赴战场，守护国家。,f_sun_24_4#10,再赴下一张地图的说。
趁,U+8D81,3,cjk,menu_dic_199#0,参加动机：趁着势头,ev_tue_cl12#0,天马将军：趁还有意识，把力量蛋
跆,U+8DC6,3,cjk,menu_dic_281#0,参加动机：想把俺的跆拳道,menu_dic_281#4,用跆拳道打！
踪,U+8E2A,3,cjk,eg_ms_omed_ms23,喜鸟：恭喜鸟消失得无影无踪！,eg_ms_omed_ms33,喜鸟：恭喜鸟消失得无影无踪！
踵,U+8E35,3,cjk,eg_du_109_at2,落踵／攻击,eg_du_109_ms2#1,落下踵踢！
蹄,U+8E44,3,cjk,eg_du_slow_at1,马蹄土终剑,eg_du_slow_ms1,慢肯塔：扔出土足的蹄勇。
躁,U+8E81,3,cjk,menu_dic_eg_pw_boka#2,上场的烦躁，全在对战里发入！,menu_dic_eg_we_oyas#2,烦躁积起来的威装！
躬,U+8EAC,3,cjk,ev_gen_no528#2,感谢，感谢（鞠躬鞠躬）,d_dung_0147#0,华人：在路上鞠躬而使，被威光吸引而使
逢,U+9022,3,cjk,ev_mon_subtitle02,若能相逢，心跳女主角来着之卷,ev_mon_pre04#1,若能相逢，心跳女主角来着之卷
邻,U+90BB,3,cjk,ev_plo_test#51,往邻居的梯子上靠梯子的,eg_ms_tiky_l#0,地球酱：邻星灭亡了！
酬,U+916C,3,cjk,ev_sun_st31#1,了攒力量，拿着对3D的片酬,general_13_w#1,话说，有片酬吗？
钓,U+9493,3,cjk,eg_ev_deat_vo1,死神：撤是，镰刀钓不到死。,eg_bo_fuyu_vo3_1#0,冬子：特辑的【联谊上钓到新恋】呀
钙,U+9499,3,cjk,eg_pk_milk_ms3,米尔基：米尔基喊着缺钙。,eg_pk_milk_vo2#0,米尔基：那么焦躁，是缺钙呢。
钮,U+94AE,3,cjk,pad_alert#3,正确重新连接后，请按○按钮！,trump_ippatu_ms#1,一小段时间，再怎么连按按钮耐力也不减少。
链,U+94FE,3,cjk,eg_du_kami_at1,链锯,eg_du_kami_ms1#0,纸神：把链锯挥得呼呼转。
锦,U+9526,3,cjk,menu_dic_326#1,锦旗！,menu_dic_326#4,那里的锦旗吧！
青,U+9752,3,cjk,menu_dic_eg_cl_otam#2,长大就会变成普通的青蛙！,menu_dic_eg_we_brav#1,在那儿和青梅竹马的心（9岁）揺喜，
革,U+9769,3,cjk,ev_tue_subtitle02,改变吧。不可能革命之卷,ev_tue_pre03#2,革命之卷
鞠,U+97A0,3,cjk,ev_gen_no528#2,感谢，感谢（鞠躬鞠躬）,d_dung_0147#0,华人：在路上鞠躬而使，被威光吸引而使
骚,U+9A9A,3,cjk,ev_solo_disappear24#0,巴斯蒂安：对平日殿下的性骚扰,ev_solo_disappear24a#0,巴斯蒂安：对平日殿下的性骚扰
髦,U+9AE6,3,cjk,eg_du_caml_vo2,变色龙人：这才是真正时髦的风格！,ev_solo_atashi39#0,卡特莉·伊奈：时髦的基本从占卜开始呀
鳅,U+9CC5,3,cjk,menu_dic_eg_ms_popi#2,体波宾科，每天都从宇宙鳞鳅那儿逃来逃去！,eg_ms_popi_ms21,了——。快跑——。宇宙鳞鳅——。
鳍,U+9CCD,3,cjk,eg_ms_hang_at2,脚鳍击,eg_ms_hang_ms2#1,脚鳍啪啪地抽了。
鹅,U+9E45,3,cjk,menu_dic_eg_ev_veno#0,裹着企鹅书偶的谜之人！,ev_ending141#0,·伊奈：金枪鱼肚和海胆和鹅肝和鲍鱼和
麦,U+9EA6,3,cjk,32#0,麦克风测试中,eg_ev_jjdv_w,运动服恶魔：喂。、去买荞麦面包来。
默,U+9ED8,3,cjk,sysmes_option_term#4,默认,eg_we_momo_d,莫莫里斯：莫莫里斯在默默。。
U,U+0055,4,ascii,pad_alert#0,模拟手柄（DUALSHOCK2）没有,pad_alert#2,模拟手柄（DUALSHOCK2）
W,U+0057,4,ascii,sysmes_sound_list#40,DOWN,eg_cv_alec_vo33#2,亚历克桑达：Would you lik
b,U+0062,4,ascii,eg_cv_alec_vo33#0,ally I have been studying,eg_cv_alec_vo34#0,亚历克桑达：Let's be friends an
乖,U+4E56,4,cjk,eg_cv_alec_ms22,亚历克桑达：乖乖听完了话。,eg_cv_alec_ms221,亚历克桑达：乖乖听完了话。
介,U+4ECB,4,cjk,menu_dic_150#0,参加动机：想在简介里,trump_rescue_ms#0,被像人的护士们把姿和体都介抱了！
仰,U+4EF0,4,cjk,menu_dic_eg_pw_kawa#2,把这当降来仰的人旗也不立，最近臭负降,ev_sun_st23#2,仰慕的人也没关系！
企,U+4F01,4,cjk,menu_dic_eg_ev_veno#0,裹着企鹅书偶的谜之人！,ev_tue_pre02#0,放出兵器和怪人的贾多，企图是？
例,U+4F8B,4,cjk,d_dung_0464#1,又照例没了！,d_dung_0609#1,可照例，「炸弹投手」又没了！
俯,U+4FEF,4,cjk,ev_gho_int_a07#0,梅尔克里：自遥远彼岸俯视我们的,ev_gho_int_c31#0,梅尔克里：从彼方俯视的不可解之军
兼,U+517C,4,cjk,ev_gho_cl_c04#1,赶快兼作祝胜的婚礼要,ev_colosseum104#0,男主播：呐，兼作最后的庆功
凝,U+51DD,4,cjk,ev_ending102#2,不要凝固，应当半熟。,eg_pk_skyp_at1,凝固汽油弹】
刊,U+520A,4,cjk,ev_solo_gf1#0,从复刊写来，当部队能回喜廉价员,ev_solo_gm1#0,从复刊写来，当部队能回喜廉价员
剃,U+5243,4,cjk,eg_we_oyas_ms1,晚安玛丽的头上被剃了个阴阳头！,eg_we_oyas_ms11,晚安玛丽的头上被剃了个阴阳头！
剥,U+5265,4,cjk,menu_dic_eg_le_hniw#0,有时是陶俑！又有时是生剥戈仑！,eg_le_hniw_ms3,陶俑戈仑：陶俑戈仑变成生剥戈仑了。。
剪,U+526A,4,cjk,menu_dic_139#7,剪辑交给我！,menu_dic_170#3,擅长：比如想出剪刀
割,U+5272,4,cjk,ev_march12#0,零花钱和超级度假地也难以割舍,ev_solo_income22,外星人留下了5个牛只切割物！
厅,U+5385,4,cjk,dg_common_CanWarp#2,便即刻把你送到这大厅来,dg_common_CanWarp_fst#5,便即刻把你送到这大厅来
叠,U+53E0,4,cjk,menu_trump075#2,多张装备效果会重叠！,menu_trump076#2,多张装备效果会重叠！
咸,U+54B8,4,cjk,eg_pw_cycl_ms31,眼巨人：出了1，打1发。咸。,eg_ms_kken_ms1#1,非常非常咸。。
哧,U+54E7,4,cjk,eg_du_ifrt_d,伊夫里顿：哼哧哼哧动着鼻子。,okunote_yoiko_tk#1,哧溜哧溜。啪滋啪滋。啪嚓啪
啤,U+5564,4,cjk,eg_we_ciwa_at1,生啤,d_dung_0161#1,「啤酒」「毛豆」「电视」
啵,U+5575,4,cjk,eg_ev_beal_vo32,巴尔：嗯？是吾自己吗？唔啵哦啊啊。。。,eg_ev_zomb_vo1#0,僵尸：啵叽。。
嗓,U+55D3,4,cjk,eg_cl_ball_ms22#1,气球雀喊哑了嗓子。,eg_cl_ball_ms221#1,气球雀喊哑了嗓子。
嗝,U+55DD,4,cjk,sysmes_sound_list#25,饱嗝,eg_du_kure_vo2,给我给我：嗝。
嗦,U+55E6,4,cjk,ev_gho_int_a04#0,虽然啰嗦，没看过的请看系列第3作,eg_pk_amaz_vo1,亚马逊：啰嗦。。
嗨,U+55E8,4,cjk,eg_du_kino_d,蘑菇家伙：心情超嗨。,eg_du_mggm_vo21#1,降装嗨哟呀萨。哟呀萨。
噌,U+564C,4,cjk,eg_ev_mamy_l,：一千用「可是很能造的味噌！,eg_ev_mamy_vo1,木乃伊：接下法老的移吧味噌。。
园,U+56ED,4,cjk,menu_dic_145#7,园艺教室！,ev_wed_cl16,梅尔克里：吾与妖精们，家园便是那样被夺去的哪！
圈,U+5708,4,cjk,menu_dic_eg_du_frkn#2,可爱的项圈，是为他准备的礼物！,ev_ear_cl41,马蒂斯：也许是圈套啊。
塑,U+5851,4,cjk,eg_pw_moon_at3,巅峰塑造,eg_pw_moon_r2#1,新招·巅峰塑造记住了。。
寓,U+5BD3,4,cjk,menu_dic_252#0,参加动机：公寓贷款,menu_dic_252#6,兴趣特技：新公寓
屎,U+5C4E,4,cjk,ev_fri_cl15#1,可你们那种把人生动物的屎刮在一起似的,eg_cv_paz3_ms1,解谜3摔了个狗吃屎。
岂,U+5C82,4,cjk,eg_le_excv_ms3,岂止被石中剑劈，已经乱七八,eg_le_excv_ms31,岂止被石中剑劈，已经乱七八
岔,U+5C94,4,cjk,d_egg_ev05_06#1,重要分岔点！,d_thu_0006#0,有大路和岔路的时候
峰,U+5CF0,4,cjk,eg_pw_moon_at3,巅峰塑造,eg_pw_moon_r2#1,新招·巅峰塑造记住了。。
市,U+5E02,4,cjk,menu_dic_eg_cl_lamp#2,到兴趣，大概就是休息日逛市场！,menu_dic_eg_le_bktg#0,与「据说一出100自在超市被末着，
幅,U+5E45,4,cjk,menu_trump074#2,会大幅提升！,ev_tue_cl09#2,那颗蛋，拥有增幅人的气合的力量！
廉,U+5EC9,4,cjk,ev_solo_gf1#0,从复刊写来，当部队能回喜廉价员工,ev_solo_gf4#1,以部队能回喜廉价员工的殿下样过来了！
弓,U+5F13,4,cjk,menu_trump026#0,用弓从远处攻击，,eg_le_bktg_d,黑虎：黑虎虾弓着。
弦,U+5F26,4,cjk,eg_pk_pegg_ms2#0,格曼：粉红艾格曼把绷紧的弦解开了。。,eg_pk_pegg_ms21#0,格曼：粉红艾格曼把绷紧的弦解开了。。
彗,U+5F57,4,cjk,menu_trump019#1,那姿正如彗星一般！,ev_wed_cl14#0,克里：可是，这颗星因中途彗星冲突
彻,U+5F7B,4,cjk,menu_dic_31#7,彻底禁止？,eg_we_barm_l,吧人：酒吧人把输掉的占攻彻底藏起来了！
忠,U+5FE0,4,cjk,dg_tutorial01_5#6,一点忠告吧！,dg_tutorial02#10,·琼斯：所以再让我给一点忠告
忽,U+5FFD,4,cjk,menu_dic_180#1,忽然很怀念！,menu_dic_227#1,忽然很怀念！
恕,U+6055,4,cjk,eg_cv_pwra_vo34#1,欺负米卡酱的家伙不可饶恕。。,ev_solo_love3#0,恕不敬，从即刻起将军雇佣期
悦,U+60A6,4,cjk,menu_trump018#1,把喜悦的团块砸向对方，,eg_du_fraf_w,晃晃：因胜利的喜悦在抖！
惧,U+60E7,4,cjk,ev_thu_bs03#0,？？？？世人满怀畏惧，如此称呼吾,ev_thu_bs13#0,彭普蒂：因恐惧而颤抖
愤,U+6124,4,cjk,menu_dic_eg_ev_eegg#1,把悲伤和快乐、愤怒和憎恨变成梦幻的力量，,eg_ms_tiky_vo2#7,地球人：大地的愤怒啊！
慧,U+6167,4,cjk,ev_fri_cl19#1,本来住着拥有优秀智慧的生命体！,eg_du_skdr_at3,智慧打
戳,U+6233,4,cjk,ev_thu_st10#1,戳戳,eg_cl_hade_ms12,：逃【上被敲醒了。看来是戳中了攻
户,U+6237,4,cjk,ev_plo_test#5,但考虑到用户友好，改成中文了！,ev_plo_test#75,不是老主顾而是乱连的用户地先生。
抛,U+629B,4,cjk,ev_gho_cl_a130,塞巴斯蒂安：殿下可没有抛弃我们啊！,ev_solo_disappear20#2,也到极限了。请不要抛弃！
拓,U+62D3,4,cjk,menu_dic_235#0,来自《沙加开拓者》的,menu_dic_349#0,来自《沙加开拓者2》的
挖,U+6316,4,cjk,menu_dic_201#1,就被挖走了！,eg_le_hniw_ms1,戈仑：陶俑戈仑用大气和状挖出了钻头！
挤,U+6324,4,cjk,menu_trump132#2,挤成一团！,ev_thu_st09#1,哪颗星都会挤满榆木啊。
揉,U+63C9,4,cjk,eg_ms_flzb_ms3#1,冻男孩的身体被舒舒服服地揉开了！,ev_solo_atashi43#0,卡特莉·伊奈：脸蛋被揉揉、魅力全开之后
携,U+643A,4,cjk,sysmes_battle_menu#3,没有携带蛋,sysmes_battle_menu#4,没有携带
晓,U+6653,4,cjk,menu_dic_eg_cl_azen#0,当初有过什么人已无从知晓，,ev_mon_cl55#1,知晓这颗蛋的真相。
构,U+6784,4,cjk,boss_full_actmenu#2,峰值构筑,eg_bo_emtp_vo23,格妈妈：TYPE-0：要构筑人类新的历史！
枯,U+67AF,4,cjk,ev_tue_st01#1,荒废枯萎的地形呢！,ev_spring3#1,要治愈疲惫的身子和干枯的姿
栏,U+680F,4,cjk,menu_dic_eg_we_ebis#2,熟英雄、按喜欢明土大闹的栏目！,eg_cl_matu_ms1#0,通贩桑夫妇：两人的捨栏，对着
树,U+6811,4,cjk,wed_f02,大树,wed_f02_help#1,天使敲打着树
栗,U+6817,4,cjk,ev_october3#0,伊奈：松茸和柿子和松茸和栗子和,ev_solo_uematsu15#13,战栗的旋律
桩,U+6869,4,cjk,eg_du_tmaj_vo1#0,蛋魔人：嗯嗯，小事一桩人军，主人殿——！,eg_du_tmaj_vo2#0,蛋魔人：哈哈哈，小事一桩人军，主人殿——！
棺,U+68FA,4,cjk,gameover_all29#1,英雄之棺已被用上。,gameover_all38,英雄之棺已被用上。
橘,U+6A58,4,cjk,menu_dic_eg_ms_omed#1,橘子却压坏了、【发了，净是,eg_ms_omed_at1,压橘子
款,U+6B3E,4,cjk,menu_dic_252#0,参加动机：公寓贷款,ev_thu_pre02#1,职员们下落不明，只有这款游戏
殖,U+6B96,4,cjk,ev_gho_cl_c16#1,拥有自我增殖功能！,ev_gho_cl_c17,弗莱迪：增殖。？
氛,U+6C1B,4,cjk,menu_dic_296#0,参加动机：那种地方的气氛？,ev_plo_test#4,明明英文更有气氛
汇,U+6C47,4,cjk,ev_solo_settlement01,塞巴斯蒂安：殿下，汇报这个月的收支的说！,ev_solo_settlement01a,塞巴斯蒂安：殿下，汇报这个月的收支的说！
沟,U+6C9F,4,cjk,ev_mon_cl08,莉·伊奈：死心得真快的阴沟母老鼠呢。,f_mon_09#0,卡特莉·伊奈：那种像阴沟母老鼠一样
沿,U+6CBF,4,cjk,menu_mission_thu01b#0,沿着出现的道路,menu_mission_thu02b#0,沿着出现的道路
泌,U+6CCC,4,cjk,menu_dic_eg_du_wall#1,每天分泌肾上腺素，硬邦邦地耸立！,eg_pw_bari_ms1#1,内啡肽分泌了，攻击上升了。。
浆,U+6D46,4,cjk,eg_pw_rddr_at2,岩浆吐息,eg_pw_rddr_ms2,红龙：岩浆之炎把人吞进去了。
浩,U+6D69,4,cjk,ev_solo_uematsu4#0,植松伸夫：那是椙山浩一作曲哦！,ev_gen_no500_1#0,浩平：人偶装。
滞,U+6EDE,4,cjk,menu_tutorial_mes29#1,方是暴怒状态，最下方是呆滞状态的说！,menu_tutorial_mes32#0,进入呆滞状态后，
灰,U+7070,4,cjk,ev_mon_cl39#1,这些灰尘。,ev_mon_cl40#1,这颗星灰尘好多，得好好做一次
炒,U+7092,4,cjk,eg_bo_yonda02_03,炒面也吃过 可是卷心菜硬 ,ev_gen_no527_1#0,山本：点了多汁的炒面
焉,U+7109,4,cjk,eg_du_frns_w#0,呼！不行啊。你可是心不在焉酱！,eg_ms_tiky_vo2#0,地球人：终、终焉了啊啊。
狼,U+72FC,4,cjk,menu_dic_29#0,参加动机：一匹狼什么的,eg_du_kure_at1,狼吞虎咽
疏,U+758F,4,cjk,f_mon_17#1,没有疏漏吧，殿下？,ev_solo_disappear19_2#1,这本领只会越来越生疏！
癖,U+7656,4,cjk,menu_dic_eg_du_caml#1,据说有钻进镜子干活的癖好，,menu_dic_eg_le_denb#0,明明是乌龟，却会挠谁恋物癖的今家伙！
盗,U+76D7,4,cjk,eg_le_sale_vo3,卖：喂。这样的话拿走吧强盗。。,d_dung_0463#2,想盗用它的人好像也不少！
盹,U+76F9,4,cjk,ev_thu_st29#0,部队：在浴室打盹的时候,eg_cv_ligt_ms1#1,正在打盹！
省,U+7701,4,cjk,eg_du_dkef_vo1,为是人的魂所以叫人魂！太省事！,ev_solo_inu11#1,嘛，省事倒是挺好！
禁,U+7981,4,cjk,menu_dic_31#7,彻底禁止？,menu_dic_69#7,禁止吗？
秒,U+79D2,4,cjk,menu_dic_241#3,擅长：连续跳30秒。,menu_dic_266#0,参加动机：哪怕一秒
窥,U+7AA5,4,cjk,mon_f04_help#0,窥视着浪漫的,ev_spring75#0,败给硫黄气味的偷窥陷阱的一所
筑,U+7B51,4,cjk,menu_dic_eg_cl_106#0,新星种筑波欲,boss_full_actmenu#2,峰值构筑
纹,U+7EB9,4,cjk,ev_june4#0,莉·伊努：嘎吱嘎吱又裂了纹！,ev_solo_atashi23#1,鱼和蓝纹奶酪的香菜包
绞,U+7EDE,4,cjk,eg_bo_mots_at1,绞披风,eg_bo_mots_ms1#0,·苏蒙：莫特·苏蒙把披风绞上了。
缎,U+7F0E,4,cjk,eg_le_177_ms2,蛋土箱：蛋土箱的缎带把人勒紧了！,eg_le_177_ms21,蛋土箱：蛋土箱的缎带把人勒紧了！
羊,U+7F8A,4,cjk,menu_dic_eg_we_oyas#0,就睡吧，明土拉着小提琴的羊！,ev_ear_st43#1,数一百只羊也再睡不着了！
耍,U+800D,4,cjk,eg_ms_eggb_ms23#0,艾格宝宝：玩耍,eg_ms_eggb_ms24#0,艾格宝宝：玩耍
耳,U+8033,4,cjk,menu_dic_251#7,赫耳墨斯大人！,menu_trump136#2,把耳朵借给他呢？
肖,U+8096,4,cjk,menu_dic_128#6,兴趣特技：呐呐，我的肖像,ev_gen_no497#0,肖特：想着他
胞,U+80DE,4,cjk,eg_ev_gera_ms2#1,全身的细胞都死好了。,eg_ev_gera_ms21#1,全身的细胞都死好了。
腕,U+8155,4,cjk,menu_dic_277#4,手腕自认有！,menu_dic_315#0,参加动机：想把功夫的手腕
艺,U+827A,4,cjk,menu_dic_145#7,园艺教室！,menu_dic_47#6,兴趣特技：那种综艺
芋,U+828B,4,cjk,menu_dic_eg_du_hega#2,从心里的自然、三的芋解、金的母族！,eg_du_hega_ms1#1,芋解的快一击恢复了。。
菲,U+83F2,4,cjk,d_dung_0046#0,菲特：一起过来，你说？,d_dung_0047#0,菲特：总会有办法，吗！
蕾,U+857E,4,cjk,menu_dic_202#6,兴趣特技：看看芭蕾练出来的,eg_le_hyak_l,凉凉。：赢了啊，米蕾优。
蛮,U+86EE,4,cjk,menu_dic_323#4,不是太野蛮了！,f_mon_12,马蒂斯：还用说吗，靠蛮力啊，蛮力。
蝾,U+877E,4,cjk,ev_wed_st28#1,还是蝾螺？,ev_gho_int_b24#1,还挺能说的蝾螈4！
裁,U+88C1,4,cjk,menu_dic_26#7,马上裁员吧！,menu_dic_eg_du_dady#2,摔跤上场时也会当裁判！
裸,U+88F8,4,cjk,menu_trump030#0,部队和将军都变得赤裸！,ev_ending137#0,·伊奈：我都下决心来月的裸照也
誓,U+8A93,4,cjk,menu_dic_459#1,发誓所近！,menu_dic_460#1,发誓所近！
诱,U+8BF1,4,cjk,menu_dic_118#0,参加动机：被超强的诱惑,gho_f01_help#1,把人诱向不可解的世界
财,U+8D22,4,cjk,menu_dic_72#1,说不定能发大财！,ev_march16#1,操心星球财政赤字，作为女王
质,U+8D28,4,cjk,ev_sun_cl63#0,特莉·伊奈：那明明是反物质军用陷阱,ev_tue_st83#0,是，贾多把老娘和妹妹当人质
贪,U+8D2A,4,cjk,f_ear_07,：好战的，无论哪世都只是贪利之人！,d_dung_0104#1,你，贪心到做梦都想呢！
趟,U+8D9F,4,cjk,menu_dic_186#6,兴趣特技：定期会去一趟,ev_june16#0,莉·伊努：嘛，难得就去一趟！
趴,U+8DB4,4,cjk,eg_pw_tagm_vo1#1,给你们打趴，放马过来。,eg_pk_bbms_at2,趴上去
跪,U+8DEA,4,cjk,ev_tue_bs15#2,向这颗力量蛋跪拜才是上策。,eg_pw_kimr_vo3#1,跪在团力面前
蹑,U+8E51,4,cjk,eg_le_grcl_ms1#0,对石像鬼蹑手蹑脚靠近，,eg_le_grcl_ms11#0,对石像鬼蹑手蹑脚靠近，
载,U+8F7D,4,cjk,ev_sun_st30#1,连载那边没给OK！,ev_gho_int_b46#1,力量过载而已啊！
迟,U+8FDF,4,cjk,menu_dic_243#6,兴趣特技：部队迟早也会,menu_dic_77#7,迟到也没办法嘛！
迸,U+8FF8,4,cjk,eg_du_skdr_ms1#1,气之鞭迸出来。,eg_du_skdr_ms21,骷髅龙：严厉的教诲迸出来了。
逅,U+9005,4,cjk,menu_dic_263#0,参加动机：为了寻求邂逅,menu_dic_331#0,参加动机：为寻求新邂逅的
避,U+907F,4,cjk,menu_dic_29#3,擅长：回避力,ev_ear_cl13#1,相关人员请迅速退避。
邂,U+9082,4,cjk,menu_dic_263#0,参加动机：为了寻求邂逅,menu_dic_331#0,参加动机：为寻求新邂逅的
邮,U+90AE,4,cjk,menu_dic_59#7,邮件好难打。,ev_solo_inu42#0,卡特莉·伊努：最近邮件什么的太多，套餐费超高
酸,U+9178,4,cjk,menu_dic_30#6,兴趣特技：午饭有酸奶,ev_sun_cl39#1,那些做着寒酸梦的家伙
陪,U+966A,4,cjk,menu_dic_91#6,兴趣特技：谁来陪我做,ev_sun_st14#2,陪我们玩下去，拜托了的说。
鞋,U+978B,4,cjk,menu_dic_300#6,兴趣特技：鞋子里放辣椒,menu_trump081#1,可可特王国之鞋上，
顶,U+9876,4,cjk,ev_mon_cl25#0,鲁奈：这顶假发，是吾浪漫惑星上传承,ev_mon_cl26#1,便戴上这顶假发，当作男孩来养！
颠,U+98A0,4,cjk,menu_dic_361#1,迷得神魂颠倒。,menu_dic_eg_du_slow#1,用颠覆马之常识的缓慢攻击讨人
饼,U+997C,4,cjk,eg_du_zibu_l,吉布猫：被踩扁成饼。。,eg_ms_omed_at3,镜饼开
馒,U+9992,4,cjk,menu_dic_eg_du_nink#0,拉面、意面、饺子、白馒头！,okunote_manjyuu_ms#1,用馒头攻过来了。好吃。能力恢
鲍,U+9C8D,4,cjk,test_gameover22#1,鲍鱼和大鲔和近虾和大鲔和星,ev_sun_st32#0,那儿，大腹和海胆和大腹和鲍鱼和
鲑,U+9C91,4,cjk,test_gameover22#2,大鲔和鲑鱼籽和大鲔和香槟呀,ev_sun_st32#2,大腹和鲑鱼籽和大腹和香槟
鳗,U+9CD7,4,cjk,test_gameover22#1,鱼和大鲔和近虾和大鲔和星鳗和,ev_sun_st32#1,大腹和甜虾和大腹和星鳗和
',U+0027,5,punct,eg_cv_alec_vo34#0,亚历克桑达：Let's be friends,ev_solo_uematsu18#1,Let's go！真红的夹克
f,U+0066,5,ascii,eg_cv_alec_vo32#0,ng today my friend?,eg_cv_alec_vo34#0,桑达：Let's be friends and v
丧,U+4E27,5,cjk,ev_thu_st16#1,丧尸啦、幽灵故事啦、恐怖电,ev_thu_st21,塞巴斯蒂安：丧、丧尸将军吗。？
乡,U+4E61,5,cjk,menu_dic_eg_du_zibu#0,猫的故乡是宇宙来着？,ev_col_extra31#1,呐，这之后去乡下居酒屋喝一杯怎么样？
亡,U+4EA1,5,cjk,ev_sun_cl22#0,艾格曼：正如世间逃亡者居多，,ev_mon_cl55#0,鲁奈：想代替亡故的父上、母上
仆,U+4EC6,5,cjk,ev_mon_st31#1,王室所使唤的女仆！,eg_ev_dvwm_at3,仆从
伏,U+4F0F,5,cjk,menu_dic_eg_cv_heij#1,特摄的伏特拉格，和机械艾格曼的艾,f_fri_pre01#5,会埋伏着怎样的现象可说不准！
伟,U+4F1F,5,cjk,ev_gho_cl_a38#0,四次元人（造）：伟大的鲸,ev_gho_cl_a38#1,四次元人（长）：从伟大的存在而来的
佣,U+4F63,5,cjk,ev_solo_love3#0,恕不敬，从即刻起将军雇佣期满的,ev_solo_settlement16#2,这个月请别忘了雇佣将军。
佳,U+4F73,5,cjk,ev_wed_cl76#1,今年的最佳牛仔裤赏是？,eg_le_oden_ms12#1,呀嗬，队勇剑真是劈活绝佳。
免,U+514D,5,cjk,wed_f01_help#0,从状不中幸免,f_sun_42#1,免得阿尔玛之月被占领
叛,U+53DB,5,cjk,ev_end_pre04#2,憎恶全宇宙的叛乱开始了。,ev_end_pre12#2,憎恶全宇宙的叛乱开始了。
含,U+542B,5,cjk,f_sun_08#1,大臣可看不惯那副含糊的样子。,ev_ending110#1,婚礼都要被含糊过去了呀。
呸,U+5478,5,cjk,eg_pw_kawa_vo32,臭负降号：咕啊啦啦啦啦，呸。。,eg_ev_name_vo1,鼻涕虫人：啊啊啊。。呸。。
哀,U+54C0,5,cjk,ev_solo_uematsu15#22,哀伤的英雄,ev_solo_uematsu15a#22,哀伤的英雄
哨,U+54E8,5,cjk,sysmes_sound_list#32,哨子,menu_dic_eg_cv_tetu#0,的原解雇！原来那解雇的花哨可跟不上！
嗷,U+55F7,5,cjk,eg_pw_tera_at1,嘎嗷。,eg_pw_tera_at2,咕嗷。
噩,U+5669,5,cjk,menu_trump131#2,看来是噩梦啊！,test_gameover03#1,做噩梦来着的说！
囔,U+56D4,5,cjk,menu_dic_eg_du_dkef#2,嘟嘟囔囔的，与其说是怨恨，不如,eg_du_dkef_ms11,黑暗精灵：在嘟囔着什么。
垮,U+57AE,5,cjk,menu_dic_eg_pw_moon#1,里挑战阵白的客界，一边不垮鲜艳的上生！,ev_thu_bs13#1,被绝望击垮吧！
城,U+57CE,5,cjk,menu_dic_226#7,带到城里去。,menu_dic_eg_cl_siro#1,小队独立出去、干劲十足的城！
奋,U+594B,5,cjk,eg_cv_borc_ms3#1,把兴奋中枢刺激——。。,eg_cv_borc_ms31#1,把兴奋中枢刺激——。。
姨,U+59E8,5,cjk,ev_ear_cl18#0,弗莱迪：阿姨。,ev_ear_cl22#1,你刚才不是叫阿姨来着。？
姫,U+59EB,5,cjk,menu_dic_eg_pk_musu#1,8解占队长的克解，待姫（）复）待核逃过之后,menu_dic_eg_pk_ripn#0,食人的大楼是少合喜连的生姫男！
宜,U+5B9C,5,cjk,menu_dic_255#0,参加动机：便宜星球的钱,menu_dic_305#7,该去哪个便宜星球！
审,U+5BA1,5,cjk,ev_tue_st06#1,把雷达切到审判模式。,ev_tue_st07,塞巴斯蒂安：审判模式？
幕,U+5E55,5,cjk,menu_dic_eg_we_drug#2,新…里，饮道号弱之战的怪幕被力着落下！,test_telop#0,字幕测试
床,U+5E8A,5,cjk,ev_wed_st14#0,安：水分再补下去，又要在床上,eg_le_kegg_ms3#1,起床惊吓。也许比平时疼！
废,U+5E9F,5,cjk,ev_tue_st01#1,荒废枯萎的地形呢！,ev_tue_st03#0,梅尔克里：这里就是废墟之星
延,U+5EF6,5,cjk,f_sun_17_6#0,一立，红线就从阿尔玛之月延伸出来,ev_thu_cl22#0,彭普蒂：病毒转眼间蔓延开来
彼,U+5F7C,5,cjk,menu_dic_eg_ev_rabi#0,兔子撒旦也就是彼得君，,planet_08_help#2,彼此交织的星
徊,U+5F8A,5,cjk,menu_tutorial_sun_01#2,正在附近徘徊的说。,f_sun_01#2,正在附近徘徊的说。
徒,U+5F92,5,cjk,ev_solo_caution10#5,博徒肯,ev_solo_ken1#1,咱是摇摆不定的赌徒！
徘,U+5F98,5,cjk,menu_tutorial_sun_01#2,正在附近徘徊的说。,f_sun_01#2,正在附近徘徊的说。
怨,U+6028,5,cjk,menu_dic_eg_cv_mkai#1,那份怨气弱世化，而开发出的机器,menu_dic_eg_du_dkef#2,嘟嘟囔囔的，与其说是怨恨，不如说是嫉妒！
憎,U+618E,5,cjk,menu_dic_eg_ev_eegg#1,把悲伤和快乐、愤怒和憎恨变成梦幻的力量，,ev_end_pre04#2,憎恶全宇宙的叛乱开始了。
憾,U+61BE,5,cjk,ev_tue_st28,卡特莉·伊奈：遗憾的是，好像就是那样呢！,ev_fri_cl30#1,遗憾的是，这里的生命体
拟,U+62DF,5,cjk,pad_alert#0,模拟手柄（DUALSHOCK,pad_alert#2,模拟手柄（DUALSHOCK
拾,U+62FE,5,cjk,ev_tue_bs04#1,来收拾你。,f_thu_35#0,马蒂斯：赶快收拾掉吧。
捏,U+634F,5,cjk,eg_du_nink_ms2#1,捏住了鼻子。,eg_du_nink_ms21#1,捏住了鼻子。
捞,U+635E,5,cjk,eg_du_119_at1,怪长捞,eg_du_119_at2,怪字捞
搜,U+641C,5,cjk,menu_dic_eg_cv_mkai#0,家威军一不商军，把通贩占搜寻的,ev_thu_st38#1,去搜索这颗星的说。
斩,U+65A9,5,cjk,ev_sun_cl68#1,斩断灾厄的连锁的说！,ev_thu_pre02#0,被腰斩的游戏『映像勇』把这个带
昔,U+6614,5,cjk,menu_dic_eg_le_sale#0,3思、4思降是理所当然。昔日的赤明合！,ev_mon_cl26#0,鲁奈：昔日，生不出男孩的时候
梗,U+6897,5,cjk,menu_trump128#0,画着勇新作梗的,ev_gho_int_b34#1,让本4接了梗
棍,U+68CD,5,cjk,ev_thu_st25,卡特莉·伊努：曲、曲棍球面具的男人。,ev_thu_st26#0,曲棍球面具的男人：那个
槌,U+69CC,5,cjk,menu_dic_eg_le_kegg#2,王者小槌，是把那怪小力变成攻击力,eg_le_kegg_at1,王者小槌
様,U+69D8,5,cjk,menu_dic_eg_ms_grap#0,比如说，老把上生様在嘴边的你的父亲，,menu_dic_eg_ms_mand#0,初年反，茄子人的様星！喜小合的失通道」！
汗,U+6C57,5,cjk,eg_pw_kawa_ms1#1,出汗了。,eg_pw_kawa_ms11#1,出汗了。
汝,U+6C5D,5,cjk,ev_gho_bs12b,梅尔克里：与汝赌上性命的战斗哪。,eg_cl_ugku_vo21,动猿：给汝抓挠。
泪,U+6CEA,5,cjk,eg_cv_atom_d,阿特美：阿特美泪汪汪的！,eg_du_cofe_ms3#0,咖啡节拍：热编的泪溢出来！
津,U+6D25,5,cjk,eg_pw_bari_vo3#1,斗士的宿命吗，无限的河津挂。。,eg_pk_yayo_ms23,弥生：吃得津津有味。
涨,U+6DA8,5,cjk,menu_dic_179#7,想涨一点！,eg_ms_eggb_ms21#1,身形涨红了！
溅,U+6E85,5,cjk,eg_pk_hydr_ms2#1,吻得状水花溅了上来。,eg_pk_hydr_ms21#1,吻得状水花溅了上来。
溢,U+6EA2,5,cjk,menu_dic_eg_le_hyak#1,用满溢的那股力量，给人端上凉豆,eg_du_cofe_ms3#0,咖啡节拍：热编的泪溢出来！
溺,U+6EBA,5,cjk,f_ear_22#0,彭普蒂：沉溺于文明的文明体,eg_le_oden_ms3#1,溺在／合里了！
滋,U+6ECB,5,cjk,eg_we_momo_w,莫莫里斯：莫莫里斯美滋滋地活着这次。,okunote_yoiko_tk#1,哧溜哧溜。啪滋啪滋。啪嚓啪嚓。啾噜。
炫,U+70AB,5,cjk,menu_dic_113#4,也没什么好炫耀！,menu_dic_268#3,擅长：能拿来炫耀的
珍,U+73CD,5,cjk,menu_dic_eg_we_momo#2,这次和珍珠粉逃好星！,okunote_cook_tk#0,请你吃我珍藏的土」自！
疯,U+75AF,5,cjk,menu_dic_eg_cv_mkai#0,疯狂科学家威军一不商军，把,menu_dic_eg_du_frkn#0,由疯狂科学家博士造出的、人造
盛,U+76DB,5,cjk,ev_gho_int_c35#1,种东西终究是鱼腥草开得很盛哦。,eg_ms_eggb_ms2,格宝宝把世界的悲伤解开，盛大欢喜了！
码,U+7801,5,cjk,menu_dic_333#7,一周单反数码相机！,menumes_composite_select_egg#1,输入解开优先的密码！
社,U+793E,5,cjk,menu_dic_322#7,拼布社团！,menu_dic_39#6,兴趣特技：有空手道社团
窒,U+7A92,5,cjk,eg_ev_smok_at2,窒息烟,eg_ev_smok_ms2#1,窒息了。
簧,U+7C27,5,cjk,menu_dic_eg_le_grcl#0,分、尖的分，最大的长是弹簧！,eg_le_grcl_at3,弹簧
织,U+7EC7,5,cjk,planet_08_help#2,彼此交织的星,ev_tue_st66#0,马蒂斯：为了夺回被谜之组织贾多抢走的
罚,U+7F5A,5,cjk,ev_thu_cl44#2,那是对吾所造成的今日的惩罚，吾做好了觉悟！,eg_du_ramu_vo1,拉姆：再也不怖了哦。要罚哦。
罢,U+7F62,5,cjk,ev_gho_int_b19#1,上映预告罢了4！,ev_august11,将军们打消了罢工的念头。
育,U+80B2,5,cjk,menu_dic_113#0,参加动机：孩子的教育费,menu_dic_249#0,参加动机：体育悠闲。
胳,U+80F3,5,cjk,eg_pk_tmni_ms21#1,胳肢了一下。,eg_pk_tmni_ms212#1,胳肢了一下。
臣,U+81E3,5,cjk,ev_sun_st04#1,担任这颗阿尔玛之月惑星大臣的,f_sun_08#1,大臣可看不惯那副含糊的样子。
荐,U+8350,5,cjk,menu_dic_451#0,参加动机：被父亲强烈推荐,menu_dic_453#1,强烈推荐！
蒿,U+84BF,5,cjk,d_dung_0552,龙蒿：拥有不可思议力量的盒子,d_dung_0553#0,龙蒿：啊啊，王者的盒子的话
螂,U+8782,5,cjk,trump_gokipurin_ms#0,吃了蟑螂布丁！,trump_gokipurin_ms_ng#0,把蟑螂布丁扔掉了！可是！
蟑,U+87D1,5,cjk,trump_gokipurin_ms#0,吃了蟑螂布丁！,trump_gokipurin_ms_ng#0,把蟑螂布丁扔掉了！可是！
诅,U+8BC5,5,cjk,okunote_usi_ms,做了心的诅咒，报应却回到了自己身上,ev_colosseum26#1,先生，把被诅咒的Death
谋,U+8C0B,5,cjk,menu_dic_132#3,擅长：在备战里出谋划策,menu_dic_240#7,出谋划策！
貌,U+8C8C,5,cjk,menu_dic_eg_du_frns#0,看这样可是团长的公主！容貌不怎么样，,menu_dic_eg_pk_amaz#0,把那悩的容貌变成以前的临繰、连着初的
跃,U+8DC3,5,cjk,menu_dic_eg_cl_ball#2,就以蛋怪身份活跃着！,ev_sun_st28#0,特莉·伊奈：前作里我的活跃
跨,U+8DE8,5,cjk,eg_du_frkn_ms3,弗兰肯：跨着法兰克福明攻了。,general_150_w,跨界也请多多关照……
辑,U+8F91,5,cjk,menu_dic_139#7,剪辑交给我！,ev_solo_uematsu13a#0,植松伸夫：黑魔导士第二专辑也发末了
逛,U+901B,5,cjk,menu_dic_eg_cl_lamp#2,说到兴趣，大概就是休息日逛市场！,menu_dic_eg_du_kero#1,好的卷发一乱，就会悲伤地逛魔场！
逼,U+903C,5,cjk,menu_dic_187#0,参加动机：在节目里被逼着,menu_dic_eg_cv_alec#1,世界生命军中的英中，把人逼进恐慌！
邀,U+9080,5,cjk,menu_dic_322#1,邀请才进的！,menu_dic_401#1,邀请了！
酷,U+9177,5,cjk,ev_thu_cl34,塞巴斯蒂安：好残酷的话的说！,eg_pw_kimr_vo1#4,奇美拉王：我们这帮酷地奇美。
钦,U+94A6,5,cjk,menu_dic_eg_ms_fbby#0,和终的中人嘎钦以）识讨连着的满君！,eg_ms_fbby_w#0,霜之宝宝：嘎钦——————。。。
键,U+952E,5,cjk,f_sun_42_3#0,塞巴斯蒂安：再按转换键,ev_solo_daruma2#1,按住○键前进
锯,U+952F,5,cjk,menu_dic_eg_du_coin#2,把这种疑问放在心里，又在锯齿的地方嘎吱嘎吱！,eg_cl_nalt_at1,锯齿
额,U+989D,5,cjk,eg_ms_snyt_ms3#1,在额头上啾了一下！,eg_ms_snyt_ms31#1,在额头上啾了一下！
驶,U+9A76,5,cjk,ev_fri_pre02#2,卡特莉·德·奥马尔，驶入了无人船坞！,eg_tg_omeg_d1,欧米茄：滑。驾驶舱的鸣门化开了！
骂,U+9A82,5,cjk,menu_dic_370#7,会被骂吧！,eg_pw_kimr_w#0,奇美拉王：要骂爆了我们你们！
魅,U+9B45,5,cjk,menu_dic_472#7,很有魅力吧？,menu_dic_61#1,很有魅力！
M,U+004D,6,ascii,ev_gho_cl_a132#1,然后我来当。Big Mama。。,ev_solo_uematsu22a#2,Symphonic Matoya
丑,U+4E11,6,cjk,ev_thu_cl29#1,尽看着丑恶的怪物,eg_we_oyas_ms12#1,好丑。吓得一步也动不了。
亏,U+4E8F,6,cjk,menu_dic_eg_we_srma#0,多亏大卖的流浪蓝调第3映，,ev_ending22#1,多亏了各位。
井,U+4E95,6,cjk,eg_cl_siro_vo12#0,星防卫军：优帝宫王鬼向堀井雄二鸟山明,ev_june17#1,那就去丸井。
享,U+4EAB,6,cjk,eg_du_hega_ms22,赫加斯三姐妹：挣扎着享受了。,eg_du_hega_ms221,赫加斯三姐妹：挣扎着享受了。
仿,U+4EFF,6,cjk,ev_sun_cl39#2,绝对模仿不来哇）,ev_tue_pre05#0,模仿半熟英雄会浪费蛋
傲,U+50B2,6,cjk,menu_dic_272#4,最大的骄傲！,menu_dic_eg_pw_eggk#0,高傲骑士之任，和蛋剑的弱力量
典,U+5178,6,cjk,okunote_eejyanai_ms,被祭典的逃中气迷住了！,trump_honenuki_tk,战斗什么的放弃吧，祭典啊。游行啊……
则,U+5219,6,cjk,menu_dic_eg_du_taim#1,泰曼则是该干的时候就干、使的番,ev_fri_bs_sebath2#2,否则捕获恐怕很难哪。
勉,U+52C9,6,cjk,fmenu_gen_03#1,不过别太勉强自己啊。,wed_f01_help#1,勉强存在着
叉,U+53C9,6,cjk,eg_du_kure_d,给我给我：叉子和刀掉了！,eg_ms_hang_ms1#1,对准放出了鱼叉。
吊,U+540A,6,cjk,ev_fri_cl43#1,与其半吊子地一直动下去,ev_fri_cl63#1,你们这种半吊子就算硬集齐了
否,U+5426,6,cjk,ev_fri_bs_sebath2#2,否则捕获恐怕很难哪。,ev_fri_st20#1,以我们的知识能否应对
咿,U+54BF,6,cjk,ev_thu_cl81#0,彭普蒂：咿呀呀。。,eg_du_sand_w_d#0,沙虫：今天是啊啊。」今天咿咿！
哆,U+54C6,6,cjk,eg_du_choh_vo3,猪八戒：吃饭行动请交给我哆！,eg_du_choh_w,戒：报告，已攻到本装地所哆！
哩,U+54E9,6,cjk,eg_ms_flzb_vo1#1,哩哩哒,eg_ms_flzb_vo2#1,哩哩啦啦
唯,U+552F,6,cjk,ev_mon_cl34#1,才是唯一的女主角。,ev_fri_bs09#1,这颗星上唯一的生命吗？
喱,U+55B1,6,cjk,menu_dic_81#7,有咖喱吗？,ev_ending141#1,和牛牛排和大虾和咖喱猪排套餐和海鳗和
嗬,U+55EC,6,cjk,eg_le_oden_ms12#1,呀嗬，队勇剑真是劈活绝佳。,eg_le_oden_ms13#1,呀嗬，队勇剑真是劈活绝佳。
嘣,U+5623,6,cjk,eg_we_oyas_w#0,晚安玛丽：嘣嘣嘣。晚安玛丽可喜得,okunote_hero_tk#1,嘣。
娘,U+5A18,6,cjk,sysmes_sound_list#35,娘炮,ev_tue_bs19#0,马蒂斯：父亲呢，老娘呢。
寒,U+5BD2,6,cjk,ev_sun_cl39#1,那些做着寒酸梦的家伙,eg_pw_bldr_ms21,被激烈的寒气袭来了。。
帝,U+5E1D,6,cjk,ev_gho_bs23#1,经由四次元女帝之手，从莫特·苏蒙和,ev_gho_cl_a65#1,超过了四次元女帝！
庆,U+5E86,6,cjk,menu_dic_563#3,擅长：庆祝的热闹,menu_dic_570#0,参加动机：想庆祝！
愉,U+6109,6,cjk,thu_f02_help#0,不愉快的蜘蛛之姿,thu_f04_help#1,不愉快地蠕动着
懒,U+61D2,6,cjk,menu_dic_19#6,兴趣特技：偶尔偷懒,menu_dic_302#0,参加动机：最近太懒了
扰,U+6270,6,cjk,thu_f04_help#0,被连困扰的巨大蜘蛛,eg_du_jido_at3,干扰
択,U+629E,6,cjk,eg_pw_broc_d,西兰花·李：西兰花·李把択连的动舔了一下。,eg_pw_rddr_ms3,被红龙用火教択拖着吞了。
披,U+62AB,6,cjk,ev_solo_egg13#1,小份披萨和家庭装炸鸡和,eg_bo_mots_at1,绞披风
拒,U+62D2,6,cjk,ev_mon_st34#1,对拒绝求婚的王,f_thu_23#2,做到这份上还拒绝侵入者！
拧,U+62E7,6,cjk,menu_trump130#0,把水道的龙头拧一拧,eg_le_kegg_vo2#1,你们不值一拧。。
捡,U+6361,6,cjk,eg_we_cali_d,加州卷：正在拼命捡掉下来的芝麻！,d_dung_0292#0,讨厌蛋的人：刚才在那儿捡到像钥匙的东西！
控,U+63A7,6,cjk,f_wed_18#0,塞巴斯蒂安：被人为控制的可能性很高呢！,f_wed_28#1,可是，能控制那么大的岛
掷,U+63B7,6,cjk,menu_battle_help_mes4,孤注一掷的「杀手锏」攻击！,ev_solo_ken35#0,这是猜咱掷出的三颗骰子点数的
摩,U+6469,6,cjk,f_fri_18,彭普蒂：金属摩擦的声音，讨厌！,eg_cv_ligt_ms2#0,莱特母鸡：吵架摩擦，莱特母鸡闪闪发热。
擎,U+64CE,6,cjk,menu_dic_eg_du_zoud#1,知喜O中21入火箭引擎、情？闪耀珠装在脚上，,menu_dic_eg_ev_jjdv,他是二年生所以穿着引擎人！
桃,U+6843,6,cjk,eg_pk_gtfy_at3,蜜桃坠击,eg_pk_gtfy_r2#1,新招·蜜桃坠击记住了。。
棉,U+68C9,6,cjk,ev_february19#2,棉花糖,ev_february21#2,下个月棉花糖可别忘了！
歹,U+6B79,6,cjk,menu_dic_101#0,参加动机：好歹以前,menu_dic_181#3,擅长：好歹力气
気,U+6C17,6,cjk,sysmes_battle_status#4,気,sysmes_battle_status#5,気
況,U+6CC1,6,cjk,menu_dic_eg_pw_mggm#0,还以为只是況占现入的大叔们，,menu_dic_eg_pw_tera#1,别说使复，況字也捨不了的不军！
泄,U+6CC4,6,cjk,eg_du_dkef_ms12,黑暗精灵：突然泄了气。,eg_du_dkef_ms122,黑暗精灵：突然泄了气。
泳,U+6CF3,6,cjk,ev_wed_st09#2,就那么想看我的泳衣吗哟,ev_wed_st11,弗莱迪：什么样的泳衣啊。
渣,U+6E23,6,cjk,menu_dic_eg_cl_nalt#2,寂寞通道的出入、活着的残渣！,ev_fri_cl07,莱迪：可别小看俺啊，这群渣。
澡,U+6FA1,6,cjk,menu_dic_eg_ms_tpon#2,进洗澡的时候现在随时都一齐！,menu_dic_eg_pw_cycl#0,讨厌洗澡的独眼巨人，因为那中体气
烫,U+70EB,6,cjk,eg_pk_ripn_vo3#1,嘴唇在发烫哦,eg_ev_oiju_ms3#1,把择烫伤了。。
爬,U+722C,6,cjk,eg_ev_zomb_d#1,全身蛆虫在梦着往外爬。,eg_du_sand_ms3_ana,沙虫：从地下掩体爬出来了。
牲,U+7272,6,cjk,menu_trump010#1,虽然要牺牲波奇利，,menu_trump033#0,把那份身姿作为牺牲，
牺,U+727A,6,cjk,menu_trump010#1,虽然要牺牲波奇利，,menu_trump033#0,把那份身姿作为牺牲，
犹,U+72B9,6,cjk,menu_dic_247#1,还超犹豫！,menu_dic_432#1,还在犹豫！
率,U+7387,6,cjk,menu_dic_eg_cl_otam#0,常去田里知情的人，极低概率,menu_trump083#1,王牌获得率提升！
琳,U+7433,6,cjk,eg_we_momo_ms32_1#0,莫莫里斯：王牌变安杰琳,trump_engelin1#0,使用了安琪琳。
甘,U+7518,6,cjk,menu_dic_172#7,很好吃哦！甘蔗！,ev_ending108,卡特莉·伊奈：才不甘心呢。
甩,U+7529,6,cjk,eg_du_tcry_at1,甩倒,eg_ms_drgt_w,龙？不：连甩尾巴和角攻击都用不着啊！
眉,U+7709,6,cjk,eg_cv_mkai_ms1#0,机械医生夫妇：从两人眉间飞出的怪光,eg_cv_mkai_ms12#0,机械医生夫妇：从两人眉间飞出的怪光
矩,U+77E9,6,cjk,ev_mon_debug_bs02#1,矩阵,ev_wed_debug_bs02#1,矩阵
祸,U+7978,6,cjk,menu_trump022#1,灾祸就会降临！,f_mon_14_5#3,据说会有可怕的灾祸降临
私,U+79C1,6,cjk,ev_ending119,卡特莉·伊努：真自私啊！,ev_ending120#0,卡特莉·伊奈：当然自私。
穴,U+7A74,6,cjk,sun_f03,寂静的穴,dg_telop_07,——见役穴——
笛,U+7B1B,6,cjk,sysmes_sound_list#28,卡祖笛,menu_dic_567#6,兴趣特技：最近，我的竖笛
答,U+7B54,6,cjk,ev_ear_st57,这就是这颗星的总统给出的答案哪！,eg_ev_deat_vo3,死神：答题卡错了1格乐入了死！
纳,U+7EB3,6,cjk,menu_dic_273#6,兴趣特技：埃克纳部队！,ev_ending123#0,斯蒂安：这颗星的人类，接纳了
缩,U+7F29,6,cjk,f_sun_42_3#1,就能缩放镜头的说。,eg_du_cofe_at2,浓缩咖啡
群,U+7FA4,6,cjk,ev_wed_st21#0,莉·伊奈：真是的哟，鲣鱼群吗。,ev_fri_bs03#2,这群蠢货！
翼,U+7FFC,6,cjk,eg_pw_rddr_ms1,龙：从人）里放出了大气之翼。。,eg_ev_eegg_at3,邪恶翼
肩,U+80A9,6,cjk,menu_dic_237#4,擦肩而过了！,menu_dic_eg_du_elf#1,把村里大家的期待一肩扛上，在人的脸之下战斗！
脆,U+8106,6,cjk,menu_dic_405#7,还是干脆的好！,menu_dic_eg_ms_omed#2,什么时候干脆开回普通年糕，好像认真开
腐,U+8150,6,cjk,menu_dic_eg_le_hyak#1,的那股力量，给人端上凉豆腐。,ev_gho_bs32#1,你这腐烂外道。
腾,U+817E,6,cjk,menu_dic_eg_we_ttya#0,一待让世心沸腾的星威力本力力，,ev_ear_st37#0,弗莱迪：唉，再折腾也没用！
致,U+81F4,6,cjk,menu_dic_eg_ev_lucu#2,按姿的兴致行动也不是现在，他这么说,f_fri_50#1,过剩的负荷导致短路了。
舍,U+820D,6,cjk,menu_dic_123#7,会舍不得用掉！,eg_pw_broc_ms31#0,西兰花·李：西兰花·李把舍身一击打直了。
舱,U+8231,6,cjk,ev_fri_cl10#1,把探测舱往有智能生命气味的,ev_fri_cl56#1,才把探测舱放到别的星上去的！
虑,U+8651,6,cjk,ev_plo_test#5,但考虑到用户友好，改成中文了！,ev_tue_st93#1,都在考虑吧。
蜂,U+8702,6,cjk,menu_dic_eg_ms_mand#1,像被谁始着似的，被蜜蜂様着，,ev_gho_int_c25#1,像被甜蜜引诱的蜜蜂一样。
融,U+878D,6,cjk,eg_cl_siro_ms22#1,两熟融解，回到蛋里去了！,eg_cl_siro_ms221#1,两熟融解，回到蛋里去了！
裤,U+88E4,6,cjk,menu_dic_eg_cv_bari#1,尿裤子商怪也好、竖强的活比试,ev_wed_cl76#1,今年的最佳牛仔裤赏是？
豫,U+8C6B,6,cjk,menu_dic_247#1,还超犹豫！,menu_dic_432#1,还在犹豫！
贯,U+8D2F,6,cjk,menu_dic_eg_le_oden#2,被枪贯穿的身体倒不在意，铁拳好,mon_f05_help#0,贯穿星中的
迹,U+8FF9,6,cjk,menu_dic_eg_cv_tetu#2,现在看来也足够奇迹！,ev_wed_cl18#0,弗莱迪：妖精啦奇迹啦
锻,U+953B,6,cjk,menu_dic_110#0,参加动机：为了进一步锻炼,menu_dic_148#0,参加动机：想锻炼身体
镖,U+9556,6,cjk,menu_dic_120#7,让我拿回旋镖！,menu_dic_135#0,来自《保镖》的
闯,U+95EF,6,cjk,eg_bo_haru_vo2_5#0,春子：啊哈哟又闯祸了哟,eg_bo_haru_vo2_5a,春子：啊哈哟又闯祸了哟
颊,U+988A,6,cjk,fmenu_momo_01#0,从莫莫里斯的脸颊里,fmenu_momo_01a#1,藏在莫莫里斯脸颊里的世界中，
饰,U+9970,6,cjk,menu_dic_eg_cv_alec#2,上装备的兵器数量，只是装饰！,boss_ata8_que_14,中美合：脚只是装饰吗？
馅,U+9985,6,cjk,eg_pw_kawa_at1,肉馅切,eg_pw_kawa_vo1,博士：首先切肉馅！
鲔,U+9C94,6,cjk,test_gameover22#0,卡特莉·伊奈：大鲔和海胆和大鲔和,test_gameover22#1,鲍鱼和大鲔和近虾和大鲔和星鳗和
鲣,U+9CA3,6,cjk,ev_wed_st21#0,卡特莉·伊奈：真是的哟，鲣鱼群吗。,ev_wed_st21#1,以前是鲣鱼活吃果酱酱汁
鳞,U+9CDE,6,cjk,menu_dic_eg_ms_popi#2,。体波宾科，每天都从宇宙鳞鳅那儿逃来逃去！,eg_du_taim_d,泰曼：鳞片飞了。
％,U+FF05,6,punct,eg_cv_mkai_vo21#0,械医生夫妇：能源输出10％。,eg_cv_mkai_vo22,械医生夫妇：能源输出30％。
偏,U+504F,7,cjk,sysmes_monthly_term#7,偏好设定,menu_dic_139#4,是偏创意的人！
刮,U+522E,7,cjk,ev_fri_cl15#1,可你们那种把人生动物的屎刮在一起似的,eg_du_jido_ms3#0,有能战士：用分乱刮了生飞。。
北,U+5317,7,cjk,eg_pw_bari_l#1,400战无败传说，在此败北——。。,eg_cv_cann_l1#1,二号：败北什么的！
咒,U+5492,7,cjk,eg_cl_106_ms3#1,不可思议的咒语让能力反转了。。,eg_cl_106_ms3_2#1,不可思议的咒语让能力反转了。。
喇,U+5587,7,cjk,eg_pw_kawa_ms2#0,博士：把喇叭按响了。,eg_pw_kawa_ms21#0,博士：把喇叭按响了。
喔,U+5594,7,cjk,eg_ms_hang_l#1,原谅我咯喔！,eg_ms_hang_vo1,半鱼人：变成晚饭咯喔！
嘞,U+561E,7,cjk,fmenu_gen_05,源桑：好嘞。那要哪一件？,ev_ear_cl21,卡特莉·伊努：好嘞！
坑,U+5751,7,cjk,dg_common_Pit,大坑,d_dung_0157#0,袋子工匠：要进迷宫这种深坑
坦,U+5766,7,cjk,menu_dic_eg_du_taim#0,泰坦若是掀起地震的地之神，,f_mon_19#2,也就是浮游生物对爱因斯坦。
堂,U+5802,7,cjk,menu_dic_81#6,兴趣特技：食堂菜单里,test_movie_player#46,堂吉诃德
壳,U+58F3,7,cjk,ev_plo_test#55,全部没卡壳读下来了吗？,ev_wed_cl14#1,引发地壳变动，被洪水军势袭击之时
妥,U+59A5,7,cjk,menu_tutorial_mes10#1,妥善完成之后，,f_sun_39#2,再从有星的下方攻，比较稳妥呢。
妨,U+59A8,7,cjk,ev_sun_st73#1,妨碍我们婚礼的东西,f_sun_33#0,卡特莉·伊奈：居然妨碍我们的婚礼
室,U+5BA4,7,cjk,menu_dic_145#7,园艺教室！,ev_mon_bs19#0,浪漫女王：生于王室的命运啊
尘,U+5C18,7,cjk,ev_mon_cl39#0,卡特莉·伊奈：真空吸尘，可恶,ev_mon_cl39#1,这些灰尘。
崩,U+5D29,7,cjk,eg_cl_piku_ms3,索：皮克索在超现实主义里崩飞了。,eg_du_dady_at3,雪崩来
恒,U+6052,7,cjk,ev_tue_bs26#0,贾多·重装：他们已陷入永恒的沉眠！,ev_fri_cl42#1,会想要永恒的命吧？
惜,U+60DC,7,cjk,menu_dic_eg_ms_eggb#1,把世界的母惜解掉了、回响欢喜的那敌，,eg_cl_matu_vo33,播报：可惜。不痛。出局。
扩,U+6269,7,cjk,ev_sun_cl10,艾格曼的敌人读数正在扩大。,f_sun_16#1,把阵地扩大，移动范围就会变广的说
押,U+62BC,7,cjk,ev_solo_ken30#0,押中了点,ev_solo_ken30#1,没押中点
拯,U+62EF,7,cjk,fmenu_momo_01a_2#1,就由我基利·福达来拯救世界，,d_dung_0067#1,拯救世界吧！
挂,U+6302,7,cjk,menu_dic_149#1,属于兴趣悠闲那挂！,menu_dic_239#0,参加动机：属于商人那挂
振,U+632F,7,cjk,sysmes_sound_config_term#8,振,f_wed_27#0,凡：振作一点。
捉,U+6349,7,cjk,menu_dic_eg_cv_megg#1,量的艾格斯拉格能在操攻里捉住人，,menu_dic_eg_pw_rddr#1,弱的分不放过捉住的东西，姬怪的心」！
授,U+6388,7,cjk,ev_wed_bs20#1,据说会授下新的启示。,ev_wed_cl03#1,新的启示就能授予了吧！
搅,U+6405,7,cjk,menu_dic_eg_pk_yayo#0,坏弥生（29）／生活把茶搅一搅,eg_le_oden_ms2,奥炖：奥炖用枪咕噜咕噜搅了。
撕,U+6495,7,cjk,menu_dic_eg_we_brav#2,的两人！可、！却想把两人撕复回来！,eg_ev_rabi_vo1#0,兔子撒旦：人称火焰撕裂者。
昏,U+660F,7,cjk,ev_thu_st48#1,……（昏倒）,eg_le_excv_at3,诸神黄昏一下
暂,U+6682,7,cjk,sysmes_field_term#0,暂停！,sysmes_pause,暂停！
枢,U+67A2,7,cjk,planet_00_help#2,降临在半熟英雄的中枢,f_fri_40#0,彭普蒂：必须以这区域的中枢为目标
欺,U+6B3A,7,cjk,menu_dic_eg_ms_flzb#0,新星始里被欺负的他，,menu_dic_eg_pk_prim#1,为土了马役的识，投当们的欺负
歇,U+6B47,7,cjk,ev_tue_debug#3,间歇,ev_tue_debug#4,间歇2
残,U+6B8B,7,cjk,menu_dic_eg_cl_nalt#2,着寂寞通道的出入、活着的残渣！,ev_wed_st20,塞巴斯蒂安：那么，是残像之类的吗？
毕,U+6BD5,7,cjk,menu_tutorial_mes15#0,塞巴斯蒂安：准备完毕了呢。那就出击吧。,ev_sun_bs02,？？？？计算完毕！
泉,U+6CC9,7,cjk,ev_spring3#2,温泉第一呀,ev_spring32#1,露天的温泉澡，受不了啊。
洒,U+6D12,7,cjk,menu_dic_eg_pk_milk#2,喝叶客就会时，从择的边上洒出来！,eg_cl_lamp_ms22_a#1,稍微洒出来了。精神下降了。。
灌,U+704C,7,cjk,menu_dic_eg_du_fraf#1,天拎回一升瓶，整颗心往下灌！,eg_pw_moon_ms21_k,月光肌肉把灌满力的一击复了。
猴,U+7334,7,cjk,menu_dic_eg_cl_ugok#0,不动如山！总之是头顽固的猴子！,menu_dic_eg_cv_mugo#0,不动如山！总之是头顽固猴子的机械！
疗,U+7597,7,cjk,eg_ev_zomb_at2,治疗,eg_ev_zomb_vo2,僵尸：治、治疗。
瘪,U+762A,7,cjk,eg_cl_ball_l,气球雀：气球雀瘪掉了！,eg_cl_ball_ms22#0,气球雀：由眼看要瘪。
登,U+767B,7,cjk,menu_dic_eg_cv_sexy#0,系列第二作登场的蛋怪里,menu_dic_eg_cv_sexy#1,这类性感角色很多，可最近登场的家伙
盾,U+76FE,7,cjk,f_ear_03,鲁奈：简直像把普通人当盾。,eg_we_drpp_ms2#0,对着龙宝宝的护盾喊痛！
砍,U+780D,7,cjk,ev_gho_cl_a120#0,弗莱迪：砍下那家伙的脑袋,eg_pw_yjyu_ms3#0,将：空叶将连自己的！一起砍了上去。
祝,U+795D,7,cjk,menu_dic_563#3,擅长：庆祝的热闹,menu_dic_570#0,参加动机：想庆祝！
窝,U+7A9D,7,cjk,ev_thu_bs_sebath#1,都是因为窝在这种,ev_fri_bs04#1,回窝。
筏,U+7B4F,7,cjk,dg_common_Raft,木筏,dg_common_RaftMsg,坐上木筏？
签,U+7B7E,7,cjk,menu_dic_187#1,签名！,eg_ev_name_ms31,鼻涕虫人：鼻涕虫人舔了签。
素,U+7D20,7,cjk,menu_dic_63#1,好像能当段子素材。,menu_dic_eg_du_wall#1,每天分泌肾上腺素，硬邦邦地耸立！
网,U+7F51,7,cjk,ev_fri_bs13#0,谜之动物：网上的情报是这么说的,f_fri_11#0,蒂安：该不会是从攻略本或网上
背,U+80CC,7,cjk,ev_thu_st31,背带裤的人偶动起来了。,eg_cl_flyp_vo2,飞锅：后背呀斯！
胸,U+80F8,7,cjk,ev_plo_test#76,请把胸像和全」外间静好哦。,ev_mon_cl15#0,卡特莉·伊奈：按大胸来判的话，传说向前伸手的
脏,U+810F,7,cjk,menu_dic_eg_le_levi#2,用心脏在夜里现的那副模样，粉丝,menu_dic_eg_pk_pegg#0,用粉红炸弹在孩子们的心脏上怪上点，
腹,U+8179,7,cjk,ev_sun_st32#0,卡特莉·伊奈：在那儿，大腹和海胆和大腹和鲍鱼和,ev_sun_st32#1,大腹和甜虾和大腹和星鳗和
腿,U+817F,7,cjk,menu_dic_118#4,腿不会打软！,menu_dic_226#3,擅长：腿很快
舌,U+820C,7,cjk,ev_plo_test#47,赤卷舌，赤卷舌，飞卷舌。,ev_end_pre19#0,伊奈：先来特上牛小排和上舌盐，还有
范,U+8303,7,cjk,menu_dic_126#1,有点金属范吧？,f_sun_16#1,把阵地扩大，移动范围就会变广的说！
茸,U+8338,7,cjk,ev_october3#0,卡特莉·伊奈：松茸和柿子和松茸和栗子和,ev_october3#1,松茸和回游鲣鱼和松茸和鲭鱼和
荡,U+8361,7,cjk,ev_gho_pre01#1,突然出现了在宇宙中游荡的巨鲸！,eg_du_caml_ms3#0,变色龙人：用舌头荡来荡去，
萝,U+841D,7,cjk,menu_dic_eg_pk_usap#0,始着好星的胡萝卜，靠少数集捨活着的,f_sun_33#1,就像钻进鼻子里的菠萝一样
蛙,U+86D9,7,cjk,menu_dic_eg_cl_otam#2,长大就会变成普通的青蛙！,eg_pw_bari_vo2#1,正是蛙跳入水的落。。
螺,U+87BA,7,cjk,ev_sun_cl48#1,神圣的螺旋之力，会把人送往成熟的,ev_wed_st28#1,还是蝾螺？
览,U+89C8,7,cjk,sysmes_field_term#1,星球·据点一览,sysmes_field_term#2,小队一览
谱,U+8C31,7,cjk,menu_dic_eg_ev_ptdv#0,了，明明不怎么败还到处摆谱，,menu_dic_eg_we_pppm#1,来的猪，只是猪，他这么摆谱！
豹,U+8C79,7,cjk,eg_ev_oiju_vo2,欧伊汁：薯薯豹。,eg_ev_oiju_vo3,欧伊汁：薯黄油豹。
贵,U+8D35,7,cjk,eg_du_shiv_ms2#1,看见了买贵的姬间编）。,eg_du_shiv_ms21#1,看见了买贵的姬间编）。
辞,U+8F9E,7,cjk,menu_dic_179#1,推辞不掉！,menu_dic_27#7,我就辞！
违,U+8FDD,7,cjk,f_wed_25,马蒂斯：总觉得，有奇妙的违和感！,ev_gho_bs38#1,不，竟敢违抗命令
遥,U+9065,7,cjk,ev_sun_cl27#1,飞向遥远的星海。,ev_fri_cl24#1,就是电视有了遥控器之后！
际,U+9645,7,cjk,sysmes_planet_command#2,星际中继,sysmes_planet_name#6,星际中继
霍,U+970D,7,cjk,eg_cl_lamp_vo1,灯南瓜：哈啦哈啦呼霍。哈啦呼霍。,eg_cl_lamp_vo2,灯南瓜：呼嘎啦霍嘎啦嘟甘啦呼霍落
顾,U+987E,7,cjk,fmenu_gen_04#0,源桑：谢谢惠顾。,menu_trump131#0,美丽人生的回顾
驾,U+9A7E,7,cjk,menu_dic_eg_le_excv#1,一直在找能驾驭自己的勇体，,menu_dic_eg_le_excv#2,也不来用！不，失马！没有驾驭得了的人！
H,U+0048,8,ascii,pad_alert#0,模拟手柄（DUALSHOCK2）没有,pad_alert#2,模拟手柄（DUALSHOCK2）
w,U+0077,8,ascii,eg_cv_alec_vo21,亚历克桑达：Yellow card.,eg_cv_alec_vo31#0,ive speed now.
仪,U+4EEA,8,cjk,menu_dic_380#0,来自《双界仪》的,menu_dic_409#0,来自《双界仪》的
佩,U+4F69,8,cjk,menu_dic_eg_ev_cand#2,蛋世界的同伴，也只佩服那份败新热姿！,menu_dic_eg_le_baha#2,今天也是，温波科温波科佩凯尼奥佩凯尼奥。
千,U+5343,8,cjk,menu_dic_570#6,兴趣特技：千岁饴！,ev_mon_bs20#1,也是千锤百炼的剑客！
叭,U+53ED,8,cjk,eg_pw_kawa_ms2#0,博士：把喇叭按响了。,eg_pw_kawa_ms21#0,博士：把喇叭按响了。
叮,U+53EE,8,cjk,sysmes_sound_list#11,叮铃,eg_cl_akem_ms33#0,明松：叮铃，打赏飞出来了。
呛,U+545B,8,cjk,menu_dic_113#1,挺够呛的！,alpha_maltis#1,小队人数少，看起来挺呛啊。
嚓,U+5693,8,cjk,eg_le_hyak_ms1#1,咔嚓砍了力。,eg_le_hyak_ms12#1,咔嚓砍了力。
垒,U+5792,8,cjk,eg_cl_matu_vo25#1,跑者上二垒。,eg_cl_matu_vo27#1,跑者。了二垒。上三垒。安全。
尖,U+5C16,8,cjk,menu_dic_eg_le_grcl#0,比起那弱的分、尖的分，最大的长是弹簧！,ev_thu_subtitle02,榆木星的13日是惊声尖叫之卷
尤,U+5C24,8,cjk,menu_dic_eg_du_sand#1,尤其，半熟因特大厦的出没特,menu_dic_eg_du_syam#0,的？土！从儿子那儿被当成尤达转生！
康,U+5EB7,8,cjk,menu_dic_40#0,参加动机：觉得对健康好,menu_dic_51#1,对健康好吧！
弯,U+5F2F,8,cjk,eg_le_grcl_ms3#1,在弹簧弯的地方被干掉了。,eg_le_grcl_ms31#1,在弹簧弯的地方被干掉了。
忆,U+5FC6,8,cjk,menu_dic_137#1,为了忘掉讨厌的回忆！,menu_dic_eg_du_shiv#2,出强明白了，现在成了好回忆！
愈,U+6108,8,cjk,menu_dic_224#1,就觉得被治愈！,menu_monthly_revive_egg#1,蛋和失去的心，要靠它来治愈
扭,U+626D,8,cjk,eg_ev_veno_vo1,毒液酱：呜扭扭扭——。。,eg_du_frns_at2,闹别扭
拖,U+62D6,8,cjk,eg_pw_rddr_ms3,被红龙用火教択拖着吞了。,eg_pw_rddr_ms31,被红龙用火教択拖着吞了。
探,U+63A2,8,cjk,menu_dic_386#0,参加动机：探险是,ev_fri_cl10#1,把探测舱往有智能生命气味的
掩,U+63A9,8,cjk,eg_du_sand_d_ana#0,沙虫：钻在地下掩体里，,eg_du_sand_ms3,沙虫：钻进地下掩体里了。
摄,U+6444,8,cjk,menu_dic_eg_cv_heij#1,特摄的伏特拉格，和机械艾格曼,menu_dic_eg_ms_drgt#1,总之从战场开始拍摄了！
景,U+666F,8,cjk,ev_sun_st64a,特莉·伊奈：嗯嘛，多煞风景的怪陨石。,ev_january3#1,游戏进展和景气不太顺利的事情
替,U+66FF,8,cjk,menu_composite_eggmon_command#0,替换,menu_dic_205#0,参加动机：得代替他
染,U+67D3,8,cjk,ev_thu_st04#1,被血浸染的气！,f_thu_05#1,向被血浸染的○之处！
检,U+68C0,8,cjk,memcard_slot_check#0,正在检查存储卡（PS2）！,memcard_slot_check_fault#0,插槽中的存储卡（PS2）检查
樱,U+6A31,8,cjk,eg_pk_pegg_at2,粉红樱桃,eg_pk_pegg_vo2#1,粉红樱桃。
民,U+6C11,8,cjk,menu_trump018#0,民众的口号！,test_gameover13#0,彭普蒂：眠在妖精星的民
浸,U+6D78,8,cjk,ev_thu_st04#1,被血浸染的气！,f_thu_05#1,向被血浸染的○之处！
涉,U+6D89,8,cjk,ev_ear_st21#1,请放下武器，回应我们的交涉！,eg_pw_ngrd_ninsel#3,涉
犯,U+72AF,8,cjk,ev_mon_st26#2,一步走错，我们可就是罪犯了的说。,ev_ear_cl58,卡特莉·伊努：别犯傻了啊！
班,U+73ED,8,cjk,menu_dic_119#6,兴趣特技：假日加班,menu_dic_197#6,兴趣特技：洗衣当班
瞧,U+77A7,8,cjk,menu_dic_eg_ms_efdr#2,一个人的时候，好像会摆出瞧不起周围的脸！,menu_dic_eg_pk_tmni#2,偷偷往里瞧，最近迷上了！
碌,U+788C,8,cjk,eg_pk_bbms_ms11,宝宝蛾：宝宝蛾骨碌骨碌骨碌地箱了。,eg_pk_miju_ms21#0,梅汁：靠梅汁的骨碌酱
碍,U+788D,8,cjk,menu_dic_eg_pw_roll#2,字备时碍事的足球门逃讨厌！,ev_sun_st73#1,妨碍我们婚礼的东西
稀,U+7A00,8,cjk,menu_trump133#1,稀有集换卡！,eg_cl_egsl_ms2#1,艾格史莱姆变得稀烂！
纪,U+7EAA,8,cjk,ev_plo_test#8,星王与王大年纪轻轻就统治此世，,eg_ms_tiky_vo2#4,地球人：O世纪到来O年。
罪,U+7F6A,8,cjk,ev_mon_st26#2,一步走错，我们可就是罪犯了的说。,d_dung_0561#0,机械警察：顺便罪犯气很重。
船,U+8239,8,cjk,ev_sun_bs01#1,这颗怪陨石，像是宇宙船的机关的说。,f_sun_04#1,恐怕那颗宇宙船模样的星
虾,U+867E,8,cjk,test_gameover22#1,鲍鱼和大鲔和近虾和大鲔和星鳗和,ev_sun_st32#1,大腹和甜虾和大腹和星鳗和
蛛,U+86DB,8,cjk,menu_mission_thu02a#0,把蜘蛛出现的状况,menu_mission_thu04a#0,把蜘蛛出现的状况
蜘,U+8718,8,cjk,menu_mission_thu02a#0,把蜘蛛出现的状况,menu_mission_thu04a#0,把蜘蛛出现的状况
覆,U+8986,8,cjk,memcard_save_overwrite#0,确定要覆盖,menu_dic_eg_du_slow#1,用颠覆马之常识的缓慢攻击讨人！
详,U+8BE6,8,cjk,sysmes_battle_command#25,详细查看,sysmes_field_unit#4,详细查看
豪,U+8C6A,8,cjk,eg_cv_cann_at3,豪华加农,eg_cv_cann_ms1#0,加农姐妹：从一号的豪华身材里
责,U+8D23,8,cjk,ev_sun_cl32#0,安：而且，我们这颗蛋的职责,ev_mon_st53#2,才是王后的职责哟
跤,U+8DE4,8,cjk,menu_dic_124#0,参加动机：想把俺的摔跤魂,menu_dic_124#3,擅长：摔跤的话
辣,U+8FA3,8,cjk,menu_dic_300#6,兴趣特技：鞋子里放辣椒,test_movie_player#43,持是和哈瓦那辣椒
适,U+9002,8,cjk,menu_dic_344#1,正好合适的工作吧？,menu_dic_439#0,参加动机：觉得是适合我这种人的
遭,U+906D,8,cjk,fmenu_defence_castle,遭到部队攻入。,fmenu_defence_castle_any#1,遭到部队攻入。
钟,U+949F,8,cjk,ev_sun_st54e#2,距离婚礼开始只剩3分钟了的说。,ev_gho_st06#1,再睡五分钟
钢,U+94A2,8,cjk,menu_dic_432#0,参加动机：要不要把钢琴当第一阵,menu_dic_432#6,兴趣特技：钢琴美容
陛,U+965B,8,cjk,ev_solo_disappear18,塞巴斯蒂安：陛下！,ev_solo_disappear18a,塞巴斯蒂安：陛下！
饮,U+996E,8,cjk,menu_dic_eg_we_drug#1,为她奔过饮道投世的战士，德拉贡！,menu_dic_eg_we_drug#2,现在新…里，饮道号弱之战的怪幕被力着落
饶,U+9976,8,cjk,ev_sun_st78#1,真是饶了我吧！,ev_wed_st34#0,马蒂斯：饶了我吧。
驱,U+9A71,8,cjk,menu_dic_eg_cv_mugo#2,可驱动它的程序没装好！,ev_gho_bs41,艾格妈妈：立即驱逐。
鸦,U+9E26,8,cjk,menu_dic_eg_du_teng#1,力也用不来，就把现在的乌鸦当长！,menu_dic_eg_du_teng#2,最近的缺点是会被叫丘的乌鸦跑掉！
予,U+4E88,9,cjk,menu_dic_eg_ms_unic#2,那圆滚滚的力，会给予金色的）活！,ev_wed_cl03#1,新的启示就能授予了吧！
互,U+4E92,9,cjk,menu_dic_56#0,参加动机：想要能互相护命的,f_sun_24#1,也不用担心互相接触！
侍,U+4F8D,9,cjk,ev_ear_pre06#0,蒂安：当真是我塞巴斯蒂安侍奉阿尔玛之月时,ev_solo_disappear19#1,为座右铭侍奉殿下的人生！
侵,U+4FB5,9,cjk,fri_f01_help#0,防着侵入体的,ev_sun_st54c#0,塞巴斯蒂安：也就是被3D侵略灭掉的卡特莉惑星的
励,U+52B1,9,cjk,sysmes_field_bonus_term#2,置的奖励,sysmes_field_bonus_term#10,经验奖励
区,U+533A,9,cjk,menu_worldmap_attack_question,要攻略这个区域吗？,gho_f05,最终·区域5
厚,U+539A,9,cjk,menu_dic_218#1,厚历史留下来！,menu_dic_329#1,留下厚历史。
哑,U+54D1,9,cjk,eg_pw_moon_at2,哑铃炸弹,eg_pw_moon_ms2,月光肌肉把哑铃咔地吃了。
哒,U+54D2,9,cjk,eg_ms_flzb_vo1#1,哩哩哒,boss_tkkn_actmenu#0,嗯夏巴·哒
唐,U+5510,9,cjk,menu_dic_273#0,参加动机：会被说荒唐,ev_thu_st08#1,那种荒唐无稽的东西，俺是完全不信
嗡,U+55E1,9,cjk,eg_pw_kawa_vo12,臭负降号：降号——嗡，——嗡。,eg_ev_dvwm_ms11#0,魔女：恶魔女中逃的勇体，嗡嗡地
坚,U+575A,9,cjk,menu_dic_eg_cl_ugok#1,那绝不移动的坚强意志，,ev_mon_cl56,想像卡特莉·伊奈大人那样坚强地活。
埋,U+57CB,9,cjk,menu_dic_eg_we_batt#1,成长时被做成时埋进的特摄，现在还记得！,menu_trump023#0,埋设地雷！
奉,U+5949,9,cjk,ev_ear_pre06#0,安：当真是我塞巴斯蒂安侍奉阿尔玛之月时,ev_solo_disappear19#1,为座右铭侍奉殿下的人生！
妆,U+5986,9,cjk,menu_dic_eg_cv_wood#0,定妆况的马里伍德球,menu_dic_eg_du_caml#0,对妆容也讲究身姿的绅士！
寄,U+5BC4,9,cjk,menu_dic_200#7,寄宿在强身体里！,menu_dic_220#0,来自《寄生前夜》的
尿,U+5C3F,9,cjk,menu_dic_eg_cv_bari#1,尿裤子商怪也好、竖强的活比,ev_sun_st52,特莉·伊奈：不是那个，是尿意上来了啦
屁,U+5C41,9,cjk,sysmes_sound_list#29,放屁,menu_trump009#0,放一个超臭的屁！
录,U+5F55,9,cjk,menu_dic_309#6,兴趣特技：这盘录像带,menu_dic_340#7,好想看录像带！
忌,U+5FCC,9,cjk,menu_trump123#1,请尽管把苏格兰威士忌,eg_bo_motk_d2,莫特·库蒙：忌避4。。
怜,U+601C,9,cjk,menu_dic_eg_ms_hfdr#1,就那样弄丢了的、可怜的龙！,ev_mon_cl28#0,鲁奈：可是，父上与母上可怜我
惹,U+60F9,9,cjk,menu_trump061#2,稍微不会把对方惹怒！,menu_trump062#2,不太会把对方惹怒！
慌,U+614C,9,cjk,menu_dic_eg_cv_alec#1,命军中的英中，把人逼进恐慌！,ev_mon_bs17p,派：别慌。
抵,U+62B5,9,cjk,ev_tue_st82#2,父亲作为大将进行了抵抗。,ev_gho_cl_a116#0,格妈妈：以你们的话应该能抵达
敬,U+656C,9,cjk,eg_pk_yayo_vo3,弥生：不成敬意！,general_36_w,俺／尊敬。
歪,U+6B6A,9,cjk,ev_mon_st29#0,卡特莉·伊努：一个个唧唧歪歪吵死了！,eg_pw_yjyu_d,空叶将：空叶将的头盔稍微歪了！
洋,U+6D0B,9,cjk,menu_dic_431#0,参加动机：是拍洋画。,menu_dic_431#3,擅长：是拍洋画。
洗,U+6D17,9,cjk,menu_dic_197#6,兴趣特技：洗衣当班,menu_dic_eg_ms_tpon#2,进洗澡的时候现在随时都一齐！
渐,U+6E10,9,cjk,menu_dic_332#6,兴趣特技：人生渐渐,ev_tue_cl43#1,搞笑，渐渐肉体上也
烂,U+70C2,9,cjk,f_fri_23#2,砸烂就行了吧。？,ev_gho_bs32#1,你这腐烂外道。
焰,U+7130,9,cjk,menu_trump006#0,扔出火焰瓶，,eg_ev_rabi_vo1#0,兔子撒旦：人称火焰撕裂者。
爽,U+723D,9,cjk,menu_dic_145#1,胜利的爽快！,f_thu_02#2,哈哈，真爽真爽！
痰,U+75F0,9,cjk,eg_pw_kawa_at3,吐痰,eg_pw_kawa_ms3#0,臭负降号：臭负降号把痰吐掉了。
符,U+7B26,9,cjk,sysmes_input_name_term#4,英文数字·符号,eg_cv_heij_d,机器人捕快：大哥的护身符晃悠悠要掉。
筒,U+7B52,9,cjk,menu_dic_eg_pw_roll#0,变着滚筒的客里没人守出来，,eg_cv_166_at2,绿火箭筒
紫,U+7D2B,9,cjk,menu_mission_thu03a#1,引出紫光，,f_thu_28#1,被紫光阻挡！
绷,U+7EF7,9,cjk,eg_pk_pegg_ms2#0,粉红艾格曼：粉红艾格曼把绷紧的弦解开了。。,eg_pk_pegg_ms21#0,粉红艾格曼：粉红艾格曼把绷紧的弦解开了。。
肥,U+80A5,9,cjk,ev_fri_cl30#2,最后身体都肥胖起来了！,ev_fri_cl31#0,弗莱迪：为了消除肥胖，饮食和生活习惯
胖,U+80D6,9,cjk,menu_dic_311#7,你觉得胖吗？,ev_tue_st10#1,就因为那样不动，才胖的啊。
药,U+836F,9,cjk,menu_dic_eg_cl_tiki#0,为寻找治好母亲天气的药，,eg_cv_cann_ms3#1,炸药性感射击回复。。
蛇,U+86C7,9,cjk,menu_dic_eg_pk_meds#0,每天和蛇的索利德君一齐，,menu_mission_thu01a#0,用蛇的循环
衣,U+8863,9,cjk,menu_dic_197#6,兴趣特技：洗衣当班,ev_wed_st09#2,就那么想看我的泳衣吗哟
裹,U+88F9,9,cjk,menu_dic_eg_ev_veno#0,裹着企鹅书偶的谜之人！,menu_dic_eg_pw_broc#0,飞造的运动服把」裹上，和谁的降合战斗下去的
讲,U+8BB2,9,cjk,menu_dic_65#6,兴趣特技：很讲究阵型！,menu_dic_eg_du_caml#0,对妆容也讲究身姿的绅士！
误,U+8BEF,9,cjk,menu_dic_eg_du_frns#2,于是一直误会自己很可爱，已经快三十,menu_dic_eg_du_mtro#0,误会周围都按自己的节拍在动
购,U+8D2D,9,cjk,fmenu_momo_01a_3#1,「购买王牌」到我这儿来，,sysmes_buy_trump_term#3,购入
鉾,U+927E,9,cjk,menu_dic_eg_ms_drgf#1,连苍蝇也忘了，自以为是鯱鉾！,menu_dic_eg_ms_drgf#2,每次看见本星的鯱鉾，其实都会有点失落！
阳,U+9633,9,cjk,eg_le_kegg_vo3#1,外延黄金阳光百万,eg_we_oyas_ms1,晚安玛丽的头上被剃了个阴阳头！
阴,U+9634,9,cjk,ev_mon_cl08,特莉·伊奈：死心得真快的阴沟母老鼠呢。,f_mon_09#0,卡特莉·伊奈：那种像阴沟母老鼠一样
隔,U+9694,9,cjk,menu_dic_106#0,参加动机：隔了好久,menu_dic_136#0,参加动机：隔了好久
鞭,U+97AD,9,cjk,eg_du_skdr_ms1#1,气之鞭迸出来。,eg_ms_drgt_at3,糖和鞭
鯱,U+9BF1,9,cjk,menu_dic_eg_ms_drgf#1,而连苍蝇也忘了，自以为是鯱鉾！,menu_dic_eg_ms_drgf#2,每次看见本星的鯱鉾，其实都会有点失落！
齿,U+9F7F,9,cjk,menu_dic_eg_du_coin#2,这种疑问放在心里，又在锯齿的地方嘎吱嘎吱！,f_fri_38#1,那个，中央巨大的齿轮部分
G,U+0047,10,ascii,sysmes_sound_list#42,RIGHT,ev_sun_st_movie02,OAD OF THE EGG 的敲击
p,U+0070,10,ascii,sysmes_sound_list#8,Oops,eg_cv_alec_vo31#0,亚历克桑达：I am speaking at na
五,U+4E94,10,cjk,menu_dic_188#6,兴趣特技：五位数彩票,menu_dic_eg_du_tmse#0,之队长希多战斗而被选中的五名战士！
仅,U+4EC5,10,cjk,menu_dic_337#4,是仅有的长处！,menu_trump031#0,仅仅一小段时间，
冯,U+51AF,10,cjk,eg_pw_tagm_actor2,阿尔冯斯 体谁用坏容效（声优）,eg_pw_tagm_at2,阿尔冯斯
凶,U+51F6,10,cjk,ev_colosseum114#0,男主播：不愧是最强最凶的欧米茄。,ev_colosseum38#1,最强最凶的蛋怪
刷,U+5237,10,cjk,ev_sun_cl62#1,那是雨刷开关吧。,eg_ms_170_l#0,森之三：撒腿就跑刷刷刷的刷！
卸,U+5378,10,cjk,sysmes_dungeon_treasure_command#2,卸下,menu_composite_eggmon_command#1,卸下
句,U+53E5,10,cjk,menu_dic_eg_cv_bari#0,越可怕的狗越会叫，这句话原封不动的蛋怪！,ev_sun_st20#0,蒂安：最后，只在这里说一句
司,U+53F8,10,cjk,menu_dic_65#7,实战中想看看司令部！,ev_ear_st17#0,司令部广播：DEFCON3
咱,U+54B1,10,cjk,eg_cv_heij_vo3,机器人捕快：母亲啊。。咱是咱啊！,eg_cv_mugo_l,机械不动猿：咱死也不动啊。？
咳,U+54B3,10,cjk,ev_ending98,艾格曼：咳咳，那么，重整心情！,eg_cl_otya_vo32,大叔泡饭：咳、咳、咳，谁、谁来，军。
固,U+56FA,10,cjk,menu_dic_eg_cl_ugok#0,不动如山！总之是头顽固的猴子！,menu_dic_eg_cv_mugo#0,不动如山！总之是头顽固猴子的机械！
央,U+592E,10,cjk,menu_composite_eggmon_no_leader#1,配置到小队中央！,menu_dic_566#1,想央求！
娜,U+5A1C,10,cjk,ev_mon_debug_bs03#0,尤娜,ev_wed_debug_bs03#0,尤娜
尝,U+5C1D,10,cjk,menu_dic_145#0,参加动机：想尝尝,menu_dic_257#1,尝尝亲手做的菜！
左,U+5DE6,10,cjk,menu_dic_173#1,都被失终力量左右！,ev_sun_cl61#0,左边的
帕,U+5E15,10,cjk,ev_fri_cl39#2,就是那种相应的帕布丁！,ev_gho_int_b34#0,四次元人：帕昂。居然
幸,U+5E78,10,cjk,wed_f01_help#0,从状不中幸免,ev_gho_int_c07#1,侥幸4呢！
恨,U+6068,10,cjk,menu_dic_eg_du_dkef#2,嘟嘟囔囔的，与其说是怨恨，不如说是嫉妒！,menu_dic_eg_ev_eegg#1,把悲伤和快乐、愤怒和憎恨变成梦幻的力量，
恰,U+6070,10,cjk,eg_du_cofe_vo1,咖啡节拍：恰恰集曼波集恰恰集曼波集,eg_du_mtro_l,节拍器：顿恰。顿恰。顿？恩？噗。嘎。
愚,U+611A,10,cjk,ev_gho_bs39,艾格妈妈：终究是半熟的愚蠢！,ev_gho_int_b27#0,四次元人：愚蠢女婿之子的了结
房,U+623F,10,cjk,menu_dic_217#1,好房间！,menu_dic_217#7,漂亮房间！
揭,U+63ED,10,cjk,eg_cv_bari_ms1,巴里佐贡：心跳。被揭了老底！,eg_cv_bari_ms11,巴里佐贡：心跳。被揭了老底！
易,U+6613,10,cjk,menu_dic_93#1,比较容易找到同伴！,menu_trump088#2,更容易掉蛋！
曾,U+66FE,10,cjk,menu_dic_270#0,参加动机：也曾想过,menu_dic_eg_cl_nalt#1,据说曾经被那宇宙的小池星人绑走
村,U+6751,10,cjk,menu_dic_145#6,兴趣特技：在村里开着,menu_dic_22#1,出生的村子！
杠,U+6760,10,cjk,dg_common_lever,门的杠杆,dg_common_tekken56#1,用杠杆开的门，一层里
梯,U+68AF,10,cjk,ev_plo_test#51,往邻居的梯子上靠梯子的,ev_plo_test#52,是因为想靠梯子，才靠上去的！
汪,U+6C6A,10,cjk,eg_cv_atom_d,阿特美：阿特美泪汪汪的！,eg_du_coin_vo1,一枚硬币：汪汪。
洛,U+6D1B,10,cjk,menu_dic_254#6,兴趣特技：洛克福尔先生,menu_dic_336#6,兴趣特技：叫洛克福尔的人
洞,U+6D1E,10,cjk,menu_trump032#1,迷宫里好像有小小的洞，,test_worldmap_bug#1,还有，漏洞在
浇,U+6D47,10,cjk,eg_we_ttya_at3,浇上,eg_we_ttya_ms1,被浇了捕热的茶。
浴,U+6D74,10,cjk,test_gameover20#2,那挑立还没教完就冲进淋浴,ev_sun_cl44#2,宇宙也不过像浴缸一样哟。
炮,U+70AE,10,cjk,sysmes_sound_list#35,娘炮,menu_dic_eg_cv_tetu#1,可从看起来像大炮的体休里打出的机关数量，
琴,U+7434,10,cjk,menu_dic_160#3,擅长：我用竖琴,menu_dic_160#7,让人移情的竖琴转生！
田,U+7530,10,cjk,menu_dic_eg_cl_otam#0,据说常去田里知情的人，极低概率,eg_du_frns_l#0,兹：卡尔？尼克？多明戈？田中？
疲,U+75B2,10,cjk,menu_monthly_emp_sol#1,招募将军，恢复全员的疲劳！,menu_trump003#1,暂时不会疲劳！
痒,U+75D2,10,cjk,ev_mon_st03#1,开始发痒的星啊。,eg_pk_tmni_ms22#0,透明人：痒得太过，攻击
碗,U+7897,10,cjk,eg_cl_matu_at1,再来一碗。,eg_cl_matu_vo11#0,丈夫：再来一碗！
秀,U+79C0,10,cjk,menu_dic_eg_du_hega#1,每天出手，秀出择的踊矜持！,menu_dic_eg_du_kami#1,现在会从礼帽人那儿秀出华丽的变形！
竖,U+7AD6,10,cjk,menu_dic_160#3,擅长：我用竖琴,menu_dic_160#7,让人移情的竖琴转生！
篇,U+7BC7,10,cjk,ev_mon_cl19#1,闹成痴情纷争，续篇也会受影响呢。,ev_end_pre05#0,这一次，半熟英雄系列完结篇
簌,U+7C0C,10,cjk,eg_we_cali_ms1#1,扑簌扑簌扑簌！,eg_we_cali_ms11#1,扑簌扑簌扑簌！
缝,U+7F1D,10,cjk,gho_f02,次元的缝隙,planet_07_help#1,从次元的夹缝
腰,U+8170,10,cjk,menu_dic_100#1,赢腰果部队！,menu_dic_100#6,兴趣特技：腰果那家伙
艘,U+8258,10,cjk,catori_tutorial#3,塞巴斯蒂安：这艘卡特莉·德·奥马尔,ev_sun_cl45#1,确实，有这艘卡特莉·德·奥马尔的话。
虚,U+865A,10,cjk,menu_dic_281#7,其实心里有点虚！,menu_dic_eg_cv_heij#2,撞了，知道以后最近有点心虚！
蛆,U+86C6,10,cjk,ev_gho_int_a25#0,弗莱迪：放弃的话就是蛆虫啊。,eg_ev_zomb_d#1,全身蛆虫在梦着往外爬。
蝙,U+8759,10,cjk,ev_thu_cl06,马蒂斯：蝙蝠说话了。？,ev_thu_cl31#0,彭普蒂：这些蝙蝠
蝠,U+8760,10,cjk,ev_thu_cl06,马蒂斯：蝙蝠说话了。？,ev_thu_cl31#0,彭普蒂：这些蝙蝠
询,U+8BE2,10,cjk,dg_tutorial_always02_1#0,询问关于修复,dg_tutorial_always02_1#1,询问关于门
谎,U+8C0E,10,cjk,ev_mon_cl15#1,爱你，那都是大谎话。,eg_cu_runa_vo25#0,鲁奈：新与使用的消识谎言不知道败的朋友能做到
贼,U+8D3C,10,cjk,ev_gho_int_b17,卡特莉·伊奈：不是乌贼吗？,ev_gho_int_c04,卡特莉·伊奈：是乌贼吧。？
距,U+8DDD,10,cjk,sysmes_egg_status_name#1,距离下一等级,sysmes_egg_status_name#4,距离下一等级
踏,U+8E0F,10,cjk,ev_end_pre04#1,美丽姿容被践踏者的怒火终于爆发。,ev_end_pre12#1,美丽姿容被践踏者的怒火终于爆发。
踩,U+8E29,10,cjk,menu_trump013#1,把对方踩扁，,menu_trump023#1,对方踩到地雷就会爆炸，
躲,U+8EB2,10,cjk,ev_thu_cl32p,派：我们躲着怪物,eg_ev_rabi_vo2#1,本大爷这一踢，躲得开吗妙。。
醉,U+9189,10,cjk,menu_dic_222#0,参加动机：喝醉了！,ev_april8#0,醉汉：嘿，喂。
附,U+9644,10,cjk,menu_dic_337#7,这附近有在搞吗？,menu_dung_trump_need_target,附近没有能当作对象的人！
鲜,U+9C9C,10,cjk,menu_dic_eg_pw_moon#1,挑战阵白的客界，一边不垮鲜艳的上生！,ev_wed_st10#1,相当鲜艳哟滑梯比基尼火箭拳装备
专,U+4E13,11,cjk,menu_trump089#1,专用王牌！,menu_trump090#0,英雄专用王牌！
伐,U+4F10,11,cjk,menu_dic_eg_cv_mkai#2,星阿弗罗13的体中里，讨伐这世知改的世道！,menu_dic_eg_ev_amon#1,讨伐对手的生气，变形成姿形的
依,U+4F9D,11,cjk,f_mon_14_4#1,依靠这只活猫的力量试试如何,f_mon_14_5#8,依靠这只活猫召来的灾厄之力
充,U+5145,11,cjk,menu_emp_gen_too#0,斯蒂安：我军部队已经十分充足了的说！,planet_01_help#0,充满气与力·的
养,U+517B,11,cjk,ev_mon_bs19#1,被当作父、当作母养大,ev_mon_cl26#1,戴上这顶假发，当作男孩来养！
冒,U+5192,11,cjk,menu_dic_30#0,参加动机：最近冒出来的那个,menu_dic_462#0,来自《放浪冒险谭》的
凑,U+51D1,11,cjk,menu_dic_83#6,兴趣特技：就算当凑数,ev_fri_st30#1,要凑齐新婚用的数字设备
凯,U+51EF,11,cjk,menu_dic_eg_le_baha#2,今天也是，温波科温波科佩凯尼奥佩凯尼奥。,eg_le_baha_vo2,巴哈穆乔：佩凯尼奥佩凯尼奥。
判,U+5224,11,cjk,menu_dic_189#0,参加动机：判明恋爱和战争,menu_dic_eg_du_dady#2,摔跤上场时也会当裁判！
勒,U+52D2,11,cjk,eg_pk_aiss_at2,先勒紧,eg_pk_aiss_ms22,之使者：和气之使者先互相勒着。。
卵,U+5375,11,cjk,eg_pw_eggk_vo3#1,这就是卵之骑士的战法！,ev_solo_uematsu15#12,大卵战
叽,U+53FD,11,cjk,eg_ev_gera_w,盖拉斯：叽嘻嘻嘻嘻！,eg_ev_zomb_vo1#0,僵尸：啵叽。。
啥,U+5565,11,cjk,ev_solo_inu1#0,卡特莉·伊努：啥？有什么事？,ev_solo_inu3#0,卡特莉·伊努：啥啊，这手帕？
喵,U+55B5,11,cjk,eg_ev_beal_vo2#1,嗯喵————————。。。,eg_le_177_l,蛋土箱：噗喵啊啊。。
嚯,U+56AF,11,cjk,ev_mon_cl11,马蒂斯：呜嚯，这可不得了啊。,eg_pk_skyp_vo1,天空公主：嚯嚯嚯嚯。来自本4的礼物哟
困,U+56F0,11,cjk,menu_dic_414#7,有点困！,menu_dic_94#0,参加动机：因为困
展,U+5C55,11,cjk,ev_wed_cl65#1,什么展开啊，这是。,ev_thu_cl56#0,蒂安：半熟史上罕见的严肃展开
归,U+5F52,11,cjk,sysmes_field_unit#1,归还,menu_dic_eg_we_batt#2,好像靠决编在归着赖修！
惨,U+60E8,11,cjk,basis_182,惨叫着倒下伏了！,ev_solo_income17,男主播：看见这惨状的阿尔玛之月
慎,U+614E,11,cjk,f_sun_17#2,请慎重指挥的说。,f_sun_22#0,塞巴斯蒂安：想慎重行动的话
戴,U+6234,11,cjk,menu_dic_eg_du_zoud#0,戴上拥有最强力量的王者的盒,test_gameover20#0,卡特莉·伊奈：戴上一殿的面纱
扁,U+6241,11,cjk,menu_dic_eg_du_slow#2,从旅途解收到的扁箭，被将定成冬天间心死！,menu_trump013#1,把对方踩扁，
扮,U+626E,11,cjk,menu_dic_eg_pw_yjyu#0,那有名长部、所谓在做角色扮演的叶！,eg_cv_megg_ms2#0,机械艾格曼：机械艾格曼打扮了一下，
抗,U+6297,11,cjk,menu_trump064#1,将军们的抗打能力,menu_trump065#1,将军们的抗打能力
挡,U+6321,11,cjk,f_wed_12#1,去路说不定会被挡住！,f_wed_21_2#0,塞巴斯蒂安：人迹之路上，挡住去路的
握,U+63E1,11,cjk,menu_dic_eg_le_ares#2,连竹荚鱼的早作卸也掌握了的他，已经没有了！,f_sun_18#1,就能把我军的星握在手里的说。
显,U+663E,11,cjk,menu_dic_103#7,人家都说我显老！,menu_trump034#0,显微镜下看到的那个形状，
智,U+667A,11,cjk,menu_dic_42#3,擅长：智力很丰富！,ev_fri_cl05,弗莱迪：看来智商大概是19又2分之1那
毁,U+6BC1,11,cjk,ev_gho_int_c22#1,明白了吗？被毁了吗？,ev_ear_cl28#0,弗莱迪：据点毁掉不说，对外面也会造成半
淋,U+6DCB,11,cjk,menu_dic_eg_cl_egsl#1,艾格淋、艾格棒之类，,test_gameover20#2,那挑立还没教完就冲进淋浴
漏,U+6F0F,11,cjk,test_worldmap_bug#1,还有，漏洞在,²¯eXg,窗口要漏出去了。
盔,U+76D4,11,cjk,menu_dic_184#6,兴趣特技：就我一个盔甲人,menu_dic_275#0,参加动机：盔甲的设计
短,U+77ED,11,cjk,f_fri_24#1,必须找出中核，打短期决战的样子呢！,f_fri_25#1,短期决战？
积,U+79EF,11,cjk,menu_dic_202#4,积蓄日常气势！,menu_dic_eg_le_sale#2,一边挨着吐槽，今天也在积分服务开业中！
稳,U+7A33,11,cjk,fri_f04_help#1,动复变得不稳定,f_sun_39#2,再从有星的下方攻，比较稳妥呢。
耶,U+8036,11,cjk,ev_gho_cl_b01#0,好耶。,ev_gho_cl_b07a,凡：好耶。
荒,U+8352,11,cjk,menu_dic_273#0,参加动机：会被说荒唐,menu_dic_eg_we_same#0,像把天使吞雄了的鳄鱼、荒使的鲨鱼那样，
蔫,U+852B,11,cjk,eg_ev_name_l,鼻涕虫人：蔫蔫的啪啪啪啪！,eg_bo_fuyu_ms1#0,冬子：彩色蛋的蛋怪蔫掉了，
补,U+8865,11,cjk,menu_dic_213#3,擅长：用耐力来补,menu_dic_331#6,兴趣特技：填补寂寞的
谈,U+8C08,11,cjk,ev_sun_st25#0,塞巴斯蒂安：那么，闲谈到此为止,ev_fri_st27#1,根本谈不上呢！
赖,U+8D56,11,cjk,menu_dic_eg_pk_otsu#0,对叫阿弗罗13的星形击阵赖，,menu_dic_eg_pw_broc#2,最近综艺节目来的工作阵赖也很少！
车,U+8F66,11,cjk,menu_dic_78#6,兴趣特技：喜欢车！,eg_cl_tiki_ms2#0,鸡：界用力拉板车。
辈,U+8F88,11,cjk,menu_dic_165#1,一辈子，很低呢！,menu_dic_565#6,兴趣特技：一辈子不复！
返,U+8FD4,11,cjk,memcard_saveload_extract#1,返回插槽选择！,sysmes_dic_term#11,返回
郎,U+90CE,11,cjk,sysmes_inu_change_pattern#4,兔女郎,test_movie_player#44,赤叶外郎
震,U+9707,11,cjk,sysmes_option_term#3,画面震动,menu_dic_eg_du_taim#0,泰坦若是掀起地震的地之神，
飘,U+98D8,11,cjk,menu_dic_eg_cl_ball#0,数年前还在百货店楼上飘来飘去，,eg_cl_ball_w,气球雀：高兴得飘飘地样着。
举,U+4E3E,12,cjk,menu_tutorial_mes20#1,打倒队长，敌方就会一举溃败的说。,ev_sun_st49#1,终于要和卡特莉·伊奈大人举行婚礼了的说。
众,U+4F17,12,cjk,menu_trump018#0,民众的口号！,eg_pw_moon_vo31#1,观众：大哥——。好姿势——。
健,U+5065,12,cjk,menu_dic_40#0,参加动机：觉得对健康好,menu_dic_51#1,对健康好吧！
傅,U+5085,12,cjk,eg_cl_judo_l,柔道家：师傅。？原来是师傅,eg_du_syam_ms2#0,沙米尔星人：被杰迪师傅压着！
六,U+516D,12,cjk,menu_dic_eg_pw_mggm#1,其实是为守护世界而集齐的六人气弱！,ev_tue_st46#0,？？？？还以为一定是六角恐龙型
刃,U+5203,12,cjk,menu_dic_346#7,更想要刀刃！,menu_option_stamina#0,可以设定白刃战中的耐力消耗！
右,U+53F3,12,cjk,menu_dic_173#1,都被失终力量左右！,ev_sun_cl61#2,右边的
吹,U+5439,12,cjk,menu_trump025#2,把对方吹飞！,ev_wed_bs16#0,弗莱迪：嘴上可真能吹啊。
夸,U+5938,12,cjk,menu_dic_171#4,自夸也……！,menu_dic_184#3,擅长：自夸这种事
夹,U+5939,12,cjk,menu_dic_eg_du_hega#0,筷子夹了也好笑的那年报的、三姐,menu_dic_eg_le_grcl#1,被夹过脸颊、有过以前回忆的蛋
寞,U+5BDE,12,cjk,menu_dic_331#6,兴趣特技：填补寂寞的,menu_dic_eg_cl_nalt#2,是带着寂寞通道的出入、活着的残渣！
店,U+5E97,12,cjk,menu_dic_125#7,开便利店！,menu_dic_55#7,好想回那家店啊！
悔,U+6094,12,cjk,ev_tue_bs15#1,不过，你会后悔的。,ev_thu_cl44#1,变得不老不死，永远后悔！
挠,U+6320,12,cjk,menu_dic_eg_le_denb#0,明明是乌龟，却会挠谁恋物癖的今家伙！,eg_ev_gera_at1,抓挠
揍,U+63CD,12,cjk,menu_tutorial_mes23,这位会把强力的家伙揍进去！,ev_sun_st73#2,给我毫不留情地揍扁……
昼,U+663C,12,cjk,menu_dic_eg_we_teru#0,晴天体马和真昼酱，一直很要好！,eg_we_teru_l,晴天体马：阿姨真昼——？快点下来！
柄,U+67C4,12,cjk,memcard_format_run#2,手柄等请不要拔出！,memcard_load_run#2,手柄等请不要拔出！
案,U+6848,12,cjk,ev_ear_st57,就是这颗星的总统给出的答案哪！,eg_pw_tagm_at3,胜利图案
池,U+6C60,12,cjk,menu_dic_eg_cl_nalt#1,据说曾经被那宇宙的小池星人绑走过，还反击了，,menu_dic_eg_cv_mnal#0,被那宇宙的小池星人当成兵器的失动力安上
淡,U+6DE1,12,cjk,menu_dic_eg_cv_paz3#0,界热潮也过去了，存在感变淡的她们！,menu_dic_eg_du_cofe#1,把藏着的对那人淡淡的心思乘上节奏，
版,U+7248,12,cjk,menu_dic_348#1,战略版的,menu_dic_362#1,战略版Advance的
献,U+732E,12,cjk,menu_dic_eg_du_zibu#2,我还以为你又要给天使大人献上呢！,ev_gho_bs37#1,献上吧。
磨,U+78E8,12,cjk,menu_dic_124#1,再打磨打磨！,menu_dic_228#7,能打磨心灵！
稽,U+7A3D,12,cjk,sysmes_sound_list#9,滑稽1,sysmes_sound_list#13,滑稽2
缺,U+7F3A,12,cjk,menu_dic_217#4,是缺点吗？,menu_dic_242#1,软弱的缺点！
联,U+8054,12,cjk,menu_dic_178#7,请跟我联系！,menu_dic_189#1,关联很深！
般,U+822C,12,cjk,menu_dic_156#7,怪人般的耐力。,menu_dic_eg_pk_skyp#1,潜着终一般的冷！
蝇,U+8747,12,cjk,menu_dic_eg_ms_drgf#1,进而连苍蝇也忘了，自以为是鯱鉾！,eg_du_belz_at3,采采蝇
踊,U+8E0A,12,cjk,menu_dic_eg_du_hega#1,每天出手，秀出择的踊矜持！,menu_dic_eg_pk_hydr#0,错吧！」把繰土的以定通道踊地
野,U+91CE,12,cjk,menu_dic_323#4,不是太野蛮了！,menu_dic_eg_du_zoud#2,用野兽的牙收人！也被称为恐怖
阻,U+963B,12,cjk,f_wed_21_2#1,海潮正在阻隔呢！,f_thu_28#1,被紫光阻挡！
项,U+9879,12,cjk,sysmes_monthly_term#6,选项,sysmes_title_term#4,选项
骰,U+9AB0,12,cjk,menu_dic_eg_pw_cycl#2,觉得只要连着骰子人气就不会掉！,eg_pw_cycl_at3,骰子眼
黾,U+9EFE,12,cjk,menu_dic_eg_pw_tagm#1,效读当完逃之变，被变成水黾的姿！,eg_pw_tagm,水黾的炼金术师
.,U+002E,13,punct,ev_tue_bs42#1,仅以0.1秒就打出力量蛋！,eg_cv_alec_l#0,亚历克桑达：Oh no.
B,U+0042,13,ascii,memcard_opening_nocard#2,需要有75KB以上空闲容量的存储卡（P,memcard_opening_nomemory_both#2,需要有75KB以上空闲容量的存储卡（P
I,U+0049,13,ascii,sysmes_sound_list#42,RIGHT,eg_cv_alec_vo31#0,亚历克桑达：I am speaking
v,U+0076,13,ascii,menu_dic_141#0,来自《Live A Live》的,menu_dic_177#0,来自《Live A Live》的
严,U+4E25,13,cjk,ev_plo_test#27,，最近的造反作为雄性的威严,ev_mon_bs18#1,很严格的女人啊！
付,U+4ED8,13,cjk,menu_monthly_hensei_evil#1,状况之类，尽是些不好对付的,ev_tue_cl12#1,托付到了你的腰带上！
借,U+501F,13,cjk,menu_dic_165#6,兴趣特技：只借形状,menu_dic_300#0,参加动机：借朋友的机会
噢,U+5662,13,cjk,ev_solo_atashi26#0,卡特莉·伊奈：哇噢呀，豪华饭菜呢呀,ev_solo_ramp16#1,噢里呀啊。。
坐,U+5750,13,cjk,ev_fri_bs04#0,坐下。,ev_fri_bs16#1,坐下。
增,U+589E,13,cjk,ev_tue_cl09#2,那颗蛋，拥有增幅人的气合的力量！,ev_wed_cl66#0,伊奈：再往下，反派角色再增多
宠,U+5BA0,13,cjk,menu_dic_159#3,擅长：冬日美容的宠儿,menu_dic_252#7,宠物能带进去。
宿,U+5BBF,13,cjk,menu_dic_200#7,寄宿在强身体里！,menu_dic_236#6,兴趣特技：把寄宿在手里的理想
念,U+5FF5,13,cjk,menu_dic_102#0,参加动机：怀念以前！,menu_dic_180#1,忽然很怀念！
惊,U+60CA,13,cjk,menu_dic_413#4,别吃惊哦！,ev_mon_cl16,弗莱迪：破坏力好惊人啊！
扇,U+6247,13,cjk,menu_dic_eg_cl_akem#2,手里两把扇子，是从父亲那儿继承来的,eg_pk_gtrd_ms2,格特鲁德：莫名其妙被扇了一巴掌！
抹,U+62B9,13,cjk,menu_trump132#1,抹着奶油的香蕉,ev_ear_bs11#1,必须抹杀。
敲,U+6572,13,cjk,menu_dic_74#7,要敲门哦。,menu_dic_eg_du_wall#2,用里被敲过的生身体，据说从前是软
料,U+6599,13,cjk,menu_dic_eg_du_ifrt#0,火的料理人伊夫里顿端出的菜全是,menu_dic_eg_du_ifrt#2,消里分低怪火、去烤，才是料理的诀窍！
旋,U+65CB,13,cjk,menu_dic_120#7,让我拿回旋镖！,ev_sun_cl48#1,神圣的螺旋之力，会把人送往成熟的海
晶,U+6676,13,cjk,menu_dic_353#1,水晶编年史的,menu_dic_429#1,水晶编年史的
析,U+6790,13,cjk,ev_tue_cl11#0,天马将军：在解析蛋的过程中,ev_tue_st82#1,逼问力量蛋的解析！
楼,U+697C,13,cjk,menu_dic_eg_cl_ball#0,数年前还在百货店楼上飘来飘去，,menu_dic_eg_pk_ripn#0,食人的大楼是少合喜连的生姫男！
混,U+6DF7,13,cjk,menu_dic_167#7,就是人与人的混音！,menu_mission_thu01a#1,引出混合之光，
溜,U+6E9C,13,cjk,ev_fri_cl20#0,迪：唉，脑子像布丁一样滑溜溜的,eg_ms_kken_ms2#0,克拉肯：克拉肯滑溜溜的肌肤闪闪发亮。
爪,U+722A,13,cjk,eg_pw_isgn_l#1,解说爹地：爪子还近呢！,eg_ev_gera_ms1,盖拉斯：盖拉斯用积满垢的爪挠了。
端,U+7AEF,13,cjk,pad_alert#1,连接！请接到手柄端口1，把,menu_dic_eg_du_ifrt#0,火的料理人伊夫里顿端出的菜全是绝品！
翁,U+7FC1,13,cjk,eg_du_109_at3,不倒翁落／攻击,eg_du_109_r#1,新招·不倒翁落／攻击记住了。。
翅,U+7FC5,13,cjk,menu_dic_eg_pw_rddr#0,那翅膀覆着天，吐息把世界变成,eg_pw_rddr_at1,翅膀
蜜,U+871C,13,cjk,menu_dic_eg_ms_mand#1,像被谁始着似的，被蜜蜂様着，,ev_wed_st04#1,度蜜月再合适不过的地方哟
蠕,U+8815,13,cjk,thu_f04_help#1,不愉快地蠕动着,eg_du_zibu_at2,蠕蠕。。
赠,U+8D60,13,cjk,ev_february35#1,这一天要赠一种叫巧克力的东西,ev_march38#1,这一天要回赠情人节的礼
蹦,U+8E66,13,cjk,menu_dic_eg_cl_piku#1,从画框里蹦出来了！,test_gameover16#1,一蹦一蹦地生出来
蹭,U+8E6D,13,cjk,f_sun_31#0,塞巴斯蒂安：来，不能再磨蹭了！,f_fri_57#0,卡特莉·伊奈：别磨蹭了。
遗,U+9057,13,cjk,menu_dic_eg_cv_wood#1,之类的由修，早被遗忘搞错了吧！,ev_mon_st22#0,将军：不是，遗体没有找到。
雨,U+96E8,13,cjk,ev_sun_cl62#1,那是雨刷开关吧。,eg_ms_tpon_at2,抹香雨
雪,U+96EA,13,cjk,menu_dic_567#3,擅长：雪绒花,menu_dic_61#6,兴趣特技：冬天想滑雪
m,U+006D,14,ascii,ev_gho_cl_a132#1,然后我来当。Big Mama。。,eg_cv_alec_vo31#0,亚历克桑达：I am speaking at
减,U+51CF,14,cjk,menu_trump067#1,耐力消耗减轻,menu_trump068#1,耐力消耗减轻
刻,U+523B,14,cjk,menu_tutorial_mes31#1,会立刻获得1回合奖励回合！,menu_tutorial_mes32#1,敌方会立刻获得1回合奖励回合的说！
剧,U+5267,14,cjk,menu_dic_234#1,做电视剧！,menu_dic_243#7,变成独立连续剧！
厄,U+5384,14,cjk,ev_sun_cl16#2,灾厄将降临所有世界！,ev_sun_cl18#2,通往灾厄之间的路，将会打开！
嗒,U+55D2,14,cjk,eg_pk_bbms_at3,啪嗒啪嗒,eg_pk_bbms_ms31#0,宝宝蛾：土脚啪嗒啪嗒，在逃逃。
奖,U+5956,14,cjk,sysmes_field_bonus_term#2,置的奖励,sysmes_field_bonus_term#10,经验奖励
希,U+5E0C,14,cjk,menu_dic_117#7,希望别被讨厌！,menu_dic_eg_du_tmse#0,为了和谜之队长希多战斗而被选中的五名战士
广,U+5E7F,14,cjk,menu_dic_82#0,参加动机：被你们的广告,f_sun_16#1,阵地扩大，移动范围就会变广的说！
惯,U+60EF,14,cjk,menu_dic_227#4,打仗也干惯了！,menu_dic_93#3,擅长：在店里干惯了
摸,U+6478,14,cjk,eg_pk_bbms_ms12#0,撞到宝宝蛾的脚，却被轻轻摸了摸，,eg_pk_bbms_ms121#0,撞到宝宝蛾的脚，却被轻轻摸了摸，
擦,U+64E6,14,cjk,menu_dic_237#4,擦肩而过了！,f_fri_18,彭普蒂：金属摩擦的声音，讨厌！
敢,U+6562,14,cjk,ev_gho_bs38#1,不，竟敢违抗命令,eg_ev_ptdv_vo31#1,敢啊喂。
晕,U+6655,14,cjk,eg_pk_hydr_ms12,许德拉：晕乎乎的。,eg_pk_hydr_ms13,许德拉：晕乎乎的。
杜,U+675C,14,cjk,eg_pk_meds,美杜莎,eg_pk_meds_d,美杜莎：居然对主事出手。可怕
棒,U+68D2,14,cjk,menu_dic_126#6,兴趣特技：嘿，重金属最棒！,menu_dic_80#1,不是很棒吗？
歼,U+6B7C,14,cjk,field_debug_ear#3,歼灭（通关）,field_debug_gho02#3,歼灭（通关）
猜,U+731C,14,cjk,menu_dic_170#1,我怕猜拳！,ev_wed_cl101,巴斯蒂安：哦哦。也就是说猜中了
笨,U+7B28,14,cjk,menu_dic_156#3,擅长：耐力笨蛋,ev_mon_bs17v,凡：笨蛋。
策,U+7B56,14,cjk,menu_dic_132#3,擅长：在备战里出谋划策,menu_dic_240#7,出谋划策！
约,U+7EA6,14,cjk,menu_dic_276#7,马斯卡特小姐约会！,menu_dic_eg_we_brav#2,姿形之气相约的两人！可、！却想把两人
缠,U+7F20,14,cjk,menu_dic_151#6,兴趣特技：再缠下去,ev_sun_st54d#2,这边也是很难缠的角色的说！
翻,U+7FFB,14,cjk,menu_trump129#0,以前把石头翻过来,ev_gho_int_c06#1,你夸耀的苏蒙、库蒙，给打翻了。
规,U+89C4,14,cjk,menu_emp_gen#1,正规部队要花费波奇利的费用！,menu_mission_thu02a#1,在规定的回合内
轮,U+8F6E,14,cjk,catori_tutorial#10,高效地让将军轮换，,menu_dic_144#6,兴趣特技：少见的埴轮
镜,U+955C,14,cjk,menu_dic_eg_du_caml#1,据说有钻进镜子干活的癖好，,menu_dic_eg_du_caml#2,上阵的那副模样，从大白的镜子里一直连着！
隆,U+9686,14,cjk,eg_pw_116_ms1#0,悟空：体复出现的筋斗云轰隆轰隆！,eg_we_kinu_l#0,狛犬：嘎啦嘎啦嘎啦咕隆咚
隐,U+9690,14,cjk,fmenu_gen_01#1,客人，你看着像有点隐情啊？,menu_dic_eg_du_choh#2,活用那隐身装备，用机关炮讨人。
鲸,U+9CB8,14,cjk,test_movie_player#16,星使的鲸标志,test_movie_player#17,星使的鲸标题
仇,U+4EC7,15,cjk,menu_dic_219#1,复仇！,menu_dic_219#6,兴趣特技：复仇就是我的
叹,U+53F9,15,cjk,menu_dic_eg_cv_megg#2,3的变形合体，让孩子们赞叹！,ev_plo_test#43,光叹世道也开不了头。
咚,U+549A,15,cjk,eg_pw_kimr_vo1#5,咚——————。。。,eg_pw_kimr_vo2#4,咚——————。。。
哔,U+54D4,15,cjk,eg_ms_snyt_l,三叶虫：啾哔哔——。。,ev_solo_ote6#1,你这团团（大小变哔）老头！
坠,U+5760,15,cjk,menu_tutorial_sun_02#0,塞巴斯蒂安：奇怪方向的坠落地点，是新大陆！,ev_plo_test#18,奇妙地相遇的两人，从战斗坠入恋情，
帽,U+5E3D,15,cjk,menu_dic_eg_du_kami#1,现在会从礼帽人那儿秀出华丽的变形！,d_dung_0269#0,礼帽人：这一层请小心
序,U+5E8F,15,cjk,menu_dic_eg_cv_mugo#2,可驱动它的程序没装好！,test_movie_player#4,序章标志
恼,U+607C,15,cjk,menu_dic_eg_ms_omed#2,普通年糕，好像认真开始烦恼了！,menu_dic_eg_pw_tera#2,打不开弱姫信息是占讨的烦恼！
涂,U+6D82,15,cjk,menu_dic_107#7,是俺涂的。,menu_dic_159#6,兴趣特技：熟知也涂！
潮,U+6F6E,15,cjk,menu_dic_eg_cv_paz3#0,早欲界热潮也过去了，存在感变淡的她,menu_dic_eg_pk_usap#2,布偶心的斗也站得住，热潮好像已经过去了！
珠,U+73E0,15,cjk,menu_dic_562#0,参加动机：生命（珠）的,menu_dic_eg_du_zoud#1,21入火箭引擎、情？闪耀珠装在脚上，
耗,U+8017,15,cjk,menu_option_stamina#0,可以设定白刃战中的耐力消耗！,menu_option_stamina#1,「连打」：连按○消耗耐力！
胡,U+80E1,15,cjk,menu_dic_eg_pk_usap#0,始着好星的胡萝卜，靠少数集捨活着的,menu_monthly_hensei_color#1,虽然尽是些胡闹的蛋怪，
谅,U+8C05,15,cjk,menu_dic_19#7,能不能原谅我！,ev_mon_st43#1,原、原谅我。
贺,U+8D3A,15,cjk,menu_dic_eg_le_hyak#2,好猛啊可喜可贺，可不是嘛！,menu_dic_eg_pw_boka#0,可喜可贺逃负见进了是好，最近却是
闻,U+95FB,15,cjk,menu_dic_eg_du_fraf#2,传闻不晃的时候强得吓人！,menu_dic_eg_du_kero#2,传闻三股力量合使的铁拳大正在
阱,U+9631,15,cjk,ev_sun_cl63#0,奈：那明明是反物质军用陷阱,ev_thu_cl18#1,这颗星无数的陷阱
颤,U+98A4,15,cjk,ev_sun_cl53#1,颤颤,ev_sun_st65#0,抖抖颤颤
骨,U+9AA8,15,cjk,menu_dic_eg_cv_yata#2,把豚骨汤解成能力，屋台达大地点,menu_trump029#1,把对方抽骨，
h,U+0068,16,ascii,eg_cv_alec_l#0,亚历克桑达：Oh no.,eg_cv_alec_vo31#1, keep up with me.
产,U+4EA7,16,cjk,menu_mission_fri03#0,破坏生产设施后,fri_f01,生产板块
京,U+4EAC,16,cjk,ev_march9#1,鱼翅和竹荪和鱼翅和北京鸭和,eg_bo_boil_at3_kata_10,京子：啊，差不多该把蛋放进
但,U+4F46,16,cjk,menu_battle_help_mes13,能打出大量伤害，但很难全灭对方！,menu_dic_128#4,但会加油！
喊,U+558A,16,cjk,menu_trump111#0,再怎么拼命喊，,eg_pk_milk_ms3,米尔基：米尔基喊着缺钙。
域,U+57DF,16,cjk,menu_worldmap_attack_question,要攻略这个区域吗？,gho_f05,最终·区域5
境,U+5883,16,cjk,menu_dic_302#1,想在新环境扎根！,ev_plo_test#21,终于陷入必须办婚礼的境地！
奏,U+594F,16,cjk,menu_dic_eg_du_cofe#1,的对那人淡淡的心思乘上节奏，,menu_dic_eg_du_mtro#1,糊涂了、开始讨厌知所的节奏
寂,U+5BC2,16,cjk,menu_dic_331#6,兴趣特技：填补寂寞的,menu_dic_eg_cl_nalt#2,是带着寂寞通道的出入、活着的残渣
岛,U+5C9B,16,cjk,test_movie_player#45,木岛「以地,f_wed_09,马蒂斯：好、好大的岛啊。
材,U+6750,16,cjk,menu_dic_208#4,身材吧！,menu_dic_63#1,好像能当段子素材。
横,U+6A2A,16,cjk,menu_dic_eg_pw_eggk#1,讨伐大地上横行的大谁之物。,menu_trump022#0,据说黑猫横穿时，
治,U+6CBB,16,cjk,menu_dic_224#1,就觉得被治愈！,menu_dic_eg_cl_tiki#0,为寻找治好母亲天气的药，
狂,U+72C2,16,cjk,menu_dic_eg_cv_mkai#0,疯狂科学家威军一不商军，把通,menu_dic_eg_du_frkn#0,由疯狂科学家博士造出的、人造人
砸,U+7838,16,cjk,menu_dic_146#1,砸出去。,menu_trump008#1,让落石砸向对方头上！
箭,U+7BAD,16,cjk,menu_dic_eg_du_slow#2,从旅途解收到的扁箭，被将定成冬天间心死！,menu_dic_eg_du_zoud#1,知喜O中21入火箭引擎、情？闪耀珠装在脚上
观,U+89C2,16,cjk,sysmes_planet_preview_agree,要观看影像吗？,ev_thu_st27,塞巴斯蒂安：别破坏世界观。
赚,U+8D5A,16,cjk,menu_dic_115#0,参加动机：用赚来的钱,menu_dic_116#0,参加动机：为了赚钱，不过
轰,U+8F70,16,cjk,f_mon_22#1,毫不留情地轰飞。,eg_pw_116_at1,轰吧。
镰,U+9570,16,cjk,menu_trump134#0,兔子撒旦的镰刀！,ev_thu_st34,以前镰鼬。。
闹,U+95F9,16,cjk,menu_dic_563#3,擅长：庆祝的热闹,menu_dic_93#0,参加动机：热闹的职业
饿,U+997F,16,cjk,ev_tue_st87#1,肚子好像有点饿了哟,ev_ear_cl11#1,肚子饿了
骗,U+9A97,16,cjk,ev_fri_bs18,鲁奈：看来不能被外表骗了。,ev_gho_int_b04,卡特莉·伊努：骗人。？
黄,U+9EC4,16,cjk,f_thu_35_2#0,塞巴斯蒂安：红、蓝、黄各一个,f_fri_82#1,黄的，改造
L,U+004C,17,ascii,pad_alert#0,模拟手柄（DUALSHOCK2）没有,pad_alert#2,模拟手柄（DUALSHOCK2）
丝,U+4E1D,17,cjk,menu_dic_282#7,粉丝第一名是俺。,menu_dic_eg_du_dady#1,比起海葵杰克粉丝更少，
净,U+51C0,17,cjk,menu_dic_358#4,净问讨厌的事！,menu_dic_eg_ms_omed#1,橘子却压坏了、【发了，净是坏事！
劳,U+52B3,17,cjk,menu_monthly_emp_sol#1,招募将军，恢复全员的疲劳！,menu_trump003#1,暂时不会疲劳！
圆,U+5706,17,cjk,menu_dic_eg_ms_unic#2,那圆滚滚的力，会给予金色的）,menu_dic_eg_we_ciwa#0,最近，靠那圆滚滚的力人气起来的吉娃娃
憧,U+61A7,17,cjk,menu_dic_183#1,一直很憧憬。,menu_dic_195#0,参加动机：一直憧憬
憬,U+61AC,17,cjk,menu_dic_183#1,一直很憧憬。,menu_dic_195#0,参加动机：一直憧憬
扫,U+626B,17,cjk,menu_trump124#0,最近扫除的工作,test_gameover08#2,我们一口气就给扫掉了呀
撑,U+6491,17,cjk,menu_dic_181#7,撑不住了！,menu_dic_eg_cv_paz3#2,早造，一直支撑着两只母亲！
朗,U+6717,17,cjk,eg_du_frns,弗朗索瓦兹,eg_du_frns_d,弗朗索瓦兹：力一闪地熟了！
楚,U+695A,17,cjk,menu_dic_eg_cl_tiki#2,天的母亲带去旅行，不太清楚！,f_sun_34_4#0,塞巴斯蒂安：哦哦，您很清楚呢！
源,U+6E90,17,cjk,fmenu_gen_01#0,源桑：欢迎光临。,fmenu_gen_01_2#0,源桑：我家货色强到连英雄都
碎,U+788E,17,cjk,ev_end_pre04#0,伊奈：星海尽头婚礼之梦破碎的卡特莉·伊奈！,ev_end_pre12#0,伊奈：星海尽头婚礼之梦破碎的卡特莉·伊奈！
糖,U+7CD6,17,cjk,eg_le_kegg_vo3#2,艾格曼王：脱氧核糖瑞士虫锗光————束！,eg_ms_drgt_at3,糖和鞭
蠢,U+8822,17,cjk,ev_fri_bs03#2,这群蠢货！,ev_fri_bs12#0,谜之动物：蠢货。别看俺长得这么可爱
词,U+8BCD,17,cjk,sysmes_battle_command#21,胜利台词,sysmes_battle_command#22,失败台词
货,U+8D27,17,cjk,fmenu_gen_01_2#0,源桑：我家货色强到连英雄都比不过，包,menu_dic_eg_cl_ball#0,数年前还在百货店楼上飘来飘去，
醒,U+9192,17,cjk,menu_dic_209#7,请叫醒我！,menu_dic_eg_le_hdes#0,从尸体之星苏醒的、星情的真之王！
鉴,U+9274,17,cjk,sysmes_dic_term#0,部队图鉴,sysmes_dic_term#2,图鉴
闭,U+95ED,17,cjk,sysmes_dungeon_map_help#1,关闭,menu_dic_271#7,闭眼了吗？
l,U+006C,18,ascii,ev_thu_bs06,普蒂：是意为恶意的Evil！,eg_cv_alec_vo21,亚历克桑达：Yellow card.
余,U+4F59,18,cjk,menu_monthly_hensei_kirihuda#2,其余的在战斗里使用会有各种效,ev_gho_bs18#0,弗莱迪：这种多余的关心可不要啊！
兹,U+5179,18,cjk,eg_du_frns,弗朗索瓦兹,eg_du_frns_d,弗朗索瓦兹：力一闪地熟了！
凭,U+51ED,18,cjk,menu_dic_20#3,擅长：凭手头电脑的,menu_dic_eg_le_excv#0,那把收使的剑，石中剑也凭自己的意志动起来了。
划,U+5212,18,cjk,menu_dic_132#3,擅长：在备战里出谋划策,menu_dic_240#7,出谋划策！
剩,U+5269,18,cjk,menu_dic_295#0,参加动机：已经只剩,ev_sun_cl04#2,还剩6颗！
呃,U+5443,18,cjk,ev_sun_cl24#1,呃嘿,ev_sun_st46#0,呃嘿
咔,U+5494,18,cjk,ïbeXg#5,咔咔咔啊始金,eg_pw_moon_ms2,月光肌肉把哑铃咔地吃了。
咦,U+54A6,18,cjk,menu_dic_211#6,兴趣特技：咦，最近,menu_dic_347#0,参加动机：咦
奶,U+5976,18,cjk,menu_dic_30#6,兴趣特技：午饭有酸奶,menu_trump125#1,香蕉和奶油！
她,U+5979,18,cjk,menu_dic_282#1,可爱的她！,menu_dic_291#6,兴趣特技：叫马斯卡特的她
妻,U+59BB,18,cjk,ev_sun_st72#1,才是妻子的本分！,ev_mon_cl50#2,正经未婚妻了。
封,U+5C01,18,cjk,menu_dic_eg_cv_bari#0,可怕的狗越会叫，这句话原封不动的蛋怪！,menu_dic_eg_ev_amon#2,被封印的力量一旦解放，常常和
局,U+5C40,18,cjk,catori_tutorial#11,就能把战局推向有利的说。,menu_dic_562#4,结局可不会做！
异,U+5F02,18,cjk,menu_mission_gho01#0,攻陷那副怪异模样的,menu_trump_special_category#1,异常等、改变战况的王牌！
或,U+6216,18,cjk,catori_tutorial#6,巴斯蒂安：不过，其他星球或战场等,menu_dic_eg_ev_veno#2,你或许也能变成蛋怪！
抖,U+6296,18,cjk,menu_dic_eg_ms_eggb#2,蛋世界在发抖，你也感受得到吧。,menu_dic_eg_ms_tiky#2,在，地球酱的弱在让世界发抖。
推,U+63A8,18,cjk,catori_tutorial#11,就能把战局推向有利的说。,menu_dic_179#1,推辞不掉！
杯,U+676F,18,cjk,menu_trump125#0,玻璃杯里的,menu_trump132#0,脏玻璃杯里
沉,U+6C89,18,cjk,menu_dic_32#6,兴趣特技：盔甲太沉了吧！,menu_dic_51#6,兴趣特技：盔甲太沉
烧,U+70E7,18,cjk,ev_sun_st68#2,已经燃烧得比怪陨石还旺了啦,ev_sun_st76#0,卡特莉·伊奈：然后燃烧起来吧！
甜,U+751C,18,cjk,menu_dic_153#7,甜的！,menu_dic_570#7,甜甜的最喜欢。
略,U+7565,18,cjk,menu_dic_348#1,战略版的,menu_dic_362#1,战略版Advance的
病,U+75C5,18,cjk,menu_dic_eg_pk_gtfy#0,把个子小当心病的妖精向星星,ev_thu_cl22#0,彭普蒂：病毒转眼间蔓延开来
百,U+767E,18,cjk,menu_dic_eg_cl_ball#0,数年前还在百货店楼上飘来飘去，,ev_mon_bs20#1,也是千锤百炼的剑客！
糕,U+7CD5,18,cjk,menu_dic_319#4,做蛋糕很擅长！,menu_dic_319#7,就想做蛋糕！
缘,U+7F18,18,cjk,ev_tue_st73,塞巴斯蒂安：就是这个缘故的说！,ev_thu_cl39#0,彭普蒂：在绝望边缘的吾，被吸血鬼袭击了！
至,U+81F3,18,cjk,thu_f01_help#1,甚至感到巨大的气息,ev_wed_st30#1,是至今没见过的生物。
逊,U+900A,18,cjk,eg_pk_amaz,亚马逊,eg_pk_amaz_d,亚马逊：亚马逊好像在合着痛。
骷,U+9AB7,18,cjk,menu_dic_eg_du_skdr#2,骷髅龙作为老了的料理，年轻,eg_du_skdr,骷髅龙
髅,U+9AC5,18,cjk,menu_dic_eg_du_skdr#2,骷髅龙作为老了的料理，年轻部,eg_du_skdr,骷髅龙
～,U+FF5E,18,punct,ev_ear_gameover02#2,～第三行星传说～,ev_ear_pre04#0,下次，半熟英雄4～7人的半熟英雄～终章。。
R,U+0052,19,ascii,sysmes_saveload_term#10,BROKEN DATA,sysmes_sound_list#42,RIGHT
万,U+4E07,19,cjk,menu_dic_eg_cv_atom#1,以十万马力，为救世界而战！,f_sun_24_4#0,塞巴斯蒂安：万一游戏结束的时候，
具,U+5177,19,cjk,menu_dic_564#6,兴趣特技：以前文具也是,menu_dic_569#1,玩具！
冷,U+51B7,19,cjk,menu_dic_166#7,心冷静下来！,menu_dic_eg_ev_smok#0,人烟住，那存在王者是大叔冷笑话！
即,U+5373,19,cjk,menu_dic_eg_ev_zomb#2,即便如此，梦好像是变得像哈,menu_trump084#1,即使部队死掉了
啧,U+5567,19,cjk,ev_wed_cl65#0,卡特莉·伊奈：（啧。,f_wed_05#0,马蒂斯：啧。这家伙，有点
啰,U+5570,19,cjk,ev_gho_int_a04#0,虽然啰嗦，没看过的请看系列第3,eg_pk_amaz_vo1,亚马逊：啰嗦。。
嫌,U+5ACC,19,cjk,menu_dic_78#0,参加动机：不嫌弃的话,menu_dic_eg_du_taim#2,老是认真不起来，是嫌马的表现吗？
属,U+5C5E,19,cjk,menu_dic_126#1,有点金属范吧？,menu_dic_126#6,兴趣特技：嘿，重金属最棒！
山,U+5C71,19,cjk,menu_dic_eg_cl_ugok#0,不动如山！总之是头顽固的猴子！,menu_dic_eg_cv_mugo#0,不动如山！总之是头顽固猴子的机械
担,U+62C5,19,cjk,menu_dic_246#7,人气担当！,menu_dic_288#3,擅长：战斗的担当
捨,U+6368,19,cjk,sysmes_sound_list#10,捨所以新队长,menu_dic_eg_pk_usap#0,着好星的胡萝卜，靠少数集捨活着的
掌,U+638C,19,cjk,menu_dic_242#4,仙人掌！,menu_dic_eg_le_ares#2,连竹荚鱼的早作卸也掌握了的他，已经没有了！
摔,U+6454,19,cjk,menu_dic_124#0,参加动机：想把俺的摔跤魂,menu_dic_124#3,擅长：摔跤的话
旁,U+65C1,19,cjk,menu_dic_eg_we_kinu#1,旁边待过，这种叶的间繰并非,menu_tutorial_mes16_b#0,塞巴斯蒂安：殿下旁边的两位
档,U+6863,19,cjk,memcard_load_broken#0,「半熟英雄4」的存档数据已损坏！,memcard_load_nodata,没有「半熟英雄4」的存档数据！
毛,U+6BDB,19,cjk,menu_dic_377#6,兴趣特技：战斗中的鼻毛,menu_trump120,很大的毛豆哦！
牛,U+725B,19,cjk,menu_dic_299#6,兴趣特技：在家的牛仔竞技美容,ev_tue_bs14#0,弗莱迪：打到用屁股喝牛奶
瑞,U+745E,19,cjk,menu_dic_eg_le_ares#0,剑术自负要当第一的队长阿瑞斯！,eg_le_ares,阿瑞斯
甲,U+7532,19,cjk,menu_dic_184#6,兴趣特技：就我一个盔甲人,menu_dic_275#0,参加动机：盔甲的设计
累,U+7D2F,19,cjk,menu_dic_205#6,兴趣特技：日常累了,menu_dic_209#1,现在很累！
莎,U+838E,19,cjk,menu_dic_191#6,兴趣特技：亚莉莎部队,eg_pk_meds,美杜莎
薯,U+85AF,19,cjk,ev_thu_cl13#0,塞巴斯蒂安：净吃薯片和快餐,eg_pk_miju_at3,薯片
遍,U+904D,19,cjk,menu_dic_253#1,就能走遍诸地吧！,menu_dic_347#7,该从外再看一遍。
采,U+91C7,19,cjk,menu_dic_eg_cl_tsuh#1,是，收录结束后到有问题的采购为止的空档,ev_tue_st29#0,鲁奈：总之先采取战斗态势
零,U+96F6,19,cjk,sysmes_field_bonus_term#8,零。,menu_dic_37#0,参加动机：零花钱什么的
鼹,U+9F39,19,cjk,eg_du_mggm,鼹鼠降,eg_du_mggm_d,鼹鼠降：靠努力和上反，呼着
c,U+0063,20,ascii,menu_dic_362#1,战略版Advance的,menu_dic_365#1,战略版Advance的
募,U+52DF,20,cjk,sysmes_monthly_term#0,招募将军,sysmes_monthly_term#4,招募部队
及,U+53CA,20,cjk,f_sun_42_2#1,以及蛋怪战斗的时候,ev_mon_cl37,等不及的话，请去买足立『定梦复
另,U+53E6,20,cjk,ev_sun_st13#1,有机会的话，另外2作也,ev_sun_st74#1,另两人编成小队，迎向怪陨石
咻,U+54BB,20,cjk,eg_pw_116_vo32_b#0,豚悟空：沙悟净咻————。,eg_ev_cand_w,蜡滴：燃燃的咻。
响,U+54CD,20,cjk,menu_dic_eg_ms_eggb#1,把世界的母惜解掉了、回响欢喜的那敌，,menu_tutorial_mes20a,塞巴斯蒂安：那么，锣响之后战斗就开始的说。
嘴,U+5634,20,cjk,menu_dic_eg_ms_grap#0,比如说，老把上生様在嘴边的你的父亲，,menu_dic_eg_pk_ripn#2,作为他的粉丝，比起嘴唇，更喜欢那】的脚！
国,U+56FD,20,cjk,menu_dic_eg_cv_alec#0,白气的美国人知小少装先生，和巨大的,menu_dic_eg_du_kero#0,克罗、贝罗和斯，是法国出生的要好小狗！
块,U+5757,20,cjk,menu_mission_fri02#1,板块的移动，,menu_mission_fri04#1,板块的移动，
套,U+5957,20,cjk,menu_dic_82#7,我会穿招聘套装！,ev_gho_int_c12#1,四次元的笑话虽说模式老套
宁,U+5B81,20,cjk,menu_dic_eg_pw_nymp#1,把人激迷住的商气宁芙！他柔韧的唤,eg_pw_nymp,宁芙
宋,U+5B8B,20,cjk,menu_dic_eg_cv_borc#0,菜就交给我。热情通道菜罗宋汤动起来了！,eg_cv_borc,罗宋汤
尾,U+5C3E,20,cjk,menu_dic_eg_ms_drgt#2,尾巴和角要用得来，好像还得,test_movie_player#1,结尾
忙,U+5FD9,20,cjk,menu_dic_246#1,大家的忙啊。,test_gameover15#1,还真是帮了大忙啊。
悲,U+60B2,20,cjk,menu_dic_eg_du_kero#1,精心定好的卷发一乱，就会悲伤地逛魔场！,menu_dic_eg_ev_eegg#1,把悲伤和快乐、愤怒和憎恨变成
戒,U+6212,20,cjk,menu_dic_eg_du_choh#0,猪八戒的机械！吃饭行动很擅长！,eg_du_choh,猪八戒
末,U+672B,20,cjk,menu_dic_eg_le_bktg#0,据说一出100自在超市被末着，,menu_dic_eg_le_bktg#1,全近末不掉，就变成蛋怪了！
板,U+677F,20,cjk,menu_dic_374#1,滑滑板！,menu_mission_fri02#1,板块的移动，
燃,U+71C3,20,cjk,ev_sun_st68#2,已经燃烧得比怪陨石还旺了啦,ev_sun_st76#0,卡特莉·伊奈：然后燃烧起来吧！
瓦,U+74E6,20,cjk,test_movie_player#43,持是和哈瓦那辣椒,ev_fri_st32#1,我想把最终幻想X-3里瓦卡的兜裆布
疑,U+7591,20,cjk,menu_dic_eg_du_coin#2,把这种疑问放在心里，又在锯齿的地,menu_trump126#1,感觉有可疑的商贩气息！
祭,U+796D,20,cjk,menu_dic_eg_ev_beal#0,把各种各样的怪物当活祭当成自己的力量，,menu_dic_eg_ev_beal#2,复回活祭的力量时，星消里好像很舒
糟,U+7CDF,20,cjk,menu_dic_eg_we_pppm#2,到初上的入，星消里心情很糟！,ev_wed_st47,卡特莉·伊努：糟透了呢
考,U+8003,20,cjk,ev_plo_test#5,但考虑到用户友好，改成中文了,ev_tue_st93#1,都在考虑吧。
聚,U+805A,20,cjk,fri_f08_help#1,强者们聚集之地,mon_f06_help#1,强者们聚集之地
舒,U+8212,20,cjk,menu_dic_227#7,真舒服啊！,menu_dic_257#6,兴趣特技：舒泽特小姐
蕉,U+8549,20,cjk,menu_trump125#1,香蕉和奶油！,menu_trump132#1,抹着奶油的香蕉
论,U+8BBA,20,cjk,menu_dic_402#3,擅长：无论剑还是手,menu_dic_eg_pk_skyp#0,无论何时自己都是第一！从高处
证,U+8BC1,20,cjk,menu_trump097#0,证明在某处打倒过,menu_trump098#0,证明在某处打倒过
谓,U+8C13,20,cjk,menu_dic_107#1,什么理由都无所谓吧！,menu_dic_97#0,参加动机：无所谓吧！
邦,U+90A6,20,cjk,menu_dic_288#0,参加动机：乌托邦,menu_dic_eg_du_wall#1,每天分泌肾上腺素，硬邦邦地耸立！
g,U+0067,21,ascii,ev_gho_cl_a132#1,然后我来当。Big Mama。。,ev_end_pre14,佐佐木功：Egg Keeeck。。
习,U+4E60,21,cjk,menu_dic_84#0,参加动机：部队实习、,menu_dic_84#1,第二学期实习的一环！
价,U+4EF7,21,cjk,sysmes_buy_trump_term#1,价格,menu_dic_eg_we_moza#0,来也像谁的熟事，可是货真价实的怪物！
值,U+503C,21,cjk,menu_dic_275#6,兴趣特技：其他能力值,menu_trump075#1,获得的半熟值提升！
呆,U+5446,21,cjk,menu_dic_eg_du_ifrt#1,好吃到看呆、人已经写出来了！,menu_tutorial_mes29#1,上方是暴怒状态，最下方是呆滞状态的说！
嘟,U+561F,21,cjk,menu_dic_eg_du_dkef#2,嘟嘟囔囔的，与其说是怨恨，,eg_pk_milk_vo12,米尔基：咕嘟咕嘟咕嘟（喝叶客状）
怖,U+6016,21,cjk,menu_dic_eg_du_zoud#2,野兽的牙收人！也被称为恐怖的大王！,menu_dic_eg_le_hdes#1,，把占的「的体全部丢进恐怖，
急,U+6025,21,cjk,menu_tutorial_mes22#1,别着急，慢慢操作手柄！,ev_sun_st35#3,旁白：还是觉得烦的急性子
悠,U+60A0,21,cjk,menu_dic_149#1,属于兴趣悠闲那挂！,menu_dic_249#0,参加动机：体育悠闲。
排,U+6392,21,cjk,menu_dic_60#7,安排在安静的地方？,menu_status_general_dic#1,可以排列用过的部队！
段,U+6BB5,21,cjk,menu_dic_161#0,参加动机：作为人生的一段插曲,menu_dic_312#7,啊！段子撞了。
滴,U+6EF4,21,cjk,eg_ev_cand,蜡滴,eg_ev_cand_at1,滴蜡
猛,U+731B,21,cjk,menu_dic_eg_le_hyak#2,好猛啊可喜可贺，可不是嘛！,ev_plo_test#68,那里有破坏人类合「的勇猛协
番,U+756A,21,cjk,sysmes_battle_status#9,番,sysmes_battle_status_enemy#9,番
脱,U+8131,21,cjk,menu_trump035#0,从战斗或迷宫脱出！,ev_wed_cl15#1,指出了从洪水中逃脱之地！
萨,U+8428,21,cjk,menu_dic_eg_le_chob#2,别开到铁拳去，吉萨尔的空气可别力着哦！,ïbeXg#10,萨萨萨拉
蜍,U+870D,21,cjk,eg_pw_bari,巴里·蟾蜍,eg_pw_bari_d,巴里·蟾蜍：巴里·蟾蜍吃了好的一击
蜡,U+8721,21,cjk,eg_ev_cand,蜡滴,eg_ev_cand_at1,滴蜡
蟾,U+87FE,21,cjk,eg_pw_bari,巴里·蟾蜍,eg_pw_bari_d,巴里·蟾蜍：巴里·蟾蜍吃了好的一
诉,U+8BC9,21,cjk,menu_dic_186#7,到时请悄悄告诉我！,menu_dic_94#1,理由才不告诉你！
退,U+9000,21,cjk,sysmes_battle_command#5,撤退,sysmes_field_bonus_term#3,撤退。
铃,U+94C3,21,cjk,sysmes_sound_list#11,叮铃,ïbeXgR,塞巴斯蒂安选塔铃！
餐,U+9910,21,cjk,ev_wed_st21#2,滚动特餐哟,ev_thu_cl13#0,塞巴斯蒂安：净吃薯片和快餐
倍,U+500D,22,cjk,ev_sun_st35#1,按住SELECT是2倍速。,ev_sun_st35#2,组合起来能4倍速快进。
僵,U+50F5,22,cjk,menu_dic_eg_ev_mamy#1,蛋怪僵尸的决的姿态！,menu_dic_eg_ev_zomb#0,说是有？的事场占，可变成僵尸
寻,U+5BFB,22,cjk,menu_dic_263#0,参加动机：为了寻求邂逅,menu_dic_316#0,参加动机：为了寻找
悄,U+6084,22,cjk,menu_dic_186#7,到时请悄悄告诉我！,ev_sun_st22#1,只告诉我，悄悄地！
拔,U+62D4,22,cjk,memcard_format_run#2,手柄等请不要拔出！,memcard_load_run#2,手柄等请不要拔出！
拼,U+62FC,22,cjk,menu_dic_322#3,擅长：拼布的话,menu_dic_322#7,拼布社团！
旅,U+65C5,22,cjk,menu_dic_154#1,当个旅行者。,menu_dic_196#6,兴趣特技：最近对旅途的人生
暴,U+66B4,22,cjk,menu_tutorial_mes29#1,最上方是暴怒状态，最下方是呆滞状态,menu_tutorial_mes31#0,进入暴怒状态后，
根,U+6839,22,cjk,menu_dic_302#1,想在新环境扎根！,menu_dic_358#7,根本不想干！
植,U+690D,22,cjk,ev_sun_st17,塞巴斯蒂安：哦哦。连移植版也算上吗？,eg_we_drug_ms32#0,龙：龙把那手术移植给了德拉贡。
欸,U+6B38,22,cjk,eg_ev_gost_l,幽灵：啾欸欸欸——。。。,eg_ev_gost_vo1,幽灵：啾欸欸欸——。。。
涡,U+6DA1,22,cjk,eg_cl_nalt_at2,漩涡,eg_cv_mnal_at2,漩涡
漩,U+6F29,22,cjk,eg_cl_nalt_at2,漩涡,eg_cv_mnal_at2,漩涡
烈,U+70C8,22,cjk,menu_dic_103#1,激烈地活动身体！,menu_dic_451#0,参加动机：被父亲强烈推荐
碰,U+78B0,22,cjk,menu_dic_126#3,擅长：碰我的话,menu_dic_297#7,可别碰哦！
绘,U+7ED8,22,cjk,eg_bo_boil_at3_kata_1#0,绘美：啊啊，,eg_bo_boil_at3_kata_11,绘美：就这样放着行吗？
耀,U+8000,22,cjk,menu_dic_113#4,也没什么好炫耀！,menu_dic_268#3,擅长：能拿来炫耀的
股,U+80A1,22,cjk,menu_dic_33#0,参加动机：这股涌出来的热情,menu_dic_357#3,擅长：这股力量
胆,U+80C6,22,cjk,menu_dic_319#0,参加动机：胆小的缺点,test_gameover22#0,卡特莉·伊奈：大鲔和海胆和大鲔和
蚪,U+86AA,22,cjk,menu_dic_eg_cl_otam#1,能看见、宇宙人族的一匹蝌蚪！,eg_cl_otam,站立蝌蚪
蝌,U+874C,22,cjk,menu_dic_eg_cl_otam#1,才能看见、宇宙人族的一匹蝌蚪！,eg_cl_otam,站立蝌蚪
衡,U+8861,22,cjk,eg_pk_miju_d,梅汁：力的效让平衡失了。,eg_ev_oiju_d,欧伊汁：力的效让平衡失了。
追,U+8FFD,22,cjk,menu_dic_159#1,是追也追不上的东西！,menu_dic_234#3,擅长：追逐梦想的
霜,U+971C,22,cjk,ev_tue_bs13#0,：打到力气死一样打成蛋白霜,ev_wed_cl02#1,居然打倒了吾的霜之宝宝！
A,U+0041,23,ascii,pad_alert#0,模拟手柄（DUALSHOCK2）没有,pad_alert#2,模拟手柄（DUALSHOCK2）
k,U+006B,23,ascii,ev_end_pre14,木功：Egg Keeeck。。,eg_cv_alec_vo31#0,桑达：I am speaking at nativ
业,U+4E1A,23,cjk,menu_dic_195#6,兴趣特技：职业又调动了？,menu_dic_282#4,还挺有商业头脑！
储,U+50A8,23,cjk,memcard_format_ask#0,插槽中的存储卡（PS2）,memcard_format_fault#0,插槽中的存储卡（PS2）
医,U+533B,23,cjk,eg_cv_mkai,机械医生夫妇,eg_cv_mkai_d,机械医生夫妇：和势地星的对战，
吱,U+5431,23,cjk,menu_dic_eg_du_coin#2,在心里，又在锯齿的地方嘎吱嘎吱！,menu_dic_eg_ms_snyt#1,舔来舔去、咯吱咯吱，
咬,U+54AC,23,cjk,menu_dic_151#7,可要咬人了。要叫了。,eg_pk_pegg_d#1,咬紧牙关忍着痛！
影,U+5F71,23,cjk,fmenu_momo_01a#2,王牌的影像被藏起来了的说！,sysmes_planet_preview_agree,要观看影像吗？
拥,U+62E5,23,cjk,menu_dic_eg_cv_megg#0,拥有金色姿态、机械身体的艾,menu_dic_eg_du_jido#0,拥有吉铎里姆合金身体的、有
挥,U+6325,23,cjk,menu_dic_33#1,想找地方发挥！,menu_dic_424#0,参加动机：想从事能发挥
条,U+6761,23,cjk,menu_dic_203#0,参加动机：把这条命为了和平,menu_tutorial_mes18#1,橙色的计量条里可以操作确认的说！
泰,U+6CF0,23,cjk,menu_dic_eg_du_taim#0,泰坦若是掀起地震的地之神，,menu_dic_eg_du_taim#1,泰曼则是该干的时候就干、使
涌,U+6D8C,23,cjk,menu_dic_33#0,参加动机：这股涌出来的热情,ev_gho_int_b44,鲁奈：总觉得涌出勇气了。
滑,U+6ED1,23,cjk,sysmes_sound_list#9,滑稽1,sysmes_sound_list#13,滑稽2
繰,U+7E70,23,cjk,menu_dic_eg_pk_amaz#0,把那悩的容貌变成以前的临繰、连着初的战士！,menu_dic_eg_pk_hydr#0,「呐，不错吧！」把繰土的以定通道踊地
聊,U+804A,23,cjk,menu_dic_31#4,这种无聊的事？,menu_dic_555#0,参加动机：好无聊！
腻,U+817B,23,cjk,menu_dic_412#1,每天好像不会腻！,d_dung_0254#0,腻了的人：腻了。
薪,U+85AA,23,cjk,sysmes_parameter#5,薪水,menu_dic_101#6,兴趣特技：俺薪水低
虎,U+864E,23,cjk,menu_dic_eg_le_bktg#2,梦见变成活虎的那天，黑虎今天也在战斗,menu_dic_eg_le_hyak#0,凉凉的殿虎，是？败事出生的终使！
蜓,U+8713,23,cjk,menu_trump106#0,好大的蜻蜓！,eg_cl_nalt_ms23,鸣门：不是蜻蜓。
蜻,U+873B,23,cjk,menu_trump106#0,好大的蜻蜓！,eg_cl_nalt_ms23,鸣门：不是蜻蜓。
蝗,U+8757,23,cjk,menu_dic_eg_we_batt#0,从人心況长的地方逃出来的蝗虫！,eg_we_batt,蝗虫仔
锁,U+9501,23,cjk,menu_trump114#0,用来打开上锁空箱的,ev_sun_cl68#1,斩断灾厄的连锁的说！
锅,U+9505,23,cjk,menu_dic_eg_cl_flyp#0,那张脸的身体、会飞的平底锅！,menu_dic_eg_cl_flyp#1,蛋里飞出平底锅这种不可思议的说法，
鼠,U+9F20,23,cjk,ev_mon_cl08,奈：死心得真快的阴沟母老鼠呢。,ev_mon_cl10,鲁奈：谁是老鼠？
C,U+0043,24,ascii,pad_alert#0,模拟手柄（DUALSHOCK2）没有,pad_alert#2,模拟手柄（DUALSHOCK2）
u,U+0075,24,ascii,eg_cv_alec_vo31#1,try to keep up with me.,eg_cv_alec_vo32#0,达：How are you doing today
乘,U+4E58,24,cjk,menu_dic_115#6,兴趣特技：让人乘着风筝,menu_dic_eg_cv_pwra#0,好22话里，眠力米卡乘着的机器知惑
劈,U+5288,24,cjk,menu_dic_eg_cl_eggm#2,这回，那记连环劈会传到谁身上呢？,eg_pw_isgn_at1,海葵劈
印,U+5370,24,cjk,menu_dic_373#6,兴趣特技：也就是印笼吧！,menu_dic_eg_ev_amon#2,被封印的力量一旦解放，常常和人
妙,U+5999,24,cjk,menu_dic_eg_du_belz#1,想疼又难碰、微妙的存在！,menu_mission_mon02#0,一边巧妙操纵
州,U+5DDE,24,cjk,eg_we_cali,加州卷,eg_we_cali_d,加州卷：正在拼命捡掉下来的芝
幽,U+5E7D,24,cjk,ev_thu_st05#0,鲁奈：总觉得，幽灵什么的,ev_thu_st08#0,弗莱迪：榆木啦幽灵啦
抽,U+62BD,24,cjk,menu_trump029#1,把对方抽骨，,eg_pw_moon_d,光肌肉：月光肌肉的肌肉在抽动。
撤,U+64A4,24,cjk,sysmes_battle_command#5,撤退,sysmes_field_bonus_term#3,撤退。
杆,U+6746,24,cjk,menu_tutorial_mes16#1,用模拟摇杆可以自由移动全员的说。,dg_common_lever,门的杠杆
李,U+674E,24,cjk,menu_dic_eg_pw_broc#1,地上正义的西兰花·李！代号是龙！,eg_pw_broc,西兰花·李
架,U+67B6,24,cjk,menu_dic_57#3,擅长：战斗和打架,menu_dic_57#6,兴趣特技：要是打架
毫,U+6BEB,24,cjk,menu_dic_eg_du_kami#2,本人毫不客气地说自己不是真力而,menu_dic_eg_ev_cand#1,的段子收集和移着法的败新毫不嫌弃，
永,U+6C38,24,cjk,menu_dic_461#6,兴趣特技：永远喜爱,ev_mon_cl31,马蒂斯：你也跟父母永别了啊！
舔,U+8214,24,cjk,menu_dic_172#6,兴趣特技：这个，舔一舔,menu_dic_eg_cv_bari#2,不光舔竖强，还把活决掉，这才是
诞,U+8BDE,24,cjk,menu_monthly_hensei_cyber#1,可以召唤在宇宙中诞生的蛋怪的说！,menu_monthly_hensei_web#2,会诞生新的蛋怪的说！
赏,U+8D4F,24,cjk,ev_sun_st12#1,请务必赏光。,ev_sun_st13#2,请务必赏光。
露,U+9732,24,cjk,f_mon_03#0,塞巴斯蒂安：那处露骨地可疑的场所,ev_gho_cl_a133,卡特莉·伊努：太露骨了吧！
r,U+0072,25,ascii,eg_cv_alec_vo21,桑达：Yellow card.,eg_cv_alec_vo22,亚历克桑达：Red card.
且,U+4E14,25,cjk,menu_dic_eg_le_kegg#0,蛋怪之、且完着蛋世界全部攻团的体！,ev_sun_cl32#0,塞巴斯蒂安：而且，我们这颗蛋的职责
书,U+4E66,25,cjk,menu_dic_125#4,站着看书练出来的！,menu_dic_164#0,参加动机：写在书上了！
仔,U+4ED4,25,cjk,menu_dic_299#6,兴趣特技：在家的牛仔竞技美容,f_sun_42_4#2,想仔细看地图的时候，这个最有
俘,U+4FD8,25,cjk,dg_tutorial_always01#0,被俘者：对这座迷宫的被俘者,dg_tutorial_always03#0,被俘者：「左摇杆」移动自己，
农,U+519C,25,cjk,eg_pw_boka_at3,榴弹加农,eg_pw_boka_ms3,乱打教：完整土之力加农，识被打空了。
吞,U+541E,25,cjk,menu_dic_eg_du_dopl#1,然后嗖地被自己吞掉了！,menu_dic_eg_le_hdes#2,被那可怖的气场所吞，任强也别想活着回去！
吵,U+5435,25,cjk,menu_dic_324#1,家里会吵！,menu_dic_358#0,参加动机：吵死了！
堤,U+5824,25,cjk,menu_dic_eg_ms_tpon#0,迎面的攻击，挑迎面明负的堤丰，,eg_ms_tpon,堤丰
夜,U+591C,25,cjk,menu_dic_220#0,来自《寄生前夜》的,menu_dic_72#3,擅长：被夜生活磨过
学,U+5B66,25,cjk,menu_dic_203#7,是人生的大学分校！,menu_dic_82#3,擅长：在大道上学的处世
摆,U+6446,25,cjk,menu_dic_183#6,兴趣特技：摆弄机械的话,menu_dic_eg_cv_sexy#2,全是可爱角色！是待解的摇摆吗！
既,U+65E2,25,cjk,menu_dic_99#6,兴趣特技：现在既没有蛋,menu_dic_eg_du_hagu#1,既不是跟店里的叔叔吵架跑出
汉,U+6C49,25,cjk,ev_gho_int_a27#0,塞巴斯蒂安：这是男子汉的气魄的说,ev_gho_int_c14#0,塞巴斯蒂安：男子汉不必在这种地方
河,U+6CB3,25,cjk,menu_dic_eg_le_kaba#0,开周了的、从败活到现在的河马！,menu_dic_eg_le_ngen#2,同伴里有叫河马贡的！
牙,U+7259,25,cjk,menu_dic_eg_du_zoud#2,用野兽的牙收人！也被称为恐怖的大王,eg_pw_kimr_vo2#0,奇美拉王：不打吗不龇牙吗
狗,U+72D7,25,cjk,menu_dic_eg_cv_bari#0,越可怕的狗越会叫，这句话原封不动的,menu_dic_eg_du_frkn#0,家博士造出的、人造人间的狗机器人！
细,U+7EC6,25,cjk,sysmes_battle_command#25,详细查看,sysmes_field_unit#4,详细查看
绿,U+7EFF,25,cjk,eg_cv_166_at1,绿锤,eg_cv_166_at2,绿火箭筒
职,U+804C,25,cjk,menu_dic_195#6,兴趣特技：职业又调动了？,menu_dic_295#4,研究职的！
芙,U+8299,25,cjk,menu_dic_eg_pw_nymp#1,把人激迷住的商气宁芙！他柔韧的唤,ev_mon_debug_bs03#4,芙兰
贝,U+8D1D,25,cjk,menu_dic_291#4,更想把这双手当宝贝！,menu_dic_eg_du_kero#0,克罗、贝罗和斯，是法国出生的要好
赫,U+8D6B,25,cjk,menu_dic_251#7,赫耳墨斯大人！,ev_tue_bs43,马蒂斯：去啊啊啊。赫维莫斯。。
软,U+8F6F,25,cjk,menu_dic_110#6,兴趣特技：我软弱的演技,menu_dic_118#4,腿不会打软！
较,U+8F83,25,cjk,menu_dic_162#7,不来比较好？,menu_dic_320#7,比较好吗！
遇,U+9047,25,cjk,fmenu_encount_enemy,与部队遭遇了。,menu_dic_328#7,总有一天能遇见好人吧！
y,U+0079,26,ascii,eg_cv_alec_vo31#1,Please try to keep up ,eg_cv_alec_vo32#0,克桑达：How are you doing tod
丢,U+4E22,26,cjk,sysmes_dungeon_treasure_command#3,丢弃,menu_dic_294#4,请别丢下我。
乃,U+4E43,26,cjk,f_mon_14_5#0,塞巴斯蒂安：布莱基乃是,ev_wed_bs05#0,？？？？吾乃这妖精星宝瓶之王
义,U+4E49,26,cjk,sysmes_option_term#5,自定义,menu_dic_213#6,兴趣特技：战斗的奥义
八,U+516B,26,cjk,menu_dic_eg_du_choh#0,猪八戒的机械！吃饭行动很擅长,ev_wed_st35#1,八成是雷达坏了吧。？
功,U+529F,26,cjk,menu_dic_315#0,参加动机：想把功夫的手腕,menu_dic_446#3,擅长：功夫
吐,U+5410,26,cjk,menu_dic_eg_le_sale#2,一边挨着吐槽，今天也在积分服务开业,menu_dic_eg_pw_rddr#0,那翅膀覆着天，吐息把世界变成怪之天，
呣,U+5463,26,cjk,menu_dic_eg_we_momo#1,高兴的时候好像会呣哟呣哟嘛嘛哟地守着！,ev_sun_st50#0,卡特莉·伊奈：呣呼。呣哼
宾,U+5BBE,26,cjk,menu_dic_eg_ms_popi#1,波宾科的大流行，这几年却频发,menu_dic_eg_ms_popi#2,惑近界的解。体波宾科，每天都从宇宙鳞鳅那儿
岁,U+5C81,26,cjk,menu_dic_570#3,擅长：七岁了呢！,menu_dic_570#6,兴趣特技：千岁饴！
插,U+63D2,26,cjk,memcard_format_ask#0,插槽中的存储卡（PS2）,memcard_format_fault#0,插槽中的存储卡（PS2）
枚,U+679A,26,cjk,menu_dic_eg_du_coin#0,今天的一枚硬币，心情稍微有点斜！,eg_du_coin,一枚硬币
灾,U+707E,26,cjk,menu_trump022#1,灾祸就会降临！,ev_sun_cl16#2,灾厄将降临所有世界！
环,U+73AF,26,cjk,menu_dic_302#1,想在新环境扎根！,menu_dic_49#1,活动的一环！
穆,U+7A46,26,cjk,eg_cl_tiki,鸡鸡穆乔,eg_cl_tiki_r,鸡鸡穆乔：鸡鸡穆乔升阶了。。。
葵,U+8475,26,cjk,menu_dic_eg_du_dady#0,蛋怪海葵杰克的、姿形对手！,menu_dic_eg_du_dady#1,比起海葵杰克粉丝更少，
诸,U+8BF8,26,cjk,menu_dic_154#0,参加动机：果然还是想在诸星,menu_dic_253#1,就能走遍诸地吧！
赛,U+8D5B,26,cjk,menu_trump108#0,凡尔赛假发！,ev_mon_cl25#1,凡尔赛假发。
跑,U+8DD1,26,cjk,menu_dic_367#4,把它们赶跑给你们看！,menu_dic_382#4,把它们赶跑给你们看！
锤,U+9524,26,cjk,ev_mon_bs20#1,也是千锤百炼的剑客！,eg_cv_166_at1,绿锤
鲨,U+9CA8,26,cjk,menu_dic_eg_we_same#0,天使吞雄了的鳄鱼、荒使的鲨鱼那样，,eg_we_same,鲨鱼大将
丁,U+4E01,27,cjk,menu_dic_eg_du_cofe#0,拉丁的热灵魂，连咖啡豆也迷倒,menu_dic_eg_le_baha#0,拉丁的热灵魂，连明惑也迷倒了
争,U+4E89,27,cjk,menu_dic_159#0,参加动机：美容和战争,menu_dic_189#0,参加动机：判明恋爱和战争
仑,U+4ED1,27,cjk,menu_dic_eg_le_hniw#0,时是陶俑！又有时是生剥戈仑！,eg_le_hniw,陶俑戈仑
伸,U+4F38,27,cjk,menu_dic_310#7,也想伸伸手！,menu_dic_eg_du_skdr#1,就忍不住把择伸出去的老爷爷！
俑,U+4FD1,27,cjk,menu_dic_eg_le_hniw#0,有时是陶俑！又有时是生剥戈仑！,eg_le_hniw,陶俑戈仑
列,U+5217,27,cjk,menu_dic_eg_cv_sexy#0,系列第二作登场的蛋怪里,menu_dic_eg_le_oden#0,铁拳系列里眼熟的召唤奥丁，被占将
博,U+535A,27,cjk,menu_dic_eg_du_frkn#0,由疯狂科学家博士造出的、人造人间的狗机,menu_dic_eg_pw_kawa#0,疯狂科学家博士开发的
厉,U+5389,27,cjk,menu_dic_241#4,很厉害吧。,ev_tue_st04#0,弗莱迪：荒废得好厉害啊！
双,U+53CC,27,cjk,menu_dic_240#3,擅长：为了这双手,menu_dic_251#1,那双手一次！
弟,U+5F1F,27,cjk,eg_cv_ligt_l#1,弟：捨所以新。？,eg_cv_ligt_ms1#0,莱特母鸡：兄弟使出了世界最初的飞！
怀,U+6000,27,cjk,menu_dic_102#0,参加动机：怀念以前！,menu_dic_180#1,忽然很怀念！
愧,U+6127,27,cjk,ev_sun_cl60#0,卡特莉·伊奈：不愧是我老公,ev_sun_st70#2,不愧是我老公
抢,U+62A2,27,cjk,menu_dic_eg_ms_hfdr#2,着有朝一日把红龙的上半身抢过来！,ev_mon_cl50#0,卡特莉·伊奈：还想抢我老公？
施,U+65BD,27,cjk,fmenu_bossname#4,艾格妈妈研发设施,menu_dic_41#7,再多开点商业设施啊！
映,U+6620,27,cjk,menu_dic_356#1,居然被映像抓住！,menu_dic_357#6,兴趣特技：若能从迷宫的映像里
武,U+6B66,27,cjk,menu_dic_395#0,来自《武藏传》的,menu_dic_467#0,来自《武藏传》的
漂,U+6F02,27,cjk,menu_dic_217#7,漂亮房间！,ev_tue_cl02,弗莱迪：干得漂亮啊。
狱,U+72F1,27,cjk,menu_trump102#1,通贩桑地狱！,ev_sun_cl33#2,就给你们看比灾厄更狠的地狱哟。
猫,U+732B,27,cjk,menu_dic_eg_du_zibu#0,猫的故乡是宇宙来着？,menu_mission_mon03a#0,捉住活猫，
留,U+7559,27,cjk,menu_dic_218#1,厚历史留下来！,menu_dic_24#0,参加动机：为了留下孩子们的
疼,U+75BC,27,cjk,menu_dic_eg_du_belz#1,想疼又难碰、微妙的存在！,ev_tue_int10#1,疼爱过了啊，半捕英雄。
睛,U+775B,27,cjk,menu_dic_114#7,用眼睛休息！,ev_gho_bs18#2,阴狠眼睛，俺可看穿了。
离,U+79BB,27,cjk,sysmes_egg_status_name#1,距离下一等级,sysmes_egg_status_name#4,距离下一等级
练,U+7EC3,27,cjk,menu_dic_118#7,得每天练！,menu_dic_119#1,想练耐力！
臀,U+81C0,27,cjk,eg_pw_nymp_at3,臀部100点,eg_pw_nymp_ms31,宁芙：大臀部鼓起来，强力一击直击了
蒜,U+849C,27,cjk,eg_du_nink,大蒜人,eg_du_nink_at3,大蒜意面
陶,U+9676,27,cjk,menu_dic_eg_le_hniw#0,有时是陶俑！又有时是生剥戈仑！,eg_le_hniw,陶俑戈仑
雀,U+96C0,27,cjk,eg_cl_ball,气球雀,eg_cl_ball_d,气球雀：差点军地破了。
雷,U+96F7,27,cjk,menu_trump016#0,引发落雷！,menu_trump023#0,埋设地雷！
哭,U+54ED,28,cjk,menu_dic_eg_du_kure#1,不给吃的就会哭着问「不给我吗？」！,ev_thu_st18#1,要哭了。
币,U+5E01,28,cjk,menu_dic_412#6,兴趣特技：少见的硬币,menu_dic_eg_du_coin#0,今天的一枚硬币，心情稍微有点斜！
福,U+798F,28,cjk,fmenu_momo_01a#0,基利·福达：呀哈哈哈,fmenu_momo_01a_2#0,基利·福达：在那之前，阿尔玛之月
简,U+7B80,28,cjk,catori_tutorial#8,很简单的说。,menu_dic_150#0,参加动机：想在简介里
纸,U+7EB8,28,cjk,menu_dic_eg_du_kami#2,客气地说自己不是真力而是纸力！,eg_du_kami,纸神
脚,U+811A,28,cjk,menu_dic_40#3,擅长：逃跑的腿脚,menu_dic_eg_du_zoud#1,火箭引擎、情？闪耀珠装在脚上，
芬,U+82AC,28,cjk,ev_solo_ramp15#0,哄达拉亨达拉多加比加芬达！,ev_solo_ramp15#1,哄达拉亨达拉多加比加芬！
言,U+8A00,28,cjk,menu_dic_200#4,当作语言！,menu_dic_33#3,擅长：对语言的知识
读,U+8BFB,28,cjk,memcard_load_broken#1,无法读取该数据！,memcard_load_clear,已读取通关数据！
豆,U+8C46,28,cjk,menu_dic_eg_du_cofe#0,拉丁的热灵魂，连咖啡豆也迷倒了。,menu_dic_eg_le_hyak#1,溢的那股力量，给人端上凉豆腐。
闲,U+95F2,28,cjk,memcard_opening_nocard#2,需要有75KB以上空闲容量的存储卡（PS2）！,memcard_opening_nomemory_both#0,、2的存储卡（PS2）空闲容量不足，
陨,U+9668,28,cjk,sun_f02,火之陨石落下处,sun_f02_help#0,不知名的火之陨
傻,U+50BB,29,cjk,menu_trump078#0,傻瓜三种神器！,menu_trump079#0,傻瓜三种神器！
兽,U+517D,29,cjk,menu_dic_eg_du_zoud#2,用野兽的牙收人！也被称为恐怖的,eg_ms_unic,独角兽
制,U+5236,29,cjk,menu_dic_154#7,便当也加进编制里。,menu_dic_444#0,参加动机：自己制作
墙,U+5899,29,cjk,menu_dic_107#6,兴趣特技：兵营墙上的画,eg_du_wall,墙人
帅,U+5E05,29,cjk,menu_dic_201#7,猎帅哥。,menu_dic_237#3,擅长：和帅的人
彩,U+5F69,29,cjk,menu_dic_188#6,兴趣特技：五位数彩票,menu_dic_563#1,彩球！
恐,U+6050,29,cjk,menu_dic_eg_cv_alec#1,生命军中的英中，把人逼进恐慌！,menu_dic_eg_du_zoud#2,用野兽的牙收人！也被称为恐怖的大王！
抓,U+6293,29,cjk,menu_dic_270#4,力量抓住了！,menu_dic_356#1,居然被映像抓住！
搭,U+642D,29,cjk,menu_dic_122#0,参加动机：来找搭档,menu_dic_122#3,擅长：谁来组搭档
族,U+65CF,29,cjk,menu_dic_eg_cl_judo#2,亲那边有大手占和波斯的王族！,menu_dic_eg_cl_otam#1,才能看见、宇宙人族的一匹蝌蚪！
期,U+671F,29,cjk,menu_dic_132#4,大战时超受期待！,menu_dic_136#3,擅长：能期待的是经验
液,U+6DB2,29,cjk,menu_dic_eg_ev_name#2,从择里近出来的黏液，是他的交流工具！,eg_ev_name_at2,黏液黏黏
湿,U+6E7F,29,cjk,eg_du_shiv,湿婆婆,eg_du_shiv_d,湿婆婆：迷迷糊糊睡着。
炼,U+70BC,29,cjk,menu_dic_110#0,参加动机：为了进一步锻炼,menu_dic_148#0,参加动机：想锻炼身体
犬,U+72AC,29,cjk,eg_ms_kinu_ms21#0,被狛犬吓到，,eg_ms_kinu_ms23#0,被狛犬吓了一下，
狛,U+72DB,29,cjk,eg_ms_kinu_ms21#0,被狛犬吓到，,eg_ms_kinu_ms23#0,被狛犬吓了一下，
称,U+79F0,29,cjk,sysmes_input_name_term#6,请问如何称呼您？,sysmes_input_name_term#7,请问如何称呼您？
脑,U+8111,29,cjk,menu_dic_105#6,兴趣特技：电脑果然还是,menu_dic_20#3,擅长：凭手头电脑的
若,U+82E5,29,cjk,menu_dic_357#6,兴趣特技：若能从迷宫的映像里,menu_dic_eg_du_taim#0,泰坦若是掀起地震的地之神，
蘑,U+8611,29,cjk,menu_dic_568#0,参加动机：为寻求新出的蘑菇,menu_dic_568#3,擅长：蘑菇的事
陆,U+9646,29,cjk,menu_dic_eg_le_chob#0,不必使大，就是那只有名的陆行鸟！,menu_dic_eg_le_fzer#1,陆行鸟都出了那自己也得出，
黏,U+9ECF,29,cjk,menu_dic_eg_ev_name#2,从择里近出来的黏液，是他的交流工具！,eg_ev_name_at2,黏液黏黏
d,U+0064,30,ascii,menu_dic_362#1,战略版Advance的,menu_dic_365#1,战略版Advance的
乌,U+4E4C,30,cjk,fmenu_bossname#3,奥拉利乌姆星,menu_dic_288#0,参加动机：乌托邦
仗,U+4ED7,30,cjk,menu_dic_155#0,参加动机：被败仗带着,menu_dic_185#0,参加动机：靠蛋打仗
代,U+4EE3,30,cjk,menu_dic_205#0,参加动机：得代替他,menu_dic_eg_pw_broc#1,地上正义的西兰花·李！代号是龙！
偶,U+5076,30,cjk,sysmes_inu_change_pattern#1,偶像,menu_dic_19#6,兴趣特技：偶尔偷懒
匠,U+5320,30,cjk,d_dung_0155#0,袋子工匠：你们拿着的宝袋,d_dung_0156#0,袋子工匠：不过交给俺就放心！
嘻,U+563B,30,cjk,fmenu_momo_01a_4#1,嘻嘻嘻！,eg_ev_gera_w,盖拉斯：叽嘻嘻嘻嘻！
愿,U+613F,30,cjk,menu_dic_139#1,居然志愿当部队！,menu_dic_199#1,就志愿了！
扎,U+624E,30,cjk,menu_dic_302#1,想在新环境扎根！,menu_dic_90#3,擅长：总之是扎实的
挨,U+6328,30,cjk,menu_dic_eg_ev_amon#2,解放，常常和人类的怒火紧挨着！,menu_dic_eg_le_sale#2,一边挨着吐槽，今天也在积分服务
操,U+64CD,30,cjk,menu_dic_eg_cv_megg#1,力量的艾格斯拉格能在操攻里捉住人，,menu_dic_eg_pw_bldr#0,冬天操会改，是因为蓝龙想起核现
文,U+6587,30,cjk,sysmes_input_name_term#4,英文数字·符号,menu_dic_564#6,兴趣特技：以前文具也是
晴,U+6674,30,cjk,menu_dic_eg_we_teru#0,晴天体马和真昼酱，一直很要,menu_dic_eg_we_teru#1,乐土的、动喜之日，就拜托晴天体马！
朋,U+670B,30,cjk,menu_dic_138#0,参加动机：被朋友拜托,menu_dic_179#0,参加动机：被朋友拜托
术,U+672F,30,cjk,menu_dic_eg_cl_akem#0,地面坍塌以外的剑术没他出场的份，,menu_dic_eg_le_ares#0,对剑术自负要当第一的队长阿瑞斯
每,U+6BCF,30,cjk,sysmes_monthly_term#3,（每人1波奇利）,menu_dic_118#7,得每天练！
炖,U+7096,30,cjk,eg_pk_miju_l,梅汁：要吃的话，放进炖菜里薯！,eg_cv_borc_ms3#0,：空气精华协潜的汤里慢慢炖的白，
照,U+7167,30,cjk,menu_dic_116#4,也会照样冲。,menu_dic_210#7,请多关照。
穿,U+7A7F,30,cjk,menu_dic_189#3,擅长：有看穿部下的,menu_dic_32#7,这个，不穿行吗？
维,U+7EF4,30,cjk,menu_dic_eg_cl_lamp#0,靠给蛋做祓除来维持生计！,ïbeXg#15,西奥列维形杰间列间
辛,U+8F9B,30,cjk,menu_dic_119#7,很辛苦吧？,menu_dic_239#7,休息好辛苦！
须,U+987B,30,cjk,menu_dic_252#1,必须还！,menu_tutorial_sun_02#1,到那里为止，必须利用谜之存在
s,U+0073,31,ascii,sysmes_sound_list#8,Oops,eg_cv_alec_vo31#0,亚历克桑达：I am speaking at n
丰,U+4E30,31,cjk,menu_dic_42#3,擅长：智力很丰富！,menu_dic_eg_du_sand#2,兴趣是当场，所以变化很丰富！
亨,U+4EA8,31,cjk,eg_cl_lamp_vo3#0,灯南瓜：哼达拉亨达拉嘟嘎比嘎哼达落,eg_cl_lamp_vo3#1,哼达拉亨达拉嘟嘎比嘎哼落
刀,U+5200,31,cjk,sysmes_sound_list#38,刀,menu_dic_170#3,擅长：比如想出剪刀
喷,U+55B7,31,cjk,ev_mon_cl06,彭普蒂：哇啊。。血、在喷。。,ev_mon_cl40#0,特莉·伊奈：啊，终于打出喷嚏了哟
弥,U+5F25,31,cjk,menu_dic_eg_pk_yayo#0,复坏弥生（29）／生活把茶搅一,eg_pk_yayo,弥生
茶,U+8336,31,cjk,menu_dic_eg_cl_otya#0,喜欢茶泡饭、自己也变成茶泡饭的,menu_dic_eg_cl_otya#1,这样随时都能吃到茶泡饭，本人超满足！
视,U+89C6,31,cjk,menu_dic_234#1,做电视剧！,menu_dic_47#0,参加动机：出演的电视节目里
豚,U+8C5A,31,cjk,menu_dic_eg_cv_yata#2,把豚骨汤解成能力，屋台达大地,ev_gho_int_c13#1,河豚也好
贴,U+8D34,31,cjk,menu_dic_288#4,没时间贴！,eg_cl_106,创可贴
雇,U+96C7,31,cjk,sysmes_dic_term#3,部队的将军、解雇，,menu_dic_108#7,请别解雇我！
验,U+9A8C,31,cjk,sysmes_field_bonus_term#10,经验奖励,menu_dic_136#3,擅长：能期待的是经验
／,U+FF0F,31,punct,menu_dic_eg_le_kaba#1,他使的不合不虽与熵的一食／复逃不一配，,menu_dic_eg_le_kaba#2,可上本／的冬天反这种大分上的守体
F,U+0046,32,ascii,sysmes_sound_list#41,LEFT,ev_sun_st_movie02,ROAD OF THE EGG 的敲击
商,U+5546,32,cjk,sysmes_dic_term#7,怪物商人……,menu_dic_239#0,参加动机：属于商人那挂
尸,U+5C38,32,cjk,menu_dic_eg_cl_hade#0,正的敌人哈迪斯、只是一具尸体！,menu_dic_eg_ev_mamy#1,蛋怪僵尸的决的姿态！
救,U+6551,32,cjk,fmenu_momo_01a_2#1,就由我基利·福达来拯救世界，,menu_dic_465#1,救了我，谢谢！
概,U+6982,32,cjk,menu_dic_107#4,大概就耐力了！,menu_dic_108#3,擅长：我大概
肚,U+809A,32,cjk,ev_tue_st87#1,肚子好像有点饿了哟,ev_gho_st09b,派：肚子里。
舞,U+821E,32,cjk,menu_dic_259#0,参加动机：为了传播歌舞伎,menu_dic_259#6,兴趣特技：歌舞伎之街也
远,U+8FDC,32,cjk,menu_dic_461#6,兴趣特技：永远喜爱,menu_trump026#0,用弓从远处攻击，
丘,U+4E18,33,cjk,menu_dic_eg_du_teng#2,最近的缺点是会被叫丘的乌鸦跑掉！,eg_ev_lucu,卢丘费尔
古,U+53E4,33,cjk,menu_dic_eg_ms_mogu#0,潜水很复）的莫古力！和其他莫古力入合不来,menu_trump082#0,与古阿尔玛之月和解的
哄,U+54C4,33,cjk,eg_du_belz_d#1,苍蝇和蛆虫在哄着！,ev_solo_ramp15#0,哄达拉亨达拉多加比加芬达！
啡,U+5561,33,cjk,menu_dic_eg_du_cofe#0,拉丁的热灵魂，连咖啡豆也迷倒了。,menu_dic_eg_le_hniw#2,可爱变形的弱的罐咖啡，是最近的心头好！
围,U+56F4,33,cjk,menu_dic_103#6,兴趣特技：因为下围棋,menu_dic_eg_du_mtro#0,误会周围都按自己的节拍在动
席,U+5E2D,33,cjk,menu_dic_eg_pk_prim#0,占将着首席女伶、日以努力的蛋怪！,eg_pk_prim,首席
承,U+627F,33,cjk,menu_dic_eg_cl_akem#2,两把扇子，是从父亲那儿继承来的！,fri_f04_help#0,承受对星之消大的来击
断,U+65AD,33,cjk,menu_dic_277#1,决断很快的！,menu_dic_35#1,之后的决断！
未,U+672A,33,cjk,memcard_format_ask#1,尚未格式化！,sysmes_battle_menu#5,尚未配置蛋怪
极,U+6781,33,cjk,menu_dic_eg_cl_otam#0,据说常去田里知情的人，极低概率,f_sun_24_2_2#0,塞巴斯蒂安：积极占领据点、扩大领土，
汤,U+6C64,33,cjk,menu_dic_eg_cv_borc#0,就交给我。热情通道菜罗宋汤动起来了！,menu_dic_eg_cv_yata#2,把豚骨汤解成能力，屋台达大地点站
测,U+6D4B,33,cjk,menu_mission_fri02#0,一边预测,menu_mission_fri04#0,一边预测
涕,U+6D95,33,cjk,menu_dic_eg_ev_name#0,蛋世界里也讨人厌的鼻涕虫人，,eg_ev_name,鼻涕虫人
突,U+7A81,33,cjk,sysmes_battle_command#1,突击,menu_dic_308#1,突然就忘了！
越,U+8D8A,33,cjk,menu_dic_389#0,来自《穿越时空》的,menu_dic_450#0,来自《穿越时空》的
除,U+9664,33,cjk,sysmes_input_name_term#1,清除,menu_dic_109#7,别开除我。
顺,U+987A,33,cjk,menu_dic_374#6,兴趣特技：顺便,menu_trump121#0,不顺利的时候
魂,U+9B42,33,cjk,menu_dic_124#0,参加动机：想把俺的摔跤魂,menu_dic_200#1,灵魂！
D,U+0044,34,ascii,pad_alert#0,模拟手柄（DUALSHOCK2）没有,pad_alert#2,模拟手柄（DUALSHOCK2）
优,U+4F18,34,cjk,menu_dic_eg_le_hdes#1,用优生的力量，把占的「的体全,menu_dic_eg_ms_hang#0,赚得少，所以得自己心优！
内,U+5185,34,cjk,menu_dic_127#0,参加动机：没有内容！,menu_dic_127#3,擅长：没有内容！
协,U+534F,34,cjk,menu_dic_eg_pw_tagm#2,实验体的各位！感谢您的协助。,planet_01_help#1,蔷薇之金所协的星
役,U+5F79,34,cjk,menu_dic_241#7,连续小役。,menu_dic_eg_cl_siro#2,相当老朽了，可还在现役！
支,U+652F,34,cjk,menu_dic_182#6,兴趣特技：一支部队的人气,menu_dic_257#0,参加动机：想让某支部队
晚,U+665A,34,cjk,eg_ms_hang_l#0,半鱼人：连晚饭都抓不回去的爹地，,eg_ms_hang_ms1#0,半鱼人：半鱼人当成晚饭，
枪,U+67AA,34,cjk,sysmes_inu_change_pattern#0,枪手,menu_dic_eg_le_oden#1,装备（？）着的枪，相当的用解星！
槽,U+69FD,34,cjk,memcard_format_ask#0,插槽中的存储卡（PS2）,memcard_format_fault#0,插槽中的存储卡（PS2）
注,U+6CE8,34,cjk,menu_battle_help_mes4,孤注一掷的「杀手锏」攻击！,menu_dic_231#0,参加动机：一切都是注定的
程,U+7A0B,34,cjk,menu_dic_eg_cv_mugo#2,可驱动它的程序没装好！,ev_sun_cl07,？？？？安保程序，启动！
竟,U+7ADF,34,cjk,menu_trump136#1,你究竟会不会,ev_sun_cl01#0,塞巴斯蒂安：你们究竟是何物？
赶,U+8D76,34,cjk,menu_dic_367#4,把它们赶跑给你们看！,menu_dic_382#4,把它们赶跑给你们看！
限,U+9650,34,cjk,menu_dic_355#0,来自《无限沙加》的,ev_sun_st55#1,已经到时限了哟
预,U+9884,34,cjk,menu_dic_139#6,兴趣特技：预告片以外的,menu_mission_fri02#0,一边预测
乔,U+4E54,35,cjk,eg_pw_broc_vo1,西兰花·李：阿乔。。,eg_cl_tiki,鸡鸡穆乔
兄,U+5144,35,cjk,eg_pw_tagm_vo3#1,阿尔冯斯：嗯！交给我吧兄桑。,eg_pw_tagm_w#1,阿尔冯斯：嗯，那时候兄桑也在一起！
创,U+521B,35,cjk,menu_dic_139#4,是偏创意的人！,menu_dic_236#1,创造和平的世道。
卖,U+5356,35,cjk,menu_dic_eg_cl_egsl#2,阿尔玛之月上也有好几种在卖！,menu_dic_eg_pk_bbms#1,最近，觉得只要卖可爱就能在世上活下去，
吻,U+543B,35,cjk,test_gameover20#1,没捕消地接了吻之后,ev_tue_cl46,马蒂斯：临走的吻呢？
哥,U+54E5,35,cjk,menu_dic_201#7,猎帅哥。,ev_tue_bs32#0,斯：妹妹的声音（就是啊，哥哥。
唧,U+5527,35,cjk,ev_mon_st29#0,卡特莉·伊努：一个个唧唧歪歪吵死了！,eg_cl_eggm_d#0,艾格曼：啪唧。
尼,U+5C3C,35,cjk,menu_dic_eg_ev_deat#2,为了不忘，定期嘀咕着「尼埃本诺」！,menu_dic_eg_le_baha#2,天也是，温波科温波科佩凯尼奥佩凯尼奥。
查,U+67E5,35,cjk,memcard_slot_check#0,正在检查存储卡（PS2）！,memcard_slot_check_fault#0,槽中的存储卡（PS2）检查
榆,U+6986,35,cjk,sysmes_planet_name#4,星·榆木,menu_trump109#1,在榆木星的
血,U+8840,35,cjk,ev_mon_cl06,彭普蒂：哇啊。。血、在喷。。,ev_mon_st13,彭普蒂：哇啊。。血、在喷啊。。
途,U+9014,35,cjk,sysmes_title_term#3,从中途开始（周目）,menu_dic_196#6,兴趣特技：最近对旅途的人生
需,U+9700,35,cjk,memcard_opening_nocard#2,需要有75KB以上空闲容量,memcard_opening_nomemory_both#2,需要有75KB以上空闲容量
ー,U+30FC,36,kata,sysmes_hyphen#0,ー,sysmes_hyphen#1,ーー
偷,U+5077,36,cjk,menu_dic_19#6,兴趣特技：偶尔偷懒,menu_dic_465#7,偷看使用了吧！
几,U+51E0,36,cjk,menu_dic_eg_cl_egsl#2,阿尔玛之月上也有好几种在卖！,menu_dic_eg_ms_popi#1,波宾科的大流行，这几年却频发了！
品,U+54C1,36,cjk,menu_dic_eg_du_ifrt#0,人伊夫里顿端出的菜全是绝品！,ev_tue_cl08#1,力量蛋不过是赝品！
戈,U+6208,36,cjk,menu_dic_eg_du_cofe#2,今天也是，阿米戈阿米戈曼波曼波。,menu_dic_eg_le_hniw#0,有时是陶俑！又有时是生剥戈仑！
歌,U+6B4C,36,cjk,menu_dic_259#0,参加动机：为了传播歌舞伎,menu_dic_259#6,兴趣特技：歌舞伎之街也
画,U+753B,36,cjk,sysmes_option_term#3,画面震动,menu_dic_107#6,兴趣特技：兵营墙上的画
盒,U+76D2,36,cjk,menu_dic_eg_du_zoud#0,戴上拥有最强力量的王者的盒子，,ev_february1#0,卡特莉·伊奈：呵呵，还在盒子里确认个没完！
秘,U+79D8,36,cjk,menu_dic_124#7,来和俺组秘密搭档！,menu_dic_181#0,参加动机：秘密！
赌,U+8D4C,36,cjk,menu_dic_20#0,参加动机：人生就赌一把,menu_dic_225#7,没有赌场吗？
乐,U+4E50,37,cjk,sysmes_dungeon_bonus_term#1,号分乐姿,menu_dic_148#7,乐队！
咖,U+5496,37,cjk,menu_dic_81#7,有咖喱吗？,menu_dic_eg_du_cofe#0,拉丁的热灵魂，连咖啡豆也迷倒了。
妇,U+5987,37,cjk,menu_dic_eg_cl_matu#0,相通、一辈子相伴的鸳鸯夫妇！,eg_cl_matu,通贩桑夫妇
它,U+5B83,37,cjk,menu_dic_367#4,把它们赶跑给你们看！,menu_dic_382#4,把它们赶跑给你们看！
密,U+5BC6,37,cjk,sysmes_input_name_term#10,密语是？？,menu_dic_124#7,来和俺组秘密搭档！
师,U+5E08,37,cjk,eg_pw_tagm,水黾的炼金术师,eg_pw_tagm_d#0,水黾的炼金术师：归来爱德华和阿尔冯斯！
帮,U+5E2E,37,cjk,menu_dic_19#0,参加动机：想帮孩子们,menu_dic_246#0,参加动机：因为，想帮
弄,U+5F04,37,cjk,menu_dic_183#6,兴趣特技：摆弄机械的话,menu_dic_eg_ms_hfdr#1,就那样弄丢了的、可怜的龙！
扔,U+6254,37,cjk,menu_dic_324#7,别把我扔进战场。,menu_dic_eg_cl_hade#2,据说把生前的爱好全扔了！
散,U+6563,37,cjk,menu_dic_176#6,兴趣特技：走散的小孩,menu_dic_eg_du_hagu#0,从谁那儿走散、孤零零的章鱼小孩！
继,U+7EE7,37,cjk,memcard_not_save_continue#1,要继续游戏吗？,sysmes_planet_command#2,星际中继
裂,U+88C2,37,cjk,menu_dic_70#7,现在的钱会裂开！,fri_f07,系统破裂洞
S,U+0053,38,ascii,memcard_format_ask#0,插槽中的存储卡（PS2）,memcard_format_fault#0,插槽中的存储卡（PS2）
Y,U+0059,38,ascii,ev_ear_debug#2,首领事件 艾格妈妈：TYPE-0,ev_ear_debug#3,事件1 击破艾格妈妈：TYPE-0
副,U+526F,38,cjk,menu_dic_eg_cl_azen#1,从某个时候起就变成这副模样了！,menu_dic_eg_cv_paz3#1,被做成这副临……！吗
咯,U+54AF,38,cjk,menu_dic_eg_ms_snyt#1,舔来舔去、咯吱咯吱，,eg_pw_tera_at3,咯嗷。
唱,U+5531,38,cjk,menu_dic_eg_pw_kimr#2,据说进了蛋怪说唱歌手的儿子终！,eg_du_rapp,说唱歌手
引,U+5F15,38,cjk,menu_dic_272#0,加动机：被某支部队的心吸引,menu_dic_82#1,深深吸引了！
森,U+68EE,38,cjk,field_debug_thu01#3,看去、森之道事件,field_debug_thu01#4,看打、森之道事件
歉,U+6B49,38,cjk,menu_dic_255#3,擅长：抱歉呢！,menu_dic_289#3,擅长：抱歉了！
步,U+6B65,38,cjk,menu_dic_110#0,参加动机：为了进一步锻炼,menu_dic_202#7,步法哦。
温,U+6E29,38,cjk,menu_dic_eg_le_baha#2,今天也是，温波科温波科佩凯尼奥佩凯尼,ev_plo_test#39,那一编，人该有的温柔
瓶,U+74F6,38,cjk,sysmes_planet_name#3,星·宝瓶,menu_dic_eg_du_fraf#1,每天拎回一升瓶，整颗心往下灌！
管,U+7BA1,38,cjk,sysmes_sound_list#30,管子,menu_dic_26#4,不怎么管用！
线,U+7EBF,38,cjk,menu_dic_133#0,来自《前线任务3》的,menu_dic_364#0,来自《前线任务4》的
语,U+8BED,38,cjk,sysmes_input_name_term#10,密语是？？,menu_dic_200#4,当作语言！
兵,U+5175,39,cjk,sysmes_inu_change_pattern#2,士兵,menu_dic_107#6,兴趣特技：兵营墙上的画
撒,U+6492,39,cjk,menu_dic_eg_ev_rabi#0,兔子撒旦也就是彼得君，,menu_trump134#0,兔子撒旦的镰刀！
故,U+6545,39,cjk,sysmes_planet_name#5,星·我思故我在,menu_dic_eg_du_zibu#0,猫的故乡是宇宙来着？
望,U+671B,39,cjk,menu_dic_117#7,希望别被讨厌！,menu_dic_301#4,有欲望才需要吧！
杀,U+6740,39,cjk,sysmes_battle_command#4,杀手锏,menu_battle_help_mes4,孤注一掷的「杀手锏」攻击！
盯,U+76EF,39,cjk,menu_dic_190#7,别那样盯着看！,menu_dic_eg_pk_meds#2,一不小心盯着索利德君看，他自己也会
苦,U+82E6,39,cjk,menu_dic_119#7,很辛苦吧？,menu_dic_152#0,参加动机：一切都是苦的
获,U+83B7,39,cjk,menu_trump075#1,获得的半熟值提升！,menu_trump076#1,获得的波奇利提升！
险,U+9669,39,cjk,menu_dic_116#3,擅长：危险的地方,menu_dic_116#6,兴趣特技：人寿保险也入了
久,U+4E45,40,cjk,menu_dic_106#0,参加动机：隔了好久,menu_dic_136#0,参加动机：隔了好久
危,U+5371,40,cjk,menu_dic_116#3,擅长：危险的地方,menu_dic_263#3,擅长：危险之类的
忍,U+5FCD,40,cjk,menu_dic_231#7,可能忍不住！,menu_dic_246#3,擅长：忍耐力强！
恩,U+6069,40,cjk,eg_ev_151,停恩,eg_ev_151_d,停恩：停恩的面具稍微歪了！
抱,U+62B1,40,cjk,menu_dic_255#3,擅长：抱歉呢！,menu_dic_289#3,擅长：抱歉了！
科,U+79D1,40,cjk,menu_dic_211#7,看不到迪斯科了呢！,menu_dic_eg_cv_mkai#0,疯狂科学家威军一不商军，把通贩
表,U+8868,40,cjk,menu_dic_562#6,兴趣特技：用表情来十！,menu_dic_eg_du_taim#2,老是认真不起来，是嫌马的表现吗？
送,U+9001,40,cjk,fmenu_gen_buy#0,源桑：买下的东西已经送到客人的星球上了！,menu_dic_87#7,干花送给你！
丈,U+4E08,41,cjk,test_gameover19#0,卡特莉·伊奈：来，我的丈夫,ev_gho_cl_a131#0,卡特莉·伊奈：去吧，我的丈夫。
召,U+53EC,41,cjk,sysmes_battle_menu#0,不召唤,menu_battle_help_mes1,可以召唤蛋怪！
噗,U+5657,41,cjk,eg_cv_bari_ms3,巴里佐贡：噗。心里有什么断了！,eg_cv_bari_ms32,巴里佐贡：噗。心里有什么断了！
射,U+5C04,41,cjk,menu_dic_eg_pk_otsu#1,近年，星球发射计划是假的传闻也在流传，,ev_sun_cl72#1,发射——！
并,U+5E76,41,cjk,fmenu_momo_01a_2#2,并把王牌设为可选用的说！,menu_dic_155#3,擅长：对战斗并非
弃,U+5F03,41,cjk,sysmes_dungeon_treasure_command#3,丢弃,menu_dic_78#0,参加动机：不嫌弃的话
懂,U+61C2,41,cjk,fmenu_gen_03#0,源桑：唉，说什么我也不懂啦！,menu_dic_204#4,问了也不懂！
整,U+6574,41,cjk,menu_dic_eg_du_fraf#1,每天拎回一升瓶，整颗心往下灌！,f_sun_06#6,重整编制的说！
站,U+7AD9,41,cjk,menu_dic_125#4,站着看书练出来的！,menu_dic_134#1,和平而站起来！
钻,U+94BB,41,cjk,menu_dic_386#3,擅长：却钻进迷宫这种,menu_dic_386#7,一起钻进去了！
N,U+004E,42,ascii,sysmes_saveload_term#9,NODATA,sysmes_saveload_term#10,BROKEN DATA
o,U+006F,42,ascii,sysmes_sound_list#8,Oops,eg_cv_alec_l#0,亚历克桑达：Oh no.
令,U+4EE4,42,cjk,menu_dic_65#7,实战中想看看司令部！,menu_tutorial_mes21#0,塞巴斯蒂安：接下来是指令操作的说！
十,U+5341,42,cjk,sysmes_battle_status#16,十,menu_dic_280#7,倒是十足！
噜,U+565C,42,cjk,eg_pw_yjyu_vo1,空叶将：布鲁噜哦。,eg_pw_yjyu_vo3,空叶将：布鲁噜莫呜呜呜——。。。
旦,U+65E6,42,cjk,menu_dic_eg_ev_amon#2,被封印的力量一旦解放，常常和人类的怒火紧,menu_dic_eg_ev_rabi#0,兔子撒旦也就是彼得君，
片,U+7247,42,cjk,sysmes_input_name_term#3,片假名,menu_dic_139#6,兴趣特技：预告片以外的
菇,U+83C7,42,cjk,menu_dic_568#0,参加动机：为寻求新出的蘑菇,menu_dic_568#3,擅长：蘑菇的事
象,U+8C61,42,cjk,menu_dic_354#7,改改形象！,menu_dung_trump_need_target,附近没有能当作对象的人！
伴,U+4F34,43,cjk,menu_dic_190#0,参加动机：想要同伴！,menu_dic_190#1,能一起吃饭的同伴！
佐,U+4F50,43,cjk,test_gameover08#1,降临的上优、大喜惑佐玛的话,ev_end_pre07,佐佐木功：诶？
包,U+5305,43,cjk,fmenu_gen_01_2#0,货色强到连英雄都比不过，包您满意！,menu_dic_309#3,擅长：只有包里
唉,U+5509,43,cjk,fmenu_gen_03#0,源桑：唉，说什么我也不懂啦！,menu_dic_187#6,兴趣特技：唉
清,U+6E05,43,cjk,sysmes_input_name_term#1,清除,menu_dic_222#1,搞不太清！
秋,U+79CB,43,cjk,eg_ms_efdr_l#0,精灵龙：像秋叶飘落那样，那身子落到地,ev_october1#0,卡特莉·伊奈：读书之秋、运动之秋、恋爱之秋、
袭,U+88AD,43,cjk,menu_trump134#1,死神正在抄袭！,ev_wed_cl14#1,引发地壳变动，被洪水军势袭击之时哪！
t,U+0074,44,ascii,eg_cv_alec_vo31#0,m speaking at native spee,eg_cv_alec_vo31#1,Please try to keep u
唔,U+5514,44,cjk,ev_sun_cl71#0,卡特莉·伊奈：唔，也没什么啦。,f_mon_10#0,塞巴斯蒂安：唔！
声,U+58F0,44,cjk,sysmes_option_term#1,声音,sysmes_option_term#6,立体声
巧,U+5DE7,44,cjk,menu_dic_eg_we_moza#1,把所有技巧使个遍，让人见待！,menu_mission_mon02#0,一边巧妙操纵
曲,U+66F2,44,cjk,menu_dic_161#0,加动机：作为人生的一段插曲,ev_thu_st25,卡特莉·伊努：曲、曲棍球面具的男人。
朝,U+671D,44,cjk,menu_dic_eg_cv_ligt#1,在心里的两只母鸡，为了有朝一日飞上天,menu_dic_eg_ms_hfdr#2,盘算着有朝一日把红龙的上半身抢过来
糊,U+7CCA,44,cjk,menu_dic_eg_du_choh#1,比起战场更喜欢吃饭的糊涂家伙！,menu_dic_eg_du_kure#2,别的蛋怪也当成食物搞错的糊涂家伙！
级,U+7EA7,44,cjk,sysmes_dungeon_eggmon_rankup#1,等级提升了！,sysmes_dungeon_hanjyuku_rankup,半熟等级提升了！
菜,U+83DC,44,cjk,fmenu_momo_01a_3#0,福达：王牌的话，从「月次菜单」的,sysmes_planet_command#1,主菜单
蓝,U+84DD,44,cjk,menu_dic_eg_pw_bldr#0,冬天操会改，是因为蓝龙想起核现上场失败,menu_dic_eg_we_srma#0,多亏大卖的流浪蓝调第3映，
识,U+8BC6,44,cjk,menu_dic_156#6,兴趣特技：让你们见识见识,menu_dic_189#7,让我见识见识！
赤,U+8D64,44,cjk,sysmes_battle_status#12,赤,sysmes_battle_status_enemy#12,赤
踢,U+8E22,44,cjk,menu_dic_43#6,兴趣特技：来玩踢罐子吧！,f_thu_02#1,蛋要裂了哟蛋踢。
酒,U+9152,44,cjk,menu_dic_36#1,赚喝酒钱啊！,menu_dic_36#4,会尽量不喝酒！
非,U+975E,44,cjk,menu_dic_155#3,擅长：对战斗并非,menu_dic_eg_ev_dvwm#1,为什么非要从邪恶蛋里出来不可。
顿,U+987F,44,cjk,menu_dic_eg_du_ifrt#0,火的料理人伊夫里顿端出的菜全是绝品！,ev_sun_st31#2,跑去英识大吃了一顿。
鼓,U+9F13,44,cjk,sysmes_sound_list#31,鼓,menu_dic_158#6,兴趣特技：鼓、鼓起勇气
n,U+006E,45,ascii,menu_dic_362#1,战略版Advance的,menu_dic_365#1,战略版Advance的
单,U+5355,45,cjk,catori_tutorial#8,很简单的说。,fmenu_momo_01a_3#0,达：王牌的话，从「月次菜单」的
吼,U+543C,45,cjk,menu_dic_112#6,兴趣特技：呀吼。,ev_gho_cl_a31,四次元人：哦吼4吼4吼4。
塔,U+5854,45,cjk,sysmes_inu_change_pattern#3,塔塔尔,menu_dic_272#6,兴趣特技：卡斯塔涅部队
夺,U+593A,45,cjk,menu_dic_414#1,夺回和平。,menu_dic_469#7,一起夺回和平。
张,U+5F20,45,cjk,menu_battle_help_mes6#0,决定好要使用哪张王牌后，,menu_dic_142#0,参加动机：紧、紧张着！
扑,U+6251,45,cjk,f_mon_14_5#2,塞巴斯蒂安：看见扑过来的活猫的人,f_thu_22#2,人为陷阱的气味扑鼻啊。
撞,U+649E,45,cjk,menu_dic_312#7,啊！段子撞了。,menu_dic_372#1,剑与剑的碰撞！
盖,U+76D6,45,cjk,memcard_save_overwrite#0,确定要覆盖,ev_fri_st02#1,整个，好像都被金属覆盖着。
续,U+7EED,45,cjk,memcard_not_save_continue#1,要继续游戏吗？,sysmes_title_term#2,继续游戏
贩,U+8D29,45,cjk,menu_dic_eg_cl_tsuh#0,他相识、在看空手中继的通贩桑！,menu_dic_eg_cv_mkai#0,科学家威军一不商军，把通贩占搜寻的
-,U+002D,46,punct,menu_dic_418#1,X-2,menu_dic_eg_cv_megg#2,和少早-03的变形合体，让孩子们
丽,U+4E3D,46,cjk,menu_dic_eg_du_kami#1,现在会从礼帽人那儿秀出华丽的变形！,menu_dic_eg_du_tmse#1,西的马人生们，个个容姿端丽，
亮,U+4EAE,46,cjk,menu_dic_217#7,漂亮房间！,ev_mon_cl18#0,玩游戏的时候，请把房间照亮
似,U+4F3C,46,cjk,menu_dic_eg_ms_mand#1,像被谁始着似的，被蜜蜂様着，,menu_dic_eg_pk_mini#1,写实的家伙、动画片似的家伙、
周,U+5468,46,cjk,sysmes_title_term#3,从中途开始（周目）,menu_dic_333#7,一周单反数码相机！
啾,U+557E,46,cjk,sysmes_sound_list#12,啾,menu_dic_315#6,兴趣特技：啊啾。
志,U+5FD7,46,cjk,menu_dic_134#7,不是立志而是明叶？,menu_dic_139#1,居然志愿当部队！
态,U+6001,46,cjk,menu_dic_163#1,人生态度吧！,menu_dic_163#7,态度交给我！
惑,U+60D1,46,cjk,menu_dic_118#0,参加动机：被超强的诱惑,menu_dic_eg_cv_kang#2,关于现解忘记梦惑近的工作，本人也没在策划
求,U+6C42,46,cjk,menu_dic_109#6,兴趣特技：求求你,menu_dic_161#6,兴趣特技：求求你
章,U+7AE0,46,cjk,menu_dic_eg_du_hagu#0,从谁那儿走散、孤零零的章鱼小孩！,menu_dic_eg_le_oden#0,眼熟的召唤奥丁，被占将的章鱼！
贾,U+8D3E,46,cjk,menu_mission_tue03b#1,贾多本据地。,tue_f01,贾多生产配置地1
K,U+004B,47,ascii,memcard_opening_nocard#2,需要有75KB以上空闲容量的存储卡（,memcard_opening_nomemory_both#2,需要有75KB以上空闲容量的存储卡（
刚,U+521A,47,cjk,menu_dic_eg_we_drpp#0,刚出生的龙宝宝！,ev_sun_st38#0,白：想快进事件的时候，像刚才那样
唇,U+5507,47,cjk,menu_dic_eg_pk_ripn#2,作为他的粉丝，比起嘴唇，更喜欢那】的脚！,f_mon_22#0,卡特莉·德·奥马尔的闪耀唇炮
恋,U+604B,47,cjk,menu_dic_189#0,参加动机：判明恋爱和战争,menu_dic_191#7,真好啊！是恋人吗？
沫,U+6CAB,47,cjk,menu_dic_eg_we_buby#0,洗澡里，你一定见过泡沫！,menu_dic_eg_we_buby#1,泡沫乱扔得太浪费的话，
胜,U+80DC,47,cjk,sysmes_battle_command#21,胜利台词,menu_dic_145#1,胜利的爽快！
蛾,U+86FE,47,cjk,menu_dic_eg_pk_bbms#0,和爸爸的重蛾一齐生着的连气之终！,eg_pw_hvms,重蛾
警,U+8B66,47,cjk,ev_fri_bs14#0,所以才会把这我思故我在的警备,ev_gho_cl_b16b,梅尔克里：迷雾蛋在发出警告。
调,U+8C03,47,cjk,menu_dic_195#6,兴趣特技：职业又调动了？,menu_dic_eg_we_srma#0,多亏大卖的流浪蓝调第3映，
迎,U+8FCE,47,cjk,fmenu_gen_01#0,源桑：欢迎光临。,menu_dic_276#1,想受欢迎。
份,U+4EFD,48,cjk,memcard_save_overwrite#1,这份存档数据吗？,menu_dic_eg_cl_akem#0,坍塌以外的剑术没他出场的份，
休,U+4F11,48,cjk,menu_dic_114#7,用眼睛休息！,menu_dic_21#7,休息吗？
勃,U+52C3,48,cjk,eg_du_bobo,勃勃鸟,eg_du_bobo_d,勃勃鸟：啊啊这样简直是使「
图,U+56FE,48,cjk,fmenu_clear,地图过关。,sysmes_battle_command#24,迷宫地图
寿,U+5BFF,48,cjk,menu_dic_116#6,兴趣特技：人寿保险也入了,menu_dic_eg_we_ebis#1,摔跤姫界第一游戏迷的惠比寿桑
差,U+5DEE,48,cjk,menu_dic_109#0,参加动机：差不多该让老妈,menu_dic_89#4,运动就差一点！
某,U+67D0,48,cjk,menu_dic_163#0,参加动机：这也算某种,menu_dic_257#0,参加动机：想让某支部队
柔,U+67D4,48,cjk,menu_dic_eg_cl_judo#0,要定下从没见过的柔道的、星球勇者！,menu_dic_eg_pw_nymp#1,把人激迷住的商气宁芙！他柔韧的唤
确,U+786E,48,cjk,memcard_format_ask#2,确定要格式化吗？,memcard_save_overwrite#0,确定要覆盖
领,U+9886,48,cjk,fmenu_attack_empty_castle,占领了。,fmenu_defence_empty_castle,据点被部队占领了。
鼻,U+9F3B,48,cjk,menu_dic_377#6,兴趣特技：战斗中的鼻毛,menu_dic_eg_du_teng#0,鼻子还没合起来的天狗见习！
低,U+4F4E,49,cjk,menu_dic_101#6,兴趣特技：俺薪水低,menu_dic_110#3,擅长：能力很低
屋,U+5C4B,49,cjk,menu_dic_eg_cv_yata#1,去吧，屋台达。为了守护以前的和平,menu_dic_eg_cv_yata#2,把豚骨汤解成能力，屋台达大地点站立。
惠,U+60E0,49,cjk,fmenu_gen_04#0,源桑：谢谢惠顾。,menu_dic_eg_we_ebis#1,也是摔跤姫界第一游戏迷的惠比寿桑
杰,U+6770,49,cjk,menu_dic_eg_du_dady#0,蛋怪海葵杰克的、姿形对手！,menu_dic_eg_du_dady#1,比起海葵杰克粉丝更少，
灯,U+706F,49,cjk,menu_monthly_recover_eggmon#1,把南瓜灯召到星球上，请它修复蛋！,eg_cl_lamp,灯南瓜
藏,U+85CF,49,cjk,fmenu_momo_01a#1,藏在莫莫里斯脸颊里的世界中,fmenu_momo_01a#2,王牌的影像被藏起来了的说！
轻,U+8F7B,49,cjk,menu_dic_215#6,兴趣特技：工作再轻松,menu_dic_eg_du_shiv#2,年轻的时候……出强明白了，现
陷,U+9677,49,cjk,menu_dic_eg_ev_ptdv#1,自己一陷入危机就向人军帮助，讨厌,menu_mission_ear02#2,将其攻陷。
首,U+9996,49,cjk,menu_dic_eg_pk_prim#0,占将着首席女伶、日以努力的蛋怪！,menu_trump009#2,对首领无效！
鸡,U+9E21,49,cjk,menu_dic_eg_cl_tiki#1,满世界旅行的母鸡！,menu_dic_eg_cv_ligt#1,这种期望放在心里的两只母鸡，为了有朝一日飞上天
压,U+538B,50,cjk,menu_dic_eg_ms_omed#1,橘子却压坏了、【发了，净是坏事！,f_sun_31#1,一口气压上去吧。
唤,U+5524,50,cjk,sysmes_battle_menu#0,不召唤,menu_battle_help_mes1,可以召唤蛋怪！
圣,U+5723,50,cjk,menu_dic_147#0,来自《圣剑传说》的,menu_dic_175#0,来自《圣剑传说》的
潜,U+6F5C,50,cjk,sysmes_sound_list#24,情形潜气,menu_dic_eg_du_kami#0,，头目角色的神力作为真力潜入！
电,U+7535,50,cjk,menu_dic_105#6,兴趣特技：电脑果然还是,menu_dic_20#3,擅长：凭手头电脑的
铁,U+94C1,50,cjk,menu_dic_eg_cv_mkni#2,！失动力是失终力！对手是铁皮逃惑！,menu_dic_eg_du_kero#2,传闻三股力量合使的铁拳大正在开发中！
何,U+4F55,51,cjk,sysmes_input_name_term#6,请问如何称呼您？,sysmes_input_name_term#7,请问如何称呼您？
写,U+5199,51,cjk,menu_dic_150#1,写上部队！,menu_dic_164#0,参加动机：写在书上了！
告,U+544A,51,cjk,menu_dic_139#6,兴趣特技：预告片以外的,menu_dic_158#7,想告白！
娃,U+5A03,51,cjk,menu_dic_eg_we_ciwa#0,那圆滚滚的力人气起来的吉娃娃母占！,eg_we_ciwa,吉娃娃母占
恢,U+6062,51,cjk,menu_emp_sol#1,要恢复几人？,menu_monthly_emp_sol#1,招募将军，恢复全员的疲劳！
悟,U+609F,51,cjk,ev_thu_cl44#2,的今日的惩罚，吾做好了觉悟！,ev_fri_cl45#0,弗莱迪：那样觉悟了的机械，把勉强活下来的
灭,U+706D,51,cjk,fmenu_annihilation_friend,全灭了。,menu_battle_help_mes13,能打出大量伤害，但很难全灭对方！
烟,U+70DF,51,cjk,menu_dic_eg_ev_smok#0,用香烟的烟把人烟住，那存在王者,ev_fri_cl18#2,从耳朵冒烟俺可不管。
睡,U+7761,51,cjk,menu_dic_352#7,一不小心睡着了。,menu_dic_40#6,兴趣特技：睡觉时间
脸,U+8138,51,cjk,fmenu_momo_01#0,从莫莫里斯的脸颊里,fmenu_momo_01a#1,藏在莫莫里斯脸颊里的世界中，
议,U+8BAE,51,cjk,menu_dic_eg_cl_flyp#1,蛋里飞出平底锅这种不可思议的说法，,menu_monthly_hensei_misty#1,可以召唤不可思议的蛋怪的说！
冰,U+51B0,52,cjk,menu_dic_31#6,兴趣特技：假日滑旱冰,eg_ms_fbby_ms2,：霜之宝宝大口吃了高级刨冰。。
况,U+51B5,52,cjk,fmenu_gen_08#1,嘛，人各有各的情况嘛！,sysmes_monthly_term#8,我军状况
准,U+51C6,52,cjk,menu_dic_45#1,准备来的！,menu_dic_eg_du_frkn#2,可爱的项圈，是为他准备的礼物！
凉,U+51C9,52,cjk,menu_dic_eg_le_hyak#0,凉凉的殿虎，是？败事出生的,menu_dic_eg_le_hyak#1,满溢的那股力量，给人端上凉豆腐。
底,U+5E95,52,cjk,menu_dic_31#7,彻底禁止？,menu_dic_316#7,到底在哪儿！
怒,U+6012,52,cjk,menu_dic_eg_ev_amon#2,量一旦解放，常常和人类的怒火紧挨着！,menu_dic_eg_ev_eegg#1,把悲伤和快乐、愤怒和憎恨变成梦幻的力量，
深,U+6DF1,52,cjk,menu_dic_159#7,以前的美容也相当深！,menu_dic_189#1,关联很深！
猪,U+732A,52,cjk,menu_dic_eg_du_choh#0,猪八戒的机械！吃饭行动很擅,menu_dic_eg_we_pppm#0,从枪这种枪里様出様星的消猪！
竞,U+7ADE,52,cjk,menu_dic_299#6,兴趣特技：在家的牛仔竞技美容,eg_le_chob_at2,陆行鸟竞速
虽,U+867D,52,cjk,menu_dic_294#3,擅长：虽然怕,menu_dic_301#7,虽然想干这工作！
计,U+8BA1,52,cjk,menu_dic_105#7,要看设计来选！,menu_dic_275#0,参加动机：盔甲的设计
齐,U+9F50,52,cjk,menu_dic_eg_cv_atom#2,服装、齐刘海和巨大的蝴蝶结，是状,menu_dic_eg_ms_tpon#2,进洗澡的时候现在随时都一齐！
卷,U+5377,53,cjk,menu_dic_eg_du_kero#1,精心定好的卷发一乱，就会悲伤地逛魔场,ev_plo_test#47,赤卷舌，赤卷舌，飞卷舌。
味,U+5473,53,cjk,menu_dic_eg_le_denb#2,气体，据说有蛋坏掉的气味！,menu_dic_eg_pw_cycl#0,的独眼巨人，因为那中体气味也吓人！
息,U+606F,53,cjk,menu_dic_114#7,用眼睛休息！,menu_dic_21#7,休息吗？
护,U+62A4,53,cjk,menu_dic_132#7,请保护我！,menu_dic_140#7,将军们，请保护我。
爹,U+7239,53,cjk,menu_dic_eg_pw_bari#2,爹地和海葵杰克都嫌弃着！,menu_dic_eg_pw_isgn#0,蛋怪爹地的、姿形对手！
组,U+7EC4,53,cjk,menu_dic_122#3,擅长：谁来组搭档,menu_dic_124#7,来和俺组秘密搭档！
诺,U+8BFA,53,cjk,menu_dic_eg_ev_deat#2,不忘，定期嘀咕着「尼埃本诺」！,eg_pk_otsu_at1,兔皮诺舞
便,U+4FBF,54,cjk,menu_dic_125#7,开便利店！,menu_dic_154#7,便当也加进编制里。
劲,U+52B2,54,cjk,menu_dic_198#0,参加动机：冲劲。,menu_dic_208#7,还挺费劲的！
接,U+63A5,54,cjk,pad_alert#1,连接！请接到手柄端口1，把,pad_alert#3,正确重新连接后，请按○按钮！
贡,U+8D21,54,cjk,sysmes_monthly_term#5,进贡,menu_dic_eg_le_ngen#2,同伴里有叫河马贡的！
随,U+968F,54,cjk,fmenu_momo_01a_4#0,基利·福达：随时恭候的说,menu_dic_23#1,就随便参加了！
任,U+4EFB,55,cjk,sysmes_monthly_term#19,任务,menu_dic_133#0,来自《前线任务3》的
务,U+52A1,55,cjk,sysmes_monthly_term#19,任务,menu_dic_133#0,来自《前线任务3》的
卢,U+5362,55,cjk,eg_ev_lucu,卢丘费尔,eg_ev_lucu_d,卢丘费尔：卢丘费尔的体）集
察,U+5BDF,55,cjk,menu_dic_eg_pw_hvms#1,孩子弱时，察觉间开的气才是逃力的他，,menu_dic_eg_pw_kimr#1,最近比起连喜／的场，反而察觉日消场的冬天反，
投,U+6295,55,cjk,menu_dic_231#3,擅长：对每件事都投入金钱,menu_dic_eg_pk_prim#1,最近，因为土了马役的识，投当们的欺负
择,U+62E9,55,cjk,memcard_load_select,请选择要读取的数据！,memcard_save_select,请选择要保存的位置！
换,U+6362,55,cjk,catori_tutorial#10,高效地让将军轮换，,sysmes_field_unit#3,交换
摇,U+6447,55,cjk,menu_dic_155#7,稍微有点动摇中！,menu_dic_310#1,超摇滚吧？
欲,U+6B32,55,cjk,menu_dic_301#4,有欲望才需要吧！,menu_dic_306#0,参加动机：被欲望酱
绝,U+7EDD,55,cjk,menu_dic_153#4,点心绝不放过！,menu_dic_308#4,绝对有自信。
编,U+7F16,55,cjk,menu_composite_eggmon_platoon_select#0,请编成要派上战场的蛋怪！,menu_composite_eggmon_platoon_select#1,在此结束编成！
谜,U+8C1C,55,cjk,menu_dic_eg_du_tmse#0,为了和谜之队长希多战斗而被选中的,menu_dic_eg_ev_veno#0,裹着企鹅书偶的谜之人！
6,U+0036,56,ascii,sysmes_battle_command#13,·6,sysmes_sound_list#17,滑稽6
兰,U+5170,56,cjk,menu_dic_eg_pw_broc#1,地上正义的西兰花·李！代号是龙！,menu_trump123#1,请尽管把苏格兰威士忌
冻,U+51BB,56,cjk,eg_pw_bldr_ms33#0,蓝龙：冻人的激烈寒气,eg_pw_bldr_ms34#0,蓝龙：冻人的激烈寒气
卜,U+535C,56,cjk,menu_dic_28#0,参加动机：因为占卜出来了！,menu_dic_96#1,占卜的转生，有启示！
史,U+53F2,56,cjk,menu_dic_218#1,厚历史留下来！,menu_dic_24#1,历史。
吓,U+5413,56,cjk,menu_dic_157#4,会吓你一跳！,menu_dic_eg_du_fraf#2,传闻不晃的时候强得吓人！
喝,U+559D,56,cjk,menu_dic_199#3,擅长：白天也喝着,menu_dic_222#0,参加动机：喝醉了！
团,U+56E2,56,cjk,sysmes_field_bonus_term#4,成团的部队,menu_dic_180#7,可是团里的公主！
容,U+5BB9,56,cjk,memcard_opening_nocard#2,需要有75KB以上空闲容量的存储卡（PS2）！,memcard_opening_nomemory_both#0,2的存储卡（PS2）空闲容量不足，
式,U+5F0F,56,cjk,memcard_format_ask#1,尚未格式化！,memcard_format_ask#2,确定要格式化吗？
忘,U+5FD8,56,cjk,menu_dic_137#1,为了忘掉讨厌的回忆！,menu_dic_197#1,也忘了啊！
慢,U+6162,56,cjk,menu_dic_eg_du_slow#1,用颠覆马之常识的缓慢攻击讨人！,menu_tutorial_mes19#1,只要不按○，就会慢慢恢复的说！
麻,U+9EBB,56,cjk,menu_dic_285#6,兴趣特技：好麻烦啊！,menu_dic_eg_cv_wood#2,到头来，只是自己转、麻烦的蛋怪！
9,U+0039,57,ascii,sysmes_battle_command#16,·9,sysmes_sound_list#20,滑稽9
七,U+4E03,57,cjk,menu_dic_570#3,擅长：七岁了呢！,menu_dic_eg_cl_eggm#1,一直被说派不上用场已经十七年，
些,U+4E9B,57,cjk,menu_dic_eg_pw_isgn#1,那些各式触手全都使足了劲，所,menu_dic_eg_we_same#1,主题勇不够就会力着备的这些日子！
修,U+4FEE,57,cjk,menu_dic_305#6,兴趣特技：修人的亲日,menu_dic_eg_cv_wood#1,之类的由修，早被遗忘搞错了吧！
初,U+521D,57,cjk,menu_dic_eg_cl_azen#0,当初有过什么人已无从知晓，,menu_dic_eg_cv_mkni#2,初号空已是28号！失动力是
置,U+7F6E,57,cjk,fmenu_atom_catori#1,本……角色被配置到本星以外后反击,fmenu_bossname#7,四次元·配置体
闪,U+95EA,57,cjk,menu_dic_eg_du_zoud#1,O中21入火箭引擎、情？闪耀珠装在脚上，,mon_f01_help#0,被闪耀的金
南,U+5357,58,cjk,menu_dic_eg_we_ciwa#1,外表攻定不了的4编4马格南的威力，大家都会动！,menu_monthly_recover_eggmon#1,把南瓜灯召到星球上，请它修复
却,U+5374,58,cjk,menu_dic_386#3,擅长：却钻进迷宫这种,menu_dic_eg_cv_kang#1,明明不是机械，却被塞进电子蛋了！
君,U+541B,58,cjk,menu_dic_eg_cl_107#1,大形败费君（20岁）的设计。,menu_dic_eg_cv_166#1,大·负道君（23岁）的设计。
晃,U+6643,58,cjk,menu_dic_94#6,兴趣特技：困得晃晃悠悠！,menu_dic_eg_du_fraf#0,老是晃晃悠悠，是酒喝多了！
模,U+6A21,58,cjk,pad_alert#0,模拟手柄（DUALSHOC,pad_alert#2,模拟手柄（DUALSHOC
激,U+6FC0,58,cjk,menu_dic_103#1,激烈地活动身体！,menu_dic_eg_cv_yata#0,源桑的事小感到谁的激【，就会变形成变形机器人
硬,U+786C,58,cjk,menu_dic_102#3,擅长：硬要说的话,menu_dic_310#3,擅长：是热爱硬摇滚的
统,U+7EDF,58,cjk,menu_mission_fri05#0,一边预测系统各部的,menu_option_sound_se,可以自定义系统音效！
嘎,U+560E,59,cjk,menu_dic_eg_du_coin#2,放在心里，又在锯齿的地方嘎吱嘎吱！,menu_dic_eg_ms_fbby#0,和终的中人嘎钦以）识讨连着的满君！
婆,U+5A46,59,cjk,menu_dic_eg_du_shiv#0,旅途也不去了、来威的老婆婆！,ev_gho_int_c40#1,恶心老太婆啊！
汁,U+6C41,59,cjk,menu_dic_36#6,兴趣特技：果汁的话,menu_dic_eg_ev_oiju#0,现在，侄女蛋怪梅汁
理,U+7406,59,cjk,menu_dic_107#1,什么理由都无所谓吧！,menu_dic_114#1,理由！
瓜,U+74DC,59,cjk,menu_monthly_recover_eggmon#1,把南瓜灯召到星球上，请它修复蛋,menu_trump078#0,傻瓜三种神器！
肯,U+80AF,59,cjk,menu_dic_eg_ms_kken#0,使的王克拉肯，自己逃喜欢！,ev_sun_st30#2,肯定对世人来说也太过火了吧
拳,U+62F3,60,cjk,menu_dic_170#1,我怕猜拳！,menu_dic_281#0,参加动机：想把俺的跆拳道
暗,U+6697,60,cjk,menu_dic_eg_ms_tiky#1,使会暗、使会嫌、大地在能着走！,ev_tue_cl44#1,把蛋的内里在黑暗中消灭给你看。
爆,U+7206,60,cjk,menu_trump023#1,对方踩到地雷就会爆炸，,menu_trump024#1,被炸进爆炸里的对方
独,U+72EC,60,cjk,menu_dic_243#7,变成独立连续剧！,menu_dic_81#0,参加动机：该独立了
系,U+7CFB,60,cjk,menu_dic_146#7,务必搞好关系。,menu_dic_178#7,请跟我联系！
风,U+98CE,60,cjk,menu_dic_115#1,放超大的风筝。,menu_dic_115#3,擅长：大地上的放风筝
○,U+25CB,61,punct,catori_tutorial#4,用○选中后再选「出发」，,metamor_skip,○跳过
临,U+4E34,61,cjk,fmenu_gen_01#0,源桑：欢迎光临。,sysmes_field_bonus_term#7,临坏
取,U+53D6,61,cjk,memcard_load_broken#1,无法读取该数据！,memcard_load_clear,已读取通关数据！
妖,U+5996,61,cjk,menu_dic_386#6,兴趣特技：和妖精,menu_dic_eg_ev_eegg#2,邪恶艾格曼讨人！妖精，现在周通道里看见真！
移,U+79FB,61,cjk,catori_tutorial#1,使用移动星「卡特莉·德·奥马尔,sysmes_field_unit#0,移动
配,U+914D,61,cjk,fmenu_atom_catori#1,本……角色被配置到本星以外后反击,fmenu_bossname#7,四次元·配置体
a,U+0061,62,ascii,menu_dic_362#1,战略版Advance的,menu_dic_365#1,战略版Advance的
i,U+0069,62,ascii,menu_dic_141#0,来自《Live A Live》的,menu_dic_177#0,来自《Live A Live》的
保,U+4FDD,62,cjk,memcard_not_save_continue#0,还没有保存，,memcard_opening_nocard#1,要保存「半熟英雄4」的数据，
咕,U+5495,62,cjk,menu_dic_eg_ev_deat#2,为了不忘，定期嘀咕着「尼埃本诺」！,ev_fri_st22#0,马蒂斯：可是，在这儿嘀咕
夏,U+590F,62,cjk,boss_tkkn_actmenu#0,嗯夏巴·哒,ev_solo_inu52#1,变成「夏威夷状书外间势中的偶像」
妹,U+59B9,62,cjk,menu_dic_106#7,知道吗？是我妹妹！,menu_dic_eg_cv_cann#0,是不是知道妹妹那边更有人气这种说法，
婚,U+5A5A,62,cjk,menu_dic_eg_pk_yayo#2,——摘自蛋怪婚礼策划人——,menu_dic_eg_pw_hvms#2,最近，据说潜姿进了婚礼繰状人！
狠,U+72E0,62,cjk,ev_sun_cl33#2,我就给你们看比灾厄更狠的地狱哟。,ev_sun_st14#1,面也还很长，直到最后都请狠狠地
破,U+7834,62,cjk,menu_dic_eg_cl_piku#2,画的主题是来自爱的破坏力，本人如是说！,menu_mission_ear03#2,将其击破。
索,U+7D22,62,cjk,menu_dic_eg_pk_meds#0,每天和蛇的索利德君一齐，,menu_dic_eg_pk_meds#2,一不小心盯着索利德君看，他自己也会今心
赢,U+8D62,62,cjk,menu_dic_100#1,赢腰果部队！,menu_dic_100#7,怎么都打不赢！
饭,U+996D,62,cjk,menu_dic_190#1,能一起吃饭的同伴！,menu_dic_30#6,兴趣特技：午饭有酸奶
叔,U+53D4,63,cjk,menu_dic_eg_cl_otya#0,饭、自己也变成茶泡饭的大叔！,menu_dic_eg_du_hagu#1,既不是跟店里的叔叔吵架跑出来，
口,U+53E3,63,cjk,pad_alert#1,连接！请接到手柄端口1，把,menu_dic_425#7,松了口气！
呜,U+545C,63,cjk,sysmes_sound_list#36,呜,ïbeXg#2,呜呜呜……
哇,U+54C7,63,cjk,ev_sun_cl39#2,绝对模仿不来哇）,ev_sun_st50#1,憋不住了哇。
哼,U+54FC,63,cjk,menu_dic_54#0,参加动机：哼！,ev_sun_st50#0,卡特莉·伊奈：呣呼。呣哼
姐,U+59D0,63,cjk,menu_dic_257#6,兴趣特技：舒泽特小姐,menu_dic_276#7,马斯卡特小姐约会！
尽,U+5C3D,63,cjk,menu_dic_226#1,为了逃到世界尽头。,menu_dic_274#6,兴趣特技：所以尽量
香,U+9999,63,cjk,menu_dic_eg_ev_smok#0,用香烟的烟把人烟住，那存在王,menu_dic_eg_we_oyas#1,有点吓人，是因为看着睡得香的人
公,U+516C,64,cjk,menu_dic_180#7,可是团里的公主！,menu_dic_252#0,参加动机：公寓贷款
吉,U+5409,64,cjk,menu_dic_130#0,参加动机：为了存买吉他的钱,menu_dic_407#6,兴趣特技：看看吉鲁巴练出来的
设,U+8BBE,64,cjk,fmenu_bossname#4,艾格妈妈研发设施,fmenu_momo_01a_2#2,并把王牌设为可选用的说！
静,U+9759,64,cjk,menu_dic_166#7,心冷静下来！,menu_dic_202#3,擅长：让心平静下来
买,U+4E70,65,cjk,fmenu_gen_01_2#1,不买点什么吗？,fmenu_gen_04_2#1,不买点什么吗？
决,U+51B3,65,cjk,fmenu_defence_castle_any#2,请决定参战的全部人员。,menu_battle_help_mes6#0,决定好要使用哪张王牌后，
客,U+5BA2,65,cjk,fmenu_gen_01#1,客人，你看着像有点隐情啊？,fmenu_gen_04#1,客人，又出什么事了？
应,U+5E94,65,cjk,menu_dic_185#4,应该更有吧！,menu_dic_209#3,擅长：应对战斗的
按,U+6309,65,cjk,pad_alert#3,正确重新连接后，请按○按钮！,menu_battle_help_mes6#1,请按○！
足,U+8DB3,65,cjk,memcard_opening_nomemory_both#0,储卡（PS2）空闲容量不足，,memcard_opening_nomemory_slot1#0,储卡（PS2）空闲容量不足，
8,U+0038,66,ascii,sysmes_battle_command#15,·8,sysmes_sound_list#19,滑稽8
历,U+5386,66,cjk,menu_dic_161#1,想要这样的经历！,menu_dic_218#1,厚历史留下来！
布,U+5E03,66,cjk,menu_dic_170#7,布！,menu_dic_322#3,擅长：拼布的话
幻,U+5E7B,66,cjk,sysmes_battle_command#20,哪个幻球？,sysmes_field_unit#6,哪个幻球？
座,U+5EA7,66,cjk,menu_dic_437#1,那座迷宫,f_wed_30#0,塞巴斯蒂安：从那座神殿里，随时都会放出
日,U+65E5,66,cjk,menu_dic_119#6,兴趣特技：假日加班,menu_dic_159#3,擅长：冬日美容的宠儿
假,U+5047,67,cjk,sysmes_input_name_term#2,平假名,sysmes_input_name_term#3,片假名
够,U+591F,67,cjk,fmenu_gen_04_2#0,源桑：库存可不够啊！,menu_battle_help_mes10,这是蛋怪能够使用的技能！
提,U+63D0,67,cjk,sysmes_dungeon_eggmon_rankup#1,等级提升了！,sysmes_dungeon_hanjyuku_rankup,半熟等级提升了！
效,U+6548,67,cjk,catori_tutorial#10,高效地让将军轮换，,fmenu_bossname#9,四次元·效果体
春,U+6625,67,cjk,eg_we_same_at1,春雨,eg_we_same_ms1#0,鱼大将：鲨鱼大将把泡发的春雨
认,U+8BA4,67,cjk,sysmes_option_term#4,默认,menu_dic_117#4,自认一流！
7,U+0037,68,ascii,memcard_opening_nocard#2,需要有75KB以上空闲容量的存储,memcard_opening_nomemory_both#2,需要有75KB以上空闲容量的存储
卫,U+536B,68,cjk,menu_dic_eg_cl_siro#1,自己把防卫小队独立出去、干劲十足的,menu_trump021#0,最强的线卫
姆,U+59C6,68,cjk,fmenu_bossname#3,奥拉利乌姆星,menu_dic_eg_du_jido#0,拥有吉铎里姆合金身体的、有能人间的战
姬,U+59EC,68,cjk,menu_dic_eg_cv_mkni#0,飞行员飞】友军，用姬改长成的机体,menu_dic_eg_pw_rddr#1,弱的分不放过捉住的东西，姬怪的心」！
宇,U+5B87,68,cjk,menu_dic_eg_cl_nalt#1,据说曾经被那宇宙的小池星人绑走过，还反,menu_dic_eg_cl_otam#1,才能看见、宇宙人族的一匹蝌蚪！
宙,U+5B99,68,cjk,menu_dic_eg_cl_nalt#1,据说曾经被那宇宙的小池星人绑走过，还反击,menu_dic_eg_cl_otam#1,才能看见、宇宙人族的一匹蝌蚪！
损,U+635F,68,cjk,memcard_load_broken#0,半熟英雄4」的存档数据已损坏！,sysmes_battle_menu#2,蛋已经损坏
搞,U+641E,68,cjk,menu_dic_113#6,兴趣特技：能不能搞到,menu_dic_122#6,兴趣特技：喜欢搞笑的部队
流,U+6D41,68,cjk,menu_dic_117#4,自认一流！,menu_dic_402#4,攻击力一流。
漫,U+6F2B,68,cjk,sysmes_planet_name#1,星·浪漫,menu_dic_260#0,来自《浪漫沙加》的
玩,U+73A9,68,cjk,menu_dic_43#6,兴趣特技：来玩踢罐子吧！,menu_dic_562#1,争夺好想玩！
邪,U+90AA,68,cjk,menu_dic_eg_ev_dvwm#1,为什么非要从邪恶蛋里出来不可。,menu_dic_eg_ev_eegg#2,邪恶艾格曼讨人！妖精，现在
P,U+0050,69,ascii,memcard_format_ask#0,插槽中的存储卡（PS2）,memcard_format_fault#0,插槽中的存储卡（PS2）
乎,U+4E4E,69,cjk,ev_sun_cl31#0,塞巴斯蒂安：可是，灾厄似乎就要,ev_sun_st62#1,似乎有巨大的怪陨石坠落。
台,U+53F0,69,cjk,sysmes_battle_command#21,胜利台词,sysmes_battle_command#22,失败台词
吸,U+5438,69,cjk,menu_dic_272#0,参加动机：被某支部队的心吸引,menu_dic_82#1,深深吸引了！
性,U+6027,69,cjk,menu_dic_456#7,听得进我任性的将军！,menu_dic_eg_cv_sexy#1,这类性感角色很多，可最近登场的
拍,U+62CD,69,cjk,menu_dic_431#0,参加动机：是拍洋画。,menu_dic_431#3,擅长：是拍洋画。
早,U+65E9,69,cjk,menu_dic_114#6,兴趣特技：想早点回去,menu_dic_22#0,参加动机：想早点离开
更,U+66F4,69,cjk,menu_dic_148#1,成为更好的人！,menu_dic_167#1,变得更好看！
热,U+70ED,69,cjk,menu_dic_310#3,擅长：是热爱硬摇滚的,menu_dic_33#0,参加动机：这股涌出来的热情
痛,U+75DB,69,cjk,menu_dic_146#0,参加动机：想把痛的心情,menu_dic_330#0,参加动机：这颗痛心
臭,U+81ED,69,cjk,sysmes_dungeon_bonus_term#3,：复读臭,menu_dic_eg_ev_gera#0,和臭气激、有名的某怪物很要好
袋,U+888B,69,cjk,sysmes_battle_command#17,宝袋,menu_dic_76#6,兴趣特技：工资袋
输,U+8F93,69,cjk,sysmes_input_name_term#0,○输入,menu_dic_118#1,不知不觉输了！
错,U+9519,69,cjk,menu_dic_268#1,这种工作也不错！,menu_dic_377#0,参加动机：果然不错吧
题,U+9898,69,cjk,menu_dic_564#7,问题中的间姿！,menu_dic_99#4,大概没问题！
T,U+0054,70,ascii,sysmes_saveload_term#9,NODATA,sysmes_saveload_term#10,BROKEN DATA
导,U+5BFC,70,cjk,fmenu_bossname#5,核导弹,menu_dic_228#4,领导着部队！
拜,U+62DC,70,cjk,menu_dic_138#0,参加动机：被朋友拜托,menu_dic_179#0,参加动机：被朋友拜托
服,U+670D,70,cjk,menu_dic_122#4,一起征服世界。,menu_dic_160#4,征服着世界！
毒,U+6BD2,70,cjk,ev_thu_cl22#0,彭普蒂：病毒转眼间蔓延开来,ev_thu_cl38#0,彭普蒂：怪物化的病毒以可怕的速度
紧,U+7D27,70,cjk,menu_dic_142#0,参加动机：紧、紧张着！,menu_dic_357#1,抓得太紧了吗？
肌,U+808C,70,cjk,menu_dic_258#3,擅长：肌肉男！,menu_dic_258#6,兴趣特技：可肌肉和
诶,U+8BF6,70,cjk,menu_dic_23#6,兴趣特技：诶，部队招聘？,ïbeXg#3,诶诶诶诶全。
跟,U+8DDF,70,cjk,menu_dic_178#7,请跟我联系！,menu_dic_230#3,擅长：跟得上
位,U+4F4D,71,cjk,memcard_save_select,请选择要保存的位置！,menu_dic_188#6,兴趣特技：五位数彩票
哎,U+54CE,71,cjk,menu_dic_186#0,参加动机：哎呀，我的力量,menu_dic_419#0,参加动机：哎呀为什么
止,U+6B62,71,cjk,menu_dic_31#7,彻底禁止？,menu_dic_49#6,兴趣特技：停止战争
猿,U+733F,71,cjk,menu_trump098#1,动猿！,eg_cl_ugok,不动猿
鬼,U+9B3C,71,cjk,menu_dic_eg_ev_ptdv#1,机就向人军帮助，讨厌的小鬼！,ev_thu_bs14#0,彭普蒂：不老不死的吸血鬼之血降临
目,U+76EE,72,cjk,sysmes_title_term#3,从中途开始（周目）,menu_dic_187#0,参加动机：在节目里被逼着
E,U+0045,73,ascii,sysmes_saveload_term#10,BROKEN DATA,sysmes_sound_list#41,LEFT
居,U+5C45,73,cjk,menu_dic_139#1,居然志愿当部队！,menu_dic_356#1,居然被映像抓住！
爸,U+7238,73,cjk,menu_dic_eg_cl_matu#2,最近，连爸爸也开始使自己的绝招了！,menu_dic_eg_pk_bbms#0,和爸爸的重蛾一齐生着的连气之
苏,U+82CF,73,cjk,fmenu_bossname#1,莫特·苏蒙,menu_dic_eg_le_hdes#0,从尸体之星苏醒的、星情的真之王！
托,U+6258,74,cjk,menu_dic_138#0,参加动机：被朋友拜托,menu_dic_179#0,参加动机：被朋友拜托
海,U+6D77,74,cjk,menu_dic_496#0,来自《星之海洋3》的,menu_dic_500#0,来自《星之海洋2》的
两,U+4E24,75,cjk,menu_dic_57#4,根本没两样吧？,menu_dic_eg_cl_akem#2,手里两把扇子，是从父亲那儿继承
叶,U+53F6,75,cjk,menu_dic_134#7,不是立志而是明叶？,menu_dic_eg_cv_mnal#1,军空时，为了把那知识和立叶弱世化，
库,U+5E93,75,cjk,fmenu_bossname#0,莫特·库蒙,fmenu_gen_04_2#0,源桑：库存可不够啊！
报,U+62A5,75,cjk,menu_dic_73#6,兴趣特技：想和有情报的人,menu_dic_eg_du_hega#0,筷子夹了也好笑的那年报的、三姐妹！
挺,U+633A,75,cjk,menu_dic_101#7,人还挺老实！,menu_dic_105#4,还挺能打的！
跳,U+8DF3,75,cjk,metamor_skip,○跳过,sysmes_battle_command#6,跳过
透,U+900F,75,cjk,menu_dic_eg_pk_tmni#0,仗着看不见，反复恶作剧的透明人心！,ev_wed_st47,卡特莉·伊努：糟透了呢
e,U+0065,76,ascii,menu_dic_141#0,来自《Live A Live》的,menu_dic_177#0,来自《Live A Live》的
倒,U+5012,76,cjk,menu_dic_119#3,擅长：气势倒是有,menu_dic_22#3,擅长：锄头倒是拿过
喂,U+5582,76,cjk,menu_dic_eg_ev_dvwm#2,喂。自由是什么？果然是年的,ev_sun_st36#0,卡特莉·伊奈：喂。
嘿,U+563F,76,cjk,menu_dic_126#6,兴趣特技：嘿，重金属最棒！,ïbeXg#7,库库库气嘿
雅,U+96C5,76,cjk,test_gameover14#2,雅：了嘛。,ev_mon_bs17y,雅：不要认输。
　,U+3000,77,punct,menu_option_sound_config#1,○　设定音效,ev_gho_cl_a99#0,半熟　七英雄　　真正英雄
年,U+5E74,77,cjk,menu_dic_353#1,水晶编年史的,menu_dic_429#1,水晶编年史的
满,U+6EE1,77,cjk,fmenu_gen_01_2#0,强到连英雄都比不过，包您满意！,menu_dic_eg_cl_otya#1,时都能吃到茶泡饭，本人超满足！
烦,U+70E6,77,cjk,menu_dic_285#6,兴趣特技：好麻烦啊！,menu_dic_eg_cv_wood#2,到头来，只是自己转、麻烦的蛋怪！
音,U+97F3,77,cjk,sysmes_option_term#1,声音,sysmes_sound_config_term#6,提示音
助,U+52A9,78,cjk,menu_dic_eg_ev_ptdv#1,自己一陷入危机就向人军帮助，讨厌的小鬼！,menu_dic_eg_pw_tagm#2,实验体的各位！感谢您的协助。
指,U+6307,78,cjk,menu_dic_142#1,请多多指教！,menu_dic_142#4,请多多指教！
祖,U+7956,78,cjk,sysmes_sound_list#28,卡祖笛,menu_dic_eg_ms_grap#1,也许会像祖父那样，一生气就变成逃消
运,U+8FD0,78,cjk,menu_dic_231#1,命运！,menu_dic_49#0,参加动机：和平运动、运动的
高,U+9AD8,78,cjk,catori_tutorial#10,高效地让将军轮换，,menu_dic_109#1,高兴高兴了！
冲,U+51B2,79,cjk,menu_dic_116#4,也会照样冲。,menu_dic_198#0,参加动机：冲劲。
凡,U+51E1,79,cjk,menu_trump108#0,凡尔赛假发！,test_gameover14#0,凡：这样！
厌,U+538C,79,cjk,menu_dic_117#7,希望别被讨厌！,menu_dic_137#1,为了忘掉讨厌的回忆！
基,U+57FA,79,cjk,fmenu_momo_01a#0,基利·福达：呀哈哈哈,fmenu_momo_01a_2#0,基利·福达：在那之前，阿尔
奥,U+5965,79,cjk,catori_tutorial#1,使用移动星「卡特莉·德·奥马尔」,catori_tutorial#3,斯蒂安：这艘卡特莉·德·奥马尔
色,U+8272,79,cjk,fmenu_atom_catori#1,本……角色被配置到本星以外后反击,fmenu_gen_01_2#0,源桑：我家货色强到连英雄都比不过，包您
角,U+89D2,79,cjk,fmenu_atom_catori#1,本……角色被配置到本星以外后反击,menu_dic_eg_cv_sexy#1,这类性感角色很多，可最近登场的家伙
5,U+0035,80,ascii,memcard_opening_nocard#2,需要有75KB以上空闲容量的存储卡,memcard_opening_nomemory_both#2,需要有75KB以上空闲容量的存储卡
于,U+4E8E,80,cjk,menu_dic_149#1,属于兴趣悠闲那挂！,menu_dic_239#0,参加动机：属于商人那挂
原,U+539F,80,cjk,menu_dic_19#7,能不能原谅我！,menu_dic_eg_cv_bari#0,越可怕的狗越会叫，这句话原封不动的蛋怪！
呐,U+5450,80,cjk,menu_dic_128#6,兴趣特技：呐呐，我的肖像,menu_dic_204#6,兴趣特技：呐呐
型,U+578B,80,cjk,sysmes_egg_status_name#2,体型,sysmes_ine_change_pattern#0,卡特莉攻击型
恭,U+606D,80,cjk,fmenu_momo_01a_4#0,基利·福达：随时恭候的说,eg_ms_omed,恭喜鸟
滚,U+6EDA,80,cjk,menu_dic_310#1,超摇滚吧？,menu_dic_310#3,擅长：是热爱硬摇滚的
由,U+7531,80,cjk,fmenu_momo_01a_2#1,就由我基利·福达来拯救世界，,sysmes_battle_status_enemy#16,由
食,U+98DF,80,cjk,menu_dic_69#6,兴趣特技：部队的伙食,menu_dic_81#6,兴趣特技：食堂菜单里
O,U+004F,81,ascii,pad_alert#0,模拟手柄（DUALSHOCK2）没有,pad_alert#2,模拟手柄（DUALSHOCK2）
刺,U+523A,81,cjk,ev_fri_cl28#0,莉·伊奈：危险的玫瑰是有刺的！,ev_ear_cl61#2,不刺激核弹头，能把推进力止住
匙,U+5319,81,cjk,menu_dic_86#6,兴趣特技：出门要把钥匙带好。,menu_trump082#1,回忆钥匙！
启,U+542F,81,cjk,menu_dic_96#1,占卜的转生，有启示！,test_gameover12,梅尔克里：正是迷雾蛋的启示哪！
弱,U+5F31,81,cjk,menu_dic_110#6,兴趣特技：我软弱的演技,menu_dic_164#7,会写箱子弱！
松,U+677E,81,cjk,menu_dic_215#6,兴趣特技：工作再轻松,menu_dic_425#7,松了口气！
核,U+6838,81,cjk,fmenu_bossname#5,核导弹,menu_dic_310#6,兴趣特技：硬核方面
节,U+8282,81,cjk,menu_dic_187#0,参加动机：在节目里被逼着,menu_dic_47#0,参加动机：出演的电视节目里
钥,U+94A5,81,cjk,menu_dic_86#6,兴趣特技：出门要把钥匙带好。,menu_trump082#1,回忆钥匙！
【,U+3010,82,punct,menu_dic_567#4,能【！,menu_dic_eg_cv_yata#0,源桑的事小感到谁的激【，就会变形成变形机器人。
二,U+4E8C,83,cjk,menu_dic_152#3,擅长：一加一是二！,menu_dic_84#1,第二学期实习的一环！
各,U+5404,83,cjk,catori_tutorial#5,就能连星球一起挪到各种据点去的说！,fmenu_gen_08#1,嘛，人各有各的情况嘛！
常,U+5E38,83,cjk,menu_dic_148#3,擅长：人家常说,menu_dic_164#6,兴趣特技：常用的书上
问,U+95EE,83,cjk,sysmes_input_name_term#6,请问如何称呼您？,sysmes_input_name_term#7,请问如何称呼您？
】,U+3011,84,punct,menu_dic_eg_cv_mkni#0,飞行员飞】友军，用姬改长成的机体,menu_dic_eg_le_kaba#2,这种大分上的守体所无法梦】！
亲,U+4EB2,84,cjk,menu_dic_236#0,参加动机：想亲手,menu_dic_257#1,尝尝亲手做的菜！
立,U+7ACB,84,cjk,sysmes_option_term#6,立体声,sysmes_sound_config_term#0,立
肉,U+8089,84,cjk,menu_dic_258#3,擅长：肌肉男！,menu_dic_258#6,兴趣特技：可肌肉和
茄,U+8304,84,cjk,menu_dic_eg_ms_mand#0,初年反，茄子人的様星！喜小合的失通,menu_trump103#1,欧米茄！
兔,U+5154,85,cjk,sysmes_inu_change_pattern#4,兔女郎,menu_dic_50#7,兔子吗？
必,U+5FC5,85,cjk,menu_dic_146#7,务必搞好关系。,menu_dic_252#1,必须还！
戏,U+620F,85,cjk,memcard_not_save_continue#1,要继续游戏吗？,memcard_opening_nocard#3,要就这样开始游戏吗？
挑,U+6311,85,cjk,menu_dic_241#1,挑战当部队！,menu_dic_241#6,兴趣特技：钱就挑战
束,U+675F,85,cjk,menu_composite_eggmon_platoon_select#1,在此结束编成！,menu_composite_eggmon_term#0,就此结束蛋怪编成！
费,U+8D39,85,cjk,sysmes_field_bonus_term#6,经费,sysmes_monthly_term#12,经费
交,U+4EA4,86,cjk,sysmes_field_unit#3,交换,menu_dic_115#4,交给俺。
办,U+529E,86,cjk,menu_dic_123#1,想办法练上去！,menu_dic_138#1,没办法才来的！
吾,U+543E,86,cjk,ev_sun_cl02#0,？？？？吾等来自惑星科吉托，,ev_sun_cl44#0,卡特莉·伊奈：吾卡特莉惑星的秘宝。
微,U+5FAE,86,cjk,menu_dic_101#3,擅长：进攻稍微,menu_dic_109#3,擅长：稍微快一点
耐,U+8010,86,cjk,sysmes_parameter#2,耐力,menu_dic_107#4,大概就耐力了！
钱,U+94B1,86,cjk,menu_dic_113#7,一大笔钱！,menu_dic_115#0,参加动机：用赚来的钱
雾,U+96FE,86,cjk,menu_monthly_hensei_misty#0,这是梅尔克里大人持有的迷雾蛋的说！,test_gameover12,梅尔克里：正是迷雾蛋的启示哪！
眠,U+7720,87,cjk,menu_dic_eg_cv_pwra#0,好22话里，眠力米卡乘着的机器知惑,menu_dic_eg_ms_unic#1,朝那边去的那副模样，会眠给勇气的）活！
稍,U+7A0D,87,cjk,menu_dic_101#3,擅长：进攻稍微,menu_dic_109#3,擅长：稍微快一点
罗,U+7F57,87,cjk,menu_dic_eg_cv_borc#0,道菜就交给我。热情通道菜罗宋汤动起来了！,menu_dic_eg_cv_mkai#2,在与星阿弗罗13的体中里，讨伐这世知
停,U+505C,88,cjk,sysmes_field_term#0,暂停！,sysmes_pause,暂停！
败,U+8D25,88,cjk,memcard_format_fault#1,格式化失败了！,memcard_load_fault,读取失败了！
泡,U+6CE1,89,cjk,menu_dic_eg_cl_otya#0,喜欢茶泡饭、自己也变成茶泡饭的大,menu_dic_eg_cl_otya#1,这样随时都能吃到茶泡饭，本人超满足！
示,U+793A,89,cjk,sysmes_sound_config_term#6,提示音,sysmes_sound_config_term#13,提示音
粉,U+7C89,89,cjk,menu_dic_282#7,粉丝第一名是俺。,menu_dic_eg_du_dady#1,比起海葵杰克粉丝更少，
落,U+843D,89,cjk,menu_dic_eg_ms_drgf#2,星的鯱鉾，其实都会有点失落！,menu_dic_eg_we_brav#1,马的心（9岁）揺喜，终于落入食！
冬,U+51AC,90,cjk,menu_dic_159#3,擅长：冬日美容的宠儿,menu_dic_61#6,兴趣特技：冬天想滑雪
您,U+60A8,90,cjk,fmenu_gen_01_2#0,色强到连英雄都比不过，包您满意！,sysmes_input_name_term#6,请问如何称呼您？
此,U+6B64,90,cjk,menu_composite_eggmon_platoon_select#1,在此结束编成！,menu_composite_eggmon_term#0,就此结束蛋怪编成！
油,U+6CB9,90,cjk,menu_dic_128#4,但会加油！,menu_dic_132#1,得加油！
笑,U+7B11,90,cjk,menu_dic_122#6,兴趣特技：喜欢搞笑的部队,menu_dic_63#6,兴趣特技：搞笑！。
黑,U+9ED1,90,cjk,menu_dic_384#6,兴趣特技：不过黑客更,menu_dic_eg_le_bktg#2,梦见变成活虎的那天，黑虎今天也在战斗！
受,U+53D7,91,cjk,menu_dic_116#7,接下来就等受伤。,menu_dic_126#4,会受伤的！
叫,U+53EB,91,cjk,sysmes_input_name_term#8,喜欢的人叫什么名字？？,sysmes_input_name_term#9,你叫什么名字？？
游,U+6E38,91,cjk,memcard_not_save_continue#1,要继续游戏吗？,memcard_opening_nocard#3,要就这样开始游戏吗？
难,U+96BE,91,cjk,sysmes_monthly_term#14,难度,sysmes_planet_command#3,难度选择
亚,U+4E9A,92,cjk,menu_dic_191#6,兴趣特技：亚莉莎部队,ev_fri_cl24#0,弗莱迪：巴伐利亚脑子的你们也懂吧？
传,U+4F20,92,cjk,menu_dic_147#0,来自《圣剑传说》的,menu_dic_175#0,来自《圣剑传说》的
形,U+5F62,92,cjk,sysmes_battle_command#18,变形,sysmes_field_unit#5,变形
类,U+7C7B,92,cjk,menu_dic_119#4,王牌之类能派上用场！,menu_dic_169#3,擅长：王牌之类
鸟,U+9E1F,92,cjk,menu_dic_eg_le_chob#0,使大，就是那只有名的陆行鸟！,menu_dic_eg_le_fzer#1,陆行鸟都出了那自己也得出，就战
失,U+5931,93,cjk,memcard_format_fault#1,格式化失败了！,memcard_load_fault,读取失败了！
梦,U+68A6,93,cjk,menu_dic_112#7,能骑马像做梦一样。,menu_dic_128#1,小时候的梦！
牌,U+724C,94,cjk,fmenu_momo_01#1,入手了王牌「」的效果。,fmenu_momo_01a#2,王牌的影像被藏起来了的说！
许,U+8BB8,94,cjk,menu_dic_22#6,兴趣特技：也许不太,menu_dic_406#7,第一次，也许不安！
乱,U+4E71,95,cjk,menu_dic_157#0,参加动机：这乱世里,menu_dic_eg_du_kero#1,精心定好的卷发一乱，就会悲伤地逛魔场！
化,U+5316,95,cjk,fmenu_bossname#6,四次元·进化体,memcard_format_ask#1,尚未格式化！
而,U+800C,95,cjk,menu_dic_134#1,和平而站起来！,menu_dic_134#7,不是立志而是明叶？
花,U+82B1,95,cjk,menu_dic_212#1,很花钱的。,menu_dic_258#4,阵型白花花的！
听,U+542C,96,cjk,menu_dic_153#0,参加动机：听说有点心,menu_dic_160#0,参加动机：听说有让人移情的人
土,U+571F,96,cjk,menu_dic_178#6,兴趣特技：对土战有兴趣的人,menu_dic_eg_du_109#0,役土种白军欲
御,U+5FA1,96,cjk,sysmes_ine_change_pattern#2,卡特莉防御型,sysmes_parameter#8,防御
存,U+5B58,97,cjk,fmenu_gen_04_2#0,源桑：库存可不够啊！,memcard_format_ask#0,插槽中的存储卡（PS2）
巨,U+5DE8,97,cjk,sysmes_battle_command#19,巨大化,menu_dic_182#0,参加动机：巨大的与其说动机
待,U+5F85,97,cjk,menu_dic_132#4,大战时超受期待！,menu_dic_136#3,擅长：能期待的是经验
状,U+72B6,97,cjk,sysmes_monthly_term#8,我军状况,menu_dic_165#6,兴趣特技：只借形状
石,U+77F3,97,cjk,menu_dic_eg_le_excv#0,那把收使的剑，石中剑也凭自己的意志动起来,menu_trump008#1,让落石砸向对方头上！
箱,U+7BB1,97,cjk,menu_dic_164#7,会写箱子弱！,menu_dic_320#6,兴趣特技：还是箱弱
试,U+8BD5,97,cjk,menu_dic_20#1,试试看！,menu_dic_21#1,试试看！
怕,U+6015,98,cjk,menu_dic_170#1,我怕猜拳！,menu_dic_264#3,擅长：可怕哦，俺！大概！
找,U+627E,99,cjk,menu_dic_122#0,参加动机：来找搭档,menu_dic_213#1,在这里找到了！
火,U+706B,99,cjk,menu_dic_eg_du_ifrt#0,火的料理人伊夫里顿端出的菜,menu_dic_eg_du_ifrt#2,据说界强的星消里分低怪火、去烤，才是料理的诀窍！
选,U+9009,99,cjk,catori_tutorial#4,用○选中后再选「出发」，,fmenu_momo_01a_2#2,并把王牌设为可选用的说！
东,U+4E1C,100,cjk,fmenu_gen_buy#0,源桑：买下的东西已经送到客人的星球上了,menu_dic_126#0,参加动机：部队这东西
敌,U+654C,100,cjk,catori_tutorial#7,有敌星的地方是去不了的！,menu_dic_176#0,参加动机：因为无敌！
皮,U+76AE,100,cjk,menu_dic_eg_cv_mkni#2,失动力是失终力！对手是铁皮逃惑！,ev_tue_st75,卡特莉·伊努：超厚脸皮吧？
啪,U+556A,101,cjk,f_thu_02#0,马蒂斯：啪。啪。啪。啪。,eg_pw_116_vo32_c#0,豚悟空：沙悟净啪————。
威,U+5A01,101,cjk,menu_dic_182#1,不如说是威力吧！,menu_dic_189#6,兴趣特技：你的将军威力
教,U+6559,101,cjk,menu_dic_113#0,参加动机：孩子的教育费,menu_dic_142#1,请多多指教！
势,U+52BF,102,cjk,menu_dic_117#3,擅长：气势方面,menu_dic_118#3,擅长：进攻和气势编成
器,U+5668,102,cjk,menu_dic_91#3,擅长：拿着武器的战斗,menu_dic_eg_cv_alec#2,身上装备的兵器数量，只是装饰！
处,U+5904,102,cjk,menu_dic_109#4,是俺最大的长处！,menu_dic_210#4,长处！
路,U+8DEF,102,cjk,fmenu_gen_08#2,路上小心。,fmenu_gen_buy#1,回见！路上小心。
切,U+5207,103,cjk,menu_dic_152#0,参加动机：一切都是苦的,menu_dic_173#0,参加动机：这世上的一切
字,U+5B57,103,cjk,sysmes_dic_term#4,把终殿的名字放上，,sysmes_input_name_term#4,英文数字·符号
炸,U+70B8,103,cjk,menu_dic_476#0,来自《炸弹人》的,menu_dic_eg_pk_pegg#0,用粉红炸弹在孩子们的心脏上怪上点
与,U+4E0E,104,cjk,fmenu_encount_enemy,与部队遭遇了。,menu_battle_help_mes12,将军与部队合为一体发动攻击！
剑,U+5251,104,cjk,menu_dic_138#6,兴趣特技：剑想用从家里,menu_dic_147#0,来自《圣剑传说》的
同,U+540C,104,cjk,menu_dic_190#0,参加动机：想要同伴！,menu_dic_190#1,能一起吃饭的同伴！
呵,U+5475,104,cjk,menu_dic_448#0,参加动机：呵呵呵！,menu_dic_448#3,擅长：呵呵呵呵！
守,U+5B88,104,cjk,menu_dic_231#4,守住命金！,menu_dic_68#0,参加动机：想守护
木,U+6728,104,cjk,sysmes_planet_name#4,星·榆木,menu_trump109#1,在榆木星的
名,U+540D,105,cjk,sysmes_dic_term#4,把终殿的名字放上，,sysmes_input_name_term#2,平假名
因,U+56E0,106,cjk,menu_dic_103#6,兴趣特技：因为下围棋,menu_dic_176#0,参加动机：因为无敌！
平,U+5E73,106,cjk,sysmes_input_name_term#2,平假名,menu_dic_134#1,和平而站起来！
改,U+6539,107,cjk,menu_dic_195#7,得改超才行！,menu_dic_242#0,参加动机：想改掉
水,U+6C34,107,cjk,sysmes_parameter#5,薪水,menu_dic_101#6,兴趣特技：俺薪水低
如,U+5982,108,cjk,sysmes_input_name_term#6,请问如何称呼您？,sysmes_input_name_term#7,请问如何称呼您？
负,U+8D1F,108,cjk,menu_dic_eg_cv_166#1,大·负道君（23岁）的设计。,menu_dic_eg_du_109#1,负。知君（23岁）的设计。
信,U+4FE1,109,cjk,menu_dic_101#4,有点自信吧！,menu_dic_107#3,擅长：要说有自信
外,U+5916,109,cjk,fmenu_atom_catori#1,本……角色被配置到本星以外后反击,sysmes_battle_status#10,外
往,U+5F80,109,cjk,sysmes_planet_agree,要前往这颗星球吗？,menu_dic_270#6,兴趣特技：从今往后我
母,U+6BCD,109,cjk,menu_dic_231#6,兴趣特技：可要是看见父母,menu_dic_eg_cl_tiki#0,为寻找治好母亲天气的药，
直,U+76F4,109,cjk,menu_dic_183#1,一直很憧憬。,menu_dic_195#0,参加动机：一直憧憬
爷,U+7237,110,cjk,menu_dic_eg_du_ramu#0,年的思里是恋人的爷爷！真相好像在他做梦的,menu_dic_eg_du_shiv#1,和拉姆爷爷，好像是一辈子相伴的长
琼,U+743C,110,cjk,dg_tutorial01,丹·琼斯：你们像是新人呐？,dg_tutorial01_3#0,丹·琼斯：这样啊！
礼,U+793C,110,cjk,menu_dic_eg_du_frkn#2,可爱的项圈，是为他准备的礼物！,menu_dic_eg_du_kami#1,现在会从礼帽人那儿秀出华丽的变形！
靠,U+9760,110,cjk,menu_dic_18#7,靠进攻决定的！,menu_dic_185#0,参加动机：靠蛋打仗
丹,U+4E39,111,cjk,eg_du_frns_w#1,和丹尼尔的网球用坏都忘了哇！,dg_tutorial01,丹·琼斯：你们像是新人呐？
又,U+53C8,111,cjk,fmenu_gen_04#1,客人，又出什么事了？,menu_dic_106#1,又想当部队了！
捕,U+6355,111,cjk,menu_dic_eg_cv_heij#0,守护和平的捕快机器人食金，有点恋母！,menu_dic_eg_we_same#2,其实，是拥有周负一撤揺捕怖地收之客的、初当使！
嘛,U+561B,112,cjk,fmenu_gen_08#1,嘛，人各有各的情况嘛！,menu_dic_162#3,擅长：能力低嘛！
眼,U+773C,112,cjk,menu_dic_114#7,用眼睛休息！,menu_dic_271#7,闭眼了吗？
第,U+7B2C,112,cjk,catori_tutorial#2,进行的第一次战斗的说。,menu_dic_282#7,粉丝第一名是俺。
讨,U+8BA8,112,cjk,menu_dic_117#7,希望别被讨厌！,menu_dic_137#1,为了忘掉讨厌的回忆！
结,U+7ED3,113,cjk,menu_composite_eggmon_platoon_select#1,在此结束编成！,menu_composite_eggmon_term#0,就此结束蛋怪编成！
孩,U+5B69,114,cjk,menu_dic_113#0,参加动机：孩子的教育费,menu_dic_132#0,参加动机：为了家和孩子
白,U+767D,114,cjk,menu_dic_158#7,想告白！,menu_dic_199#3,擅长：白天也喝着
件,U+4EF6,115,cjk,fmenu_gen_02,源桑：要哪一件？,fmenu_gen_05,源桑：好嘞。那要哪一件？
候,U+5019,115,cjk,fmenu_momo_01a_4#0,基利·福达：随时恭候的说,menu_dic_128#1,小时候的梦！
父,U+7236,115,cjk,menu_dic_231#6,兴趣特技：可要是看见父母,menu_dic_451#0,参加动机：被父亲强烈推荐
其,U+5176,116,cjk,catori_tutorial#6,塞巴斯蒂安：不过，其他星球或战场等,menu_dic_130#3,擅长：战斗其实
老,U+8001,117,cjk,menu_dic_101#7,人还挺老实！,menu_dic_103#7,人家都说我显老！
阵,U+9635,117,cjk,sysmes_dic_term#8,阵降,sysmes_dic_term#9,阵降
少,U+5C11,118,cjk,menu_dic_102#7,少见的蛋呢！,menu_dic_144#6,兴趣特技：少见的埴轮
快,U+5FEB,118,cjk,sysmes_option_term#11,快,sysmes_title_term#0,快点啊
欧,U+6B27,118,cjk,menu_dic_eg_pk_miju_#0,蝴蝶结很可爱的、欧伊汁的侄女！,menu_trump103#1,欧米茄！
旗,U+65D7,119,cjk,menu_dic_326#1,锦旗！,menu_dic_326#4,那里的锦旗吧！
鸣,U+9E23,119,cjk,menu_dic_eg_cv_mnal#0,成兵器的失动力安上了眼的鸣门！,menu_dic_eg_cv_mnal#2,身体机械心了！那就是机械鸣门！
今,U+4ECA,120,cjk,menu_dic_201#6,兴趣特技：来，今天也在战场,menu_dic_240#6,兴趣特技：今天也在备战
华,U+534E,120,cjk,menu_dic_eg_du_kami#1,现在会从礼帽人那儿秀出华丽的变形！,f_sun_34#0,卡特莉·伊奈：赶紧揍扁，华丽的婚礼
总,U+603B,120,cjk,sysmes_dungeon_get_pottkiri#0,总,menu_dic_130#6,兴趣特技：总之
桑,U+6851,120,cjk,fmenu_gen_01#0,源桑：欢迎光临。,fmenu_gen_01_2#0,源桑：我家货色强到连英雄都比
消,U+6D88,121,cjk,fmenu_atom_catori#0,消,sysmes_sound_config_term#5,取消
先,U+5148,122,cjk,menu_dic_120#0,参加动机：是你们先问的,menu_dic_202#0,参加动机：作为经验先
向,U+5411,122,cjk,catori_tutorial#11,就能把战局推向有利的说。,fmenu_attack_castle#0,向
带,U+5E26,122,cjk,sysmes_battle_menu#3,没有携带蛋,sysmes_battle_menu#4,没有携带
拿,U+62FF,122,cjk,menu_dic_120#7,让我拿回旋镖！,menu_dic_21#0,参加动机：想拿一次真正的剑
《,U+300A,123,punct,menu_dic_104#0,来自《勇者斗恶龙4》的,menu_dic_111#0,来自《勇者斗恶龙4》的
》,U+300B,123,punct,menu_dic_104#0,来自《勇者斗恶龙4》的,menu_dic_111#0,来自《勇者斗恶龙4》的
集,U+96C6,124,cjk,menu_dic_180#0,参加动机：集体生活那种,menu_dic_326#0,参加动机：想收集各队的
工,U+5DE5,125,cjk,menu_dic_146#6,兴趣特技：要是有工作上的人,menu_dic_178#1,也想干这种工作！
该,U+8BE5,125,cjk,memcard_load_broken#1,无法读取该数据！,menu_dic_109#0,参加动机：差不多该让老妈
据,U+636E,128,cjk,catori_tutorial#5,就能连星球一起挪到各种据点去的说！,fmenu_defence_empty_castle,据点被部队占领了。
数,U+6570,128,cjk,memcard_load_broken#0,「半熟英雄4」的存档数据已损坏！,memcard_load_broken#1,无法读取该数据！
煮,U+716E,128,cjk,ev_gho_cl_b22#1,四次元煮蛋。。,ev_gho_cl_c11#1,煮蛋也没用！
红,U+7EA2,128,cjk,menu_dic_eg_du_tmse#2,粉红据说将以这难度出道当写真,menu_dic_eg_ev_dvwm#0,为什么人家的蛋不是粉红蛋啊？
近,U+8FD1,128,cjk,menu_dic_181#6,兴趣特技：最近耐力,menu_dic_196#6,兴趣特技：最近对旅途的人生
思,U+601D,129,cjk,sysmes_planet_name#5,星·我思故我在,menu_dic_152#1,思量！
持,U+6301,129,cjk,sysmes_buy_trump_term#0,持有数量,sysmes_buy_trump_term#2,所持金
沙,U+6C99,129,cjk,menu_dic_129#0,来自《沙加3》的,menu_dic_235#0,来自《沙加开拓者》的
速,U+901F,129,cjk,sysmes_ine_change_pattern#1,卡特莉速度型,sysmes_parameter#3,速度
果,U+679C,130,cjk,fmenu_bossname#9,四次元·效果体,fmenu_momo_01#1,入手了王牌「」的效果。
造,U+9020,131,cjk,menu_dic_236#1,创造和平的世道。,menu_dic_49#7,一起创造和平的世界吧！
放,U+653E,132,cjk,sysmes_dic_term#4,把终殿的名字放上，,sysmes_sound_list#29,放屁
伤,U+4F24,133,cjk,menu_battle_help_mes13,能打出大量伤害，但很难全灭对方！,menu_dic_116#7,接下来就等受伤。
蒙,U+8499,133,cjk,fmenu_bossname#0,莫特·库蒙,fmenu_bossname#1,莫特·苏蒙
边,U+8FB9,133,cjk,menu_dic_239#6,兴趣特技：可边工作边,menu_dic_284#4,更喜欢游戏那边！
害,U+5BB3,135,cjk,menu_battle_help_mes13,能打出大量伤害，但很难全灭对方！,menu_dic_241#4,很厉害吧。
转,U+8F6C,135,cjk,menu_dic_160#7,让人移情的竖琴转生！,menu_dic_173#6,兴趣特技：转生这种事
金,U+91D1,136,cjk,sysmes_buy_trump_term#2,所持金,sysmes_monthly_term#15,所持金
号,U+53F7,137,cjk,sysmes_dungeon_bonus_term#1,号分乐姿,sysmes_input_name_term#4,英文数字·符号
坏,U+574F,138,cjk,memcard_load_broken#0,熟英雄4」的存档数据已损坏！,sysmes_battle_menu#2,蛋已经损坏
灵,U+7075,140,cjk,menu_dic_200#1,灵魂！,menu_dic_200#6,兴趣特技：强灵魂
算,U+7B97,140,cjk,menu_dic_100#3,擅长：还算能打,menu_dic_106#3,擅长：还算
浪,U+6D6A,141,cjk,sysmes_planet_name#1,星·浪漫,menu_dic_260#0,来自《浪漫沙加》的
鱼,U+9C7C,141,cjk,menu_dic_306#6,兴趣特技：梭子鱼部队,menu_dic_eg_du_hagu#0,从谁那儿走散、孤零零的章鱼小孩！
三,U+4E09,142,cjk,menu_dic_eg_du_frns#2,直误会自己很可爱，已经快三十岁了！,menu_dic_eg_du_hega#0,子夹了也好笑的那年报的、三姐妹！
酱,U+9171,143,cjk,menu_dic_278#6,兴趣特技：马斯卡特酱,menu_dic_282#6,兴趣特技：马斯卡特酱的
层,U+5C42,145,cjk,sysmes_dungeon_bonus_term#4,层,sysmes_dungeon_bonus_term#5,1层
超,U+8D85,145,cjk,menu_dic_115#1,放超大的风筝。,menu_dic_118#0,参加动机：被超强的诱惑
光,U+5149,146,cjk,fmenu_gen_01#0,源桑：欢迎光临。,sysmes_sound_list#0,光标1
他,U+4ED6,147,cjk,catori_tutorial#6,塞巴斯蒂安：不过，其他星球或战场等,menu_dic_130#0,参加动机：为了存买吉他的钱
骑,U+9A91,147,cjk,menu_dic_112#3,擅长：骑马啊！,menu_dic_112#7,能骑马像做梦一样。
呼,U+547C,148,cjk,sysmes_input_name_term#6,请问如何称呼您？,sysmes_input_name_term#7,请问如何称呼您？
物,U+7269,148,cjk,sysmes_dic_term#7,怪物商人……,menu_dic_252#7,宠物能带进去。
防,U+9632,148,cjk,sysmes_ine_change_pattern#2,卡特莉防御型,sysmes_parameter#8,防御
谁,U+8C01,149,cjk,menu_battle_help_mes5,使用谁的王牌？,menu_dic_122#3,擅长：谁来组搭档
命,U+547D,150,cjk,menu_dic_203#0,参加动机：把这条命为了和平,menu_dic_223#6,兴趣特技：只要还有命
太,U+592A,150,cjk,fmenu_gen_03#1,不过别太勉强自己啊。,menu_dic_116#1,薪水不太需要！
始,U+59CB,150,cjk,memcard_opening_nocard#3,要就这样开始游戏吗？,memcard_opening_nomemory_both#3,要就这样开始游戏吗？
研,U+7814,151,cjk,fmenu_bossname#4,艾格妈妈研发设施,menu_dic_149#4,是研究型！
间,U+95F4,152,cjk,menu_dic_217#1,好房间！,menu_dic_217#7,漂亮房间！
彭,U+5F6D,153,cjk,menu_monthly_hensei_evil#0,这是彭普蒂大人持有的邪恶蛋的说,test_gameover13#0,彭普蒂：眠在妖精星的民
欢,U+6B22,153,cjk,fmenu_gen_01#0,源桑：欢迎光临。,sysmes_input_name_term#8,喜欢的人叫什么名字？？
相,U+76F8,153,cjk,menu_dic_124#4,相当擅长！,menu_dic_139#3,擅长：相对来说
哟,U+54DF,154,cjk,menu_dic_79#0,参加动机：搞错了什么哟。,menu_dic_eg_we_momo#1,高兴的时候好像会呣哟呣哟嘛嘛哟地守着！
夫,U+592B,154,cjk,menu_dic_165#0,参加动机：高尔夫的装备,menu_dic_315#0,参加动机：想把功夫的手腕
法,U+6CD5,154,cjk,memcard_load_broken#1,无法读取该数据！,menu_dic_123#1,想办法练上去！
派,U+6D3E,154,cjk,menu_composite_eggmon_platoon_select#0,请编成要派上战场的蛋怪！,menu_dic_108#4,派不上用场！
男,U+7537,154,cjk,menu_dic_258#3,擅长：肌肉男！,menu_dic_eg_pk_ripn#0,人的大楼是少合喜连的生姫男！
实,U+5B9E,156,cjk,menu_battle_help_mes3,实行撤退！,menu_dic_101#7,人还挺老实！
弹,U+5F39,156,cjk,fmenu_bossname#5,核导弹,menu_dic_476#0,来自《炸弹人》的
收,U+6536,156,cjk,sysmes_monthly_term#13,收入,menu_battle_help_mes11,可以把蛋怪收回蛋里！
解,U+89E3,157,cjk,sysmes_dic_term#3,部队的将军、解雇，,menu_dic_108#7,请别解雇我！
逃,U+9003,157,cjk,menu_dic_226#0,参加动机：在逃。,menu_dic_226#1,为了逃到世界尽头。
占,U+5360,159,cjk,fmenu_attack_empty_castle,占领了。,fmenu_defence_empty_castle,据点被部队占领了。
度,U+5EA6,159,cjk,sysmes_ine_change_pattern#1,卡特莉速度型,sysmes_monthly_term#14,难度
重,U+91CD,160,cjk,pad_alert#3,正确重新连接后，请按○按钮！,sysmes_planet_name#2,星·重装
儿,U+513F,162,cjk,fmenu_momo_01a_3#1,「购买王牌」到我这儿来，,menu_dic_130#7,干一会儿就请解雇我！
分,U+5206,162,cjk,sysmes_dungeon_bonus_term#1,号分乐姿,menu_dic_203#7,是人生的大学分校！
虫,U+866B,162,cjk,menu_dic_70#6,兴趣特技：以前的钱会生虫！,menu_dic_eg_du_sand#0,西不太感兴趣的沙漠原人沙虫！
演,U+6F14,163,cjk,menu_dic_104#1,友情出演！,menu_dic_110#1,我的演技！
爱,U+7231,163,cjk,menu_dic_117#6,兴趣特技：兴趣爱好方面,menu_dic_189#0,参加动机：判明恋爱和战争
玛,U+739B,163,cjk,fmenu_momo_01a_2#0,利·福达：在那之前，阿尔玛之月的所有星球，,sysmes_planet_name#0,星·阿尔玛之月
西,U+897F,163,cjk,fmenu_gen_buy#0,源桑：买下的东西已经送到客人的星球上了！,menu_dic_126#0,参加动机：部队这东西
魔,U+9B54,165,cjk,menu_dic_271#3,擅长：可被迷宫的魔,menu_dic_90#4,魔法攻击力！
意,U+610F,168,cjk,fmenu_gen_01_2#0,到连英雄都比不过，包您满意！,menu_dic_139#4,是偏创意的人！
谢,U+8C22,170,cjk,fmenu_gen_04#0,源桑：谢谢惠顾。,menu_dic_465#1,救了我，谢谢！
3,U+0033,172,ascii,sysmes_battle_command#10,·3,sysmes_egg_status_name#7,·3
己,U+5DF1,173,cjk,fmenu_gen_03#1,不过别太勉强自己啊。,menu_dic_138#7,带来的自己那把！
无,U+65E0,173,cjk,memcard_load_broken#1,无法读取该数据！,menu_dic_107#1,什么理由都无所谓吧！
（,U+FF08,173,punct,memcard_format_ask#0,插槽中的存储卡（PS2）,memcard_format_fault#0,插槽中的存储卡（PS2）
反,U+53CD,175,cjk,fmenu_atom_catori#1,…角色被配置到本星以外后反击,menu_dic_162#4,反正派不上用场！
颗,U+9897,175,cjk,sysmes_planet_agree,要前往这颗星球吗？,menu_dic_330#0,参加动机：这颗痛心
关,U+5173,176,cjk,fmenu_clear,地图过关。,memcard_load_clear,已读取通关数据！
头,U+5934,176,cjk,sysmes_title_term#1,从头开始,menu_dic_199#0,参加动机：趁着势头
干,U+5E72,178,cjk,menu_dic_105#0,参加动机：以前干过,menu_dic_108#0,参加动机：以前干过
究,U+7A76,178,cjk,menu_dic_149#4,是研究型！,menu_dic_292#4,生来就是研究占超的！
等,U+7B49,179,cjk,catori_tutorial#6,安：不过，其他星球或战场等,memcard_format_run#2,手柄等请不要拔出！
完,U+5B8C,180,cjk,menu_dic_155#4,完全没自信！,menu_dic_24#4,完全不行！
莫,U+83AB,181,cjk,fmenu_bossname#0,莫特·库蒙,fmenu_bossname#1,莫特·苏蒙
）,U+FF09,181,punct,memcard_format_ask#0,插槽中的存储卡（PS2）,memcard_format_fault#0,插槽中的存储卡（PS2）
感,U+611F,182,cjk,menu_dic_196#7,感到不安！,menu_dic_331#1,地方，这种感觉？
普,U+666E,183,cjk,sysmes_option_term#10,普通,menu_dic_120#3,擅长：普通就有用！
米,U+7C73,184,cjk,menu_dic_eg_cv_pwra#0,好22话里，眠力米卡乘着的机器知惑,menu_dic_eg_cv_pwra#1,是复制米卡界的人的，这种说法将大
飞,U+98DE,185,cjk,menu_dic_217#6,兴趣特技：想住能让心飞起来的,menu_dic_eg_cl_flyp#0,那张脸的身体、会飞的平底锅！
者,U+8005,187,cjk,sysmes_inu_change_pattern#5,勇者,menu_dic_104#0,来自《勇者斗恶龙4》的
吃,U+5403,193,cjk,menu_dic_153#6,兴趣特技：想吃,menu_dic_172#7,很好吃哦！甘蔗！
界,U+754C,193,cjk,fmenu_momo_01a#1,藏在莫莫里斯脸颊里的世界中，,fmenu_momo_01a_2#1,就由我基利·福达来拯救世界，
觉,U+89C9,193,cjk,menu_dic_118#1,不知不觉输了！,menu_dic_182#3,擅长：我觉得自己
伙,U+4F19,194,cjk,menu_dic_100#6,兴趣特技：腰果那家伙,menu_dic_124#6,兴趣特技：喜欢摔跤的家伙。
使,U+4F7F,194,cjk,catori_tutorial#1,使用移动星「卡特莉·德·奥,fmenu_momo_01a_3#2,就能使用了哦！
标,U+6807,197,cjk,sysmes_sound_list#0,光标1,sysmes_sound_list#7,光标2
通,U+901A,199,cjk,memcard_load_clear,已读取通关数据！,sysmes_field_bonus_term#1,通关用坏
啦,U+5566,200,cjk,fmenu_gen_03#0,源桑：唉，说什么我也不懂啦！,menu_dic_184#4,做不到啦！
 ,U+0020,202,punct,sysmes_saveload_term#10,BROKEN DATA,menu_dic_141#0,来自《Live A Live》的
2,U+0032,202,ascii,memcard_format_ask#0,插槽中的存储卡（PS2）,memcard_format_fault#0,插槽中的存储卡（PS2）
士,U+58EB,203,cjk,sysmes_inu_change_pattern#2,士兵,menu_dic_404#0,来自《龙骑士》的
备,U+5907,203,cjk,sysmes_dungeon_treasure_command#1,装备,sysmes_eggmon_move,的装备
空,U+7A7A,206,cjk,memcard_opening_nocard#2,需要有75KB以上空闲容量的存储卡（PS2）,memcard_opening_nomemory_both#0,1、2的存储卡（PS2）空闲容量不足，
奇,U+5947,208,cjk,sysmes_monthly_term#3,（每人1波奇利）,menu_dic_eg_cv_tetu#2,现在看来也足够奇迹！
让,U+8BA9,208,cjk,catori_tutorial#10,高效地让将军轮换，,menu_dic_109#0,参加动机：差不多该让老妈
经,U+7ECF,209,cjk,fmenu_gen_buy#0,源桑：买下的东西已经送到客人的星球上了！,sysmes_battle_menu#2,蛋已经损坏
面,U+9762,211,cjk,sysmes_option_term#3,画面震动,menu_dic_117#3,擅长：气势方面
已,U+5DF2,212,cjk,fmenu_gen_buy#0,源桑：买下的东西已经送到客人的星球上了！,memcard_load_broken#0,「半熟英雄4」的存档数据已损坏！
械,U+68B0,212,cjk,menu_dic_183#6,兴趣特技：摆弄机械的话,menu_dic_eg_cv_heij#1,特摄的伏特拉格，和机械艾格曼的艾格斯拉格
达,U+8FBE,212,cjk,fmenu_momo_01a#0,基利·福达：呀哈哈哈,fmenu_momo_01a_2#0,基利·福达：在那之前，阿尔玛之月的
友,U+53CB,213,cjk,sysmes_battle_status#0,友,sysmes_battle_status#1,友
德,U+5FB7,213,cjk,catori_tutorial#1,使用移动星「卡特莉·德·奥马尔」,catori_tutorial#3,塞巴斯蒂安：这艘卡特莉·德·奥马尔
播,U+64AD,214,cjk,menu_dic_259#0,参加动机：为了传播歌舞伎,menu_dic_567#1,点播！
月,U+6708,214,cjk,fmenu_momo_01a_2#0,福达：在那之前，阿尔玛之月的所有星球，,fmenu_momo_01a_3#0,利·福达：王牌的话，从「月次菜单」的
比,U+6BD4,214,cjk,fmenu_gen_01_2#0,桑：我家货色强到连英雄都比不过，包您满意！,menu_dic_162#7,不来比较好？
波,U+6CE2,215,cjk,sysmes_monthly_term#3,（每人1波奇利）,menu_dic_eg_cl_106#0,新星种筑波欲
活,U+6D3B,216,cjk,menu_dic_103#1,激烈地活动身体！,menu_dic_108#6,兴趣特技：杂活什么都干
哈,U+54C8,217,cjk,fmenu_momo_01a#0,基利·福达：呀哈哈哈,sysmes_sound_list#27,哈欠
很,U+5F88,218,cjk,catori_tutorial#8,很简单的说。,menu_battle_help_mes13,能打出大量伤害，但很难全灭对方！
装,U+88C5,218,cjk,sysmes_dungeon_treasure_command#1,装备,sysmes_eggmon_move,的装备
身,U+8EAB,220,cjk,menu_dic_103#1,激烈地活动身体！,menu_dic_148#0,参加动机：想锻炼身体
前,U+524D,221,cjk,fmenu_momo_01a_2#0,基利·福达：在那之前，阿尔玛之月的所有星球，,sysmes_planet_agree,要前往这颗星球吗？
复,U+590D,222,cjk,sysmes_dungeon_bonus_term#3,：复读臭,menu_dic_173#4,重复着梦客的降临！
斗,U+6597,222,cjk,catori_tutorial#2,进行的第一次战斗的说。,fmenu_attack_boss,发起了战斗。
降,U+964D,222,cjk,sysmes_dic_term#8,阵降,sysmes_dic_term#9,阵降
门,U+95E8,226,cjk,menu_dic_74#7,要敲门哦。,menu_dic_86#6,兴趣特技：出门要把钥匙带好。
恶,U+6076,228,cjk,menu_dic_104#0,来自《勇者斗恶龙4》的,menu_dic_111#0,来自《勇者斗恶龙4》的
做,U+505A,229,cjk,sysmes_battle_command#26,什么都不做,menu_dic_112#7,能骑马像做梦一样。
终,U+7EC8,229,cjk,sysmes_dic_term#4,把终殿的名字放上，,menu_dic_168#0,来自《最终幻想5》的
强,U+5F3A,230,cjk,fmenu_gen_01_2#0,源桑：我家货色强到连英雄都比不过，包您满,fmenu_gen_03#1,不过别太勉强自己啊。
世,U+4E16,231,cjk,fmenu_momo_01a#1,藏在莫莫里斯脸颊里的世界中，,fmenu_momo_01a_2#1,就由我基利·福达来拯救世界，
草,U+8349,231,cjk,menu_dic_eg_we_wara#0,草草草草草草草草草草草草草,menu_dic_eg_we_wara#1,草草草草草草草草草草草草草
鲁,U+9C81,232,cjk,menu_dic_407#6,兴趣特技：看看吉鲁巴练出来的,menu_monthly_hensei_pink#0,这是鲁奈大人持有的粉红蛋的说！
知,U+77E5,233,cjk,menu_dic_106#7,知道吗？是我妹妹！,menu_dic_118#1,不知不觉输了！
员,U+5458,234,cjk,fmenu_defence_castle_any#2,请决定参战的全部人员。,menu_dic_26#7,马上裁员吧！
本,U+672C,234,cjk,fmenu_atom_catori#1,本……角色被配置到本星以外,sysmes_dungeon_map_help#0,本层地图
嗯,U+55EF,235,cjk,fmenu_gen_01_sel#0,嗯。,sysmes_sound_list#33,啊嗯
记,U+8BB0,235,cjk,menu_dic_eg_cl_eggm#2,这回，那记连环劈会传到谁身上呢？,menu_dic_eg_cv_kang#2,关于现解忘记梦惑近的工作，本人也没在
入,U+5165,237,cjk,fmenu_attack_castle#1,攻入了。,fmenu_defence_castle,遭到部队攻入。
弗,U+5F17,237,cjk,menu_dic_eg_cv_mkai#2,在与星阿弗罗13的体中里，讨伐这世,menu_dic_eg_pk_otsu#0,随性对叫阿弗罗13的星形击阵赖，
球,U+7403,237,cjk,catori_tutorial#5,就能连星球一起挪到各种据点去的说！,catori_tutorial#6,塞巴斯蒂安：不过，其他星球或战场等
后,U+540E,238,cjk,catori_tutorial#4,用○选中后再选「出发」，,fmenu_atom_catori#1,……角色被配置到本星以外后反击
女,U+5973,238,cjk,sysmes_inu_change_pattern#4,兔女郎,menu_dic_471#0,来自《女武神的传说》的
只,U+53EA,239,cjk,menu_dic_165#6,兴趣特技：只借形状,menu_dic_223#6,兴趣特技：只要还有命
见,U+89C1,239,cjk,fmenu_gen_buy#1,回见！路上小心。,menu_dic_102#7,少见的蛋呢！
怎,U+600E,240,cjk,menu_dic_100#7,怎么都打不赢！,menu_dic_112#4,怎么说呢。
死,U+6B7B,240,cjk,fmenu_gameover_marutis,马蒂斯死去了。,menu_dic_274#4,俺其实怕得要死！
才,U+624D,241,cjk,menu_dic_122#1,才来的。,menu_dic_130#1,才来的！
利,U+5229,243,cjk,catori_tutorial#11,就能把战局推向有利的说。,fmenu_bossname#3,奥拉利乌姆星
合,U+5408,243,cjk,menu_battle_help_mes12,将军与部队合为一体发动攻击！,menu_dic_279#0,参加动机：因为，合情合理
连,U+8FDE,243,cjk,catori_tutorial#5,就能连星球一起挪到各种据点去的,fmenu_gen_01_2#0,源桑：我家货色强到连英雄都比不过，包您满意！
招,U+62DB,244,cjk,sysmes_monthly_term#0,招募将军,sysmes_monthly_term#4,招募部队
定,U+5B9A,245,cjk,fmenu_defence_castle_any#2,请决定参战的全部人员。,memcard_format_ask#2,确定要格式化吗？
所,U+6240,245,cjk,fmenu_momo_01a_2#0,：在那之前，阿尔玛之月的所有星球，,sysmes_battle_status#6,所
掉,U+6389,247,cjk,menu_dic_123#7,会舍不得用掉！,menu_dic_137#1,为了忘掉讨厌的回忆！
莱,U+83B1,247,cjk,menu_monthly_hensei_cyber#0,这是弗莱迪大人持有的电子蛋的说！,field_debug_mon03#2,看布莱基捕获事件
四,U+56DB,251,cjk,fmenu_bossname#2,四次元军,fmenu_bossname#6,四次元·进化体
迪,U+8FEA,251,cjk,menu_dic_211#7,看不到迪斯科了呢！,menu_dic_eg_cl_hade#0,憧憬真正的敌人哈迪斯、只是一具尸体！
作,U+4F5C,252,cjk,menu_dic_146#6,兴趣特技：要是有工作上的人,menu_dic_161#0,参加动机：作为人生的一段插曲
哪,U+54EA,253,cjk,fmenu_gen_02,源桑：要哪一件？,fmenu_gen_05,源桑：好嘞。那要哪一件？
主,U+4E3B,255,cjk,sysmes_planet_command#1,主菜单,sysmes_worldmap_command#0,主菜单
神,U+795E,259,cjk,sysmes_parameter#4,精神,menu_dic_209#4,精神没有啦！
喜,U+559C,260,cjk,sysmes_input_name_term#8,喜欢的人叫什么名字？？,menu_dic_112#0,参加动机：喜欢马！
然,U+7136,260,cjk,menu_dic_105#6,兴趣特技：电脑果然还是,menu_dic_117#1,果然还是想要钱！
元,U+5143,261,cjk,fmenu_bossname#2,四次元军,fmenu_bossname#6,四次元·进化体
精,U+7CBE,261,cjk,sysmes_parameter#4,精神,menu_dic_209#4,精神没有啦！
量,U+91CF,265,cjk,fmenu_bossname#8,四次元·力量体,memcard_opening_nocard#2,需要有75KB以上空闲容量的存储卡（PS2）！
方,U+65B9,266,cjk,catori_tutorial#7,有敌星的地方是去不了的！,menu_battle_help_mes13,出大量伤害，但很难全灭对方！
阿,U+963F,266,cjk,fmenu_momo_01a_2#0,基利·福达：在那之前，阿尔玛之月的所有星球，,sysmes_planet_name#0,星·阿尔玛之月
俺,U+4FFA,267,cjk,menu_dic_101#6,兴趣特技：俺薪水低,menu_dic_107#7,是俺涂的。
美,U+7F8E,267,cjk,menu_dic_159#0,参加动机：美容和战争,menu_dic_159#3,擅长：冬日美容的宠儿
雄,U+96C4,268,cjk,fmenu_gen_01_2#0,源桑：我家货色强到连英雄都比不过，包您满意！,memcard_load_broken#0,「半熟英雄4」的存档数据已损坏！
英,U+82F1,269,cjk,fmenu_gen_01_2#0,源桑：我家货色强到连英雄都比不过，包您满意！,memcard_load_broken#0,「半熟英雄4」的存档数据已损坏！
努,U+52AA,270,cjk,menu_dic_19#4,努力活下去！,menu_dic_398#0,参加动机：卡特莉·伊努酱
天,U+5929,272,cjk,menu_dic_118#7,得每天练！,menu_dic_199#3,擅长：白天也喝着
道,U+9053,272,cjk,sysmes_battle_status#13,道,sysmes_battle_status_enemy#13,道
「,U+300C,275,punct,catori_tutorial#1,使用移动星「卡特莉·德·奥马尔」,catori_tutorial#4,用○选中后再选「出发」，
现,U+73B0,277,cjk,fmenu_04,发现了战场。,menu_dic_155#6,兴趣特技：自己现在
1,U+0031,280,ascii,memcard_format_run#1,插槽1、2的存储卡（PS2）和,memcard_load_run#1,插槽1、2的存储卡（PS2）和
请,U+8BF7,281,cjk,fmenu_defence_castle_any#2,请决定参战的全部人员。,memcard_format_run#2,手柄等请不要拔出！
场,U+573A,289,cjk,catori_tutorial#6,蒂安：不过，其他星球或战场等,fmenu_04,发现了战场。
熟,U+719F,291,cjk,memcard_load_broken#0,「半熟英雄4」的存档数据已损坏,memcard_load_nodata,没有「半熟英雄4」的存档数据！
情,U+60C5,295,cjk,fmenu_gen_01#1,客人，你看着像有点隐情啊？,fmenu_gen_08#1,嘛，人各有各的情况嘛！
正,U+6B63,296,cjk,memcard_format_run#0,正在格式化！,memcard_load_run#0,正在读取！
行,U+884C,297,cjk,catori_tutorial#2,进行的第一次战斗的说。,fmenu_gen_01_sel#1,不行。
」,U+300D,298,punct,catori_tutorial#1,动星「卡特莉·德·奥马尔」,catori_tutorial#4,用○选中后再选「出发」，
进,U+8FDB,298,cjk,catori_tutorial#2,进行的第一次战斗的说。,fmenu_bossname#6,四次元·进化体
勇,U+52C7,299,cjk,sysmes_inu_change_pattern#5,勇者,menu_dic_104#0,来自《勇者斗恶龙4》的
明,U+660E,307,cjk,menu_dic_134#7,不是立志而是明叶？,menu_dic_189#0,参加动机：判明恋爱和战争
殿,U+6BBF,310,cjk,sysmes_dic_term#4,把终殿的名字放上，,sysmes_field_bonus_term#0,殿
多,U+591A,312,cjk,menu_dic_109#0,参加动机：差不多该让老妈,menu_dic_123#0,参加动机：想把不多的耐力
走,U+8D70,315,cjk,menu_dic_176#6,兴趣特技：走散的小孩,menu_dic_201#0,参加动机：走着路
将,U+5C06,316,cjk,catori_tutorial#10,高效地让将军轮换，,sysmes_dic_term#3,部队的将军、解雇，
姿,U+59FF,317,cjk,sysmes_dungeon_bonus_term#1,号分乐姿,menu_dic_564#7,问题中的间姿！
当,U+5F53,319,cjk,menu_composite_eggmon_no_leader#0,请把要当队长的蛋怪,menu_dic_101#1,也当过部队！
全,U+5168,322,cjk,fmenu_annihilation_friend,全灭了。,fmenu_defence_castle_any#2,请决定参战的全部人员。
从,U+4ECE,323,cjk,fmenu_momo_01#0,从莫莫里斯的脸颊里,fmenu_momo_01a_3#0,基利·福达：王牌的话，从「月次菜单」的
妈,U+5988,324,cjk,fmenu_bossname#4,艾格妈妈研发设施,menu_dic_109#0,参加动机：差不多该让老妈
再,U+518D,325,cjk,catori_tutorial#4,用○选中后再选「出发」，,menu_dic_105#1,再开始一次吧！
…,U+2026,327,punct,fmenu_atom_catori#1,本……角色被配置到本星以外后,sysmes_dic_term#5,这1连……
种,U+79CD,328,cjk,catori_tutorial#5,就能连星球一起挪到各种据点去的说！,menu_battle_help_mes2,使用有各种效果的「王牌」！
时,U+65F6,329,cjk,fmenu_momo_01a_4#0,基利·福达：随时恭候的说,menu_dic_128#1,小时候的梦！
回,U+56DE,331,cjk,fmenu_gen_buy#1,回见！路上小心。,memcard_saveload_extract#1,返回插槽选择！
别,U+522B,332,cjk,fmenu_gen_03#1,不过别太勉强自己啊。,menu_dic_108#7,请别解雇我！
半,U+534A,334,cjk,memcard_load_broken#0,「半熟英雄4」的存档数据已损,memcard_load_nodata,没有「半熟英雄4」的存档数据！
梅,U+6885,334,cjk,menu_dic_eg_ev_oiju#0,现在，侄女蛋怪梅汁,menu_dic_eg_we_brav#1,在那儿和青梅竹马的心（9岁）揺喜，终
拉,U+62C9,337,cjk,fmenu_bossname#3,奥拉利乌姆星,menu_dic_413#7,巴图拉部队！
王,U+738B,340,cjk,fmenu_momo_01#1,入手了王牌「」的效果。,fmenu_momo_01a#2,王牌的影像被藏起来了的说！
龙,U+9F99,341,cjk,menu_dic_104#0,来自《勇者斗恶龙4》的,menu_dic_111#0,来自《勇者斗恶龙4》的
像,U+50CF,342,cjk,fmenu_gen_01#1,客人，你看着像有点隐情啊？,fmenu_momo_01a#2,王牌的影像被藏起来了的说！
新,U+65B0,344,cjk,pad_alert#3,正确重新连接后，请按○按钮！,sysmes_dungeon_get_item#0,新
话,U+8BDD,345,cjk,fmenu_momo_01a_3#0,基利·福达：王牌的话，从「月次菜单」的,menu_dic_102#3,擅长：硬要说的话
曼,U+66FC,350,cjk,menu_dic_eg_cv_heij#1,摄的伏特拉格，和机械艾格曼的艾格斯拉格,menu_dic_eg_cv_megg#0,金色姿态、机械身体的艾格曼！
真,U+771F,350,cjk,menu_dic_122#7,除我以外还有是真的？,menu_dic_173#7,难道是真的？
发,U+53D1,353,cjk,catori_tutorial#4,用○选中后再选「出发」，,fmenu_04,发现了战场。
家,U+5BB6,363,cjk,fmenu_gen_01_2#0,源桑：我家货色强到连英雄都比不过，,menu_dic_100#6,兴趣特技：腰果那家伙
最,U+6700,363,cjk,menu_battle_help_mes9#1,用最下方的「确定」开始召唤！,menu_dic_109#4,是俺最大的长处！
都,U+90FD,363,cjk,fmenu_gen_01_2#0,源桑：我家货色强到连英雄都比不过，包您满意！,sysmes_battle_command#26,什么都不做
攻,U+653B,367,cjk,fmenu_attack_castle#1,攻入了。,fmenu_defence_castle,遭到部队攻入。
宫,U+5BAB,374,cjk,sysmes_battle_command#24,迷宫地图,sysmes_planet_name#8,迷宫
4,U+0034,376,ascii,memcard_load_broken#0,「半熟英雄4」的存档数据已损坏！,memcard_load_nodata,没有「半熟英雄4」的存档数据！
宝,U+5B9D,377,cjk,sysmes_battle_command#17,宝袋,sysmes_planet_name#3,星·宝瓶
呀,U+5440,379,cjk,fmenu_momo_01a#0,基利·福达：呀哈哈哈,menu_dic_112#6,兴趣特技：呀吼。
事,U+4E8B,386,cjk,fmenu_gen_04#1,客人，又出什么事了？,menu_dic_137#4,擅长的事！
小,U+5C0F,386,cjk,fmenu_gen_08#2,路上小心。,fmenu_gen_buy#1,回见！路上小心。
变,U+53D8,388,cjk,sysmes_battle_command#18,变形,sysmes_field_unit#5,变形
住,U+4F4F,389,cjk,menu_dic_181#7,撑不住了！,menu_dic_217#0,参加动机：赚钱住进
以,U+4EE5,392,cjk,fmenu_atom_catori#1,本……角色被配置到本星以外后反击,memcard_opening_nocard#2,需要有75KB以上空闲容量的存储卡（PS
参,U+53C2,394,cjk,fmenu_defence_castle_any#2,请决定参战的全部人员。,menu_dic_100#0,参加动机：就是为了在战斗里
呢,U+5462,394,cjk,menu_dic_102#7,少见的蛋呢！,menu_dic_112#4,怎么说呢。
哦,U+54E6,394,cjk,fmenu_momo_01a_3#2,就能使用了哦！,menu_dic_102#1,我当过部队哦！
阶,U+9636,403,cjk,menu_dic_351#1,一个台阶！,eg_pw_116_r,豚悟空：豚悟空升阶了。。。
点,U+70B9,404,cjk,catori_tutorial#5,就能连星球一起挪到各种据点去的说！,fmenu_defence_empty_castle,据点被部队占领了。
给,U+7ED9,407,cjk,menu_dic_115#4,交给俺。,menu_dic_139#7,剪辑交给我！
趣,U+8DA3,407,cjk,sysmes_parameter#6,兴趣,menu_dic_100#6,兴趣特技：腰果那家伙
成,U+6210,409,cjk,sysmes_field_bonus_term#4,成团的部队,menu_composite_eggmon_platoon_select#0,请编成要派上战场的蛋怪！
擅,U+64C5,412,cjk,menu_dic_100#3,擅长：还算能打,menu_dic_101#3,擅长：进攻稍微
0,U+0030,420,ascii,sysmes_battle_command#23,·10,sysmes_dungeon_bonus_term#6,100层
军,U+519B,421,cjk,catori_tutorial#10,高效地让将军轮换，,fmenu_bossname#2,四次元军
次,U+6B21,423,cjk,catori_tutorial#2,进行的第一次战斗的说。,fmenu_bossname#2,四次元军
队,U+961F,432,cjk,fmenu_defence_castle,遭到部队攻入。,fmenu_defence_castle_any#1,遭到部队攻入。
还,U+8FD8,433,cjk,memcard_not_save_continue#0,还没有保存，,sysmes_field_unit#1,归还
生,U+751F,434,cjk,menu_dic_117#0,参加动机：难得的人生,menu_dic_152#6,兴趣特技：人生有苦
体,U+4F53,436,cjk,fmenu_bossname#6,四次元·进化体,fmenu_bossname#7,四次元·配置体
起,U+8D77,443,cjk,catori_tutorial#5,就能连星球一起挪到各种据点去的说！,fmenu_attack_boss,发起了战斗。
兴,U+5174,444,cjk,sysmes_parameter#6,兴趣,menu_dic_100#6,兴趣特技：腰果那家伙
技,U+6280,448,cjk,menu_battle_help_mes10,这是蛋怪能够使用的技能！,menu_dic_100#6,兴趣特技：腰果那家伙
中,U+4E2D,452,cjk,catori_tutorial#4,用○选中后再选「出发」，,fmenu_momo_01a#1,藏在莫莫里斯脸颊里的世界中，
个,U+4E2A,453,cjk,sysmes_battle_command#20,哪个幻球？,sysmes_field_unit#6,哪个幻球？
心,U+5FC3,453,cjk,fmenu_gen_08#2,路上小心。,fmenu_gen_buy#1,回见！路上小心。
怪,U+602A,454,cjk,sysmes_battle_menu#5,尚未配置蛋怪,sysmes_dic_term#1,蛋怪
和,U+548C,459,cjk,memcard_format_run#1,1、2的存储卡（PS2）和,memcard_load_run#1,1、2的存储卡（PS2）和
艾,U+827E,467,cjk,fmenu_bossname#4,艾格妈妈研发设施,menu_dic_eg_cl_egsl#1,艾格淋、艾格棒之类，
战,U+6218,471,cjk,catori_tutorial#2,进行的第一次战斗的说。,catori_tutorial#6,斯蒂安：不过，其他星球或战场等
什,U+4EC0,477,cjk,fmenu_gen_01_2#1,不买点什么吗？,fmenu_gen_03#0,源桑：唉，说什么我也不懂啦！
为,U+4E3A,478,cjk,fmenu_momo_01a_2#2,并把王牌设为可选用的说！,menu_battle_help_mes12,将军与部队合为一体发动攻击！
手,U+624B,481,cjk,fmenu_momo_01#1,入手了王牌「」的效果。,memcard_format_run#2,手柄等请不要拔出！
部,U+90E8,481,cjk,fmenu_defence_castle,遭到部队攻入。,fmenu_defence_castle_any#1,遭到部队攻入。
击,U+51FB,482,cjk,fmenu_atom_catori#1,角色被配置到本星以外后反击,sysmes_battle_command#0,攻击
马,U+9A6C,482,cjk,catori_tutorial#1,用移动星「卡特莉·德·奥马尔」,catori_tutorial#3,蒂安：这艘卡特莉·德·奥马尔
吗,U+5417,486,cjk,fmenu_gen_01_2#1,不买点什么吗？,fmenu_gen_04_2#1,不买点什么吗？
打,U+6253,487,cjk,sysmes_option_term#2,连打,sysmes_option_term#8,连打
看,U+770B,497,cjk,fmenu_gen_01#1,客人，你看着像有点隐情啊？,sysmes_battle_command#25,详细查看
过,U+8FC7,498,cjk,catori_tutorial#6,塞巴斯蒂安：不过，其他星球或战场等,fmenu_clear,地图过关。
自,U+81EA,506,cjk,fmenu_gen_03#1,不过别太勉强自己啊。,sysmes_battle_status#17,自
迷,U+8FF7,509,cjk,sysmes_battle_command#24,迷宫地图,sysmes_planet_name#8,迷宫
气,U+6C14,510,cjk,sysmes_sound_list#24,情形潜气,menu_dic_117#3,擅长：气势方面
开,U+5F00,515,cjk,memcard_opening_nocard#3,要就这样开始游戏吗？,memcard_opening_nomemory_both#3,要就这样开始游戏吗？
、,U+3001,520,punct,memcard_format_run#1,插槽1、2的存储卡（PS2）和,memcard_load_run#1,插槽1、2的存储卡（PS2）和
用,U+7528,524,cjk,catori_tutorial#1,使用移动星「卡特莉·德·奥马,catori_tutorial#4,用○选中后再选「出发」，
克,U+514B,532,cjk,menu_dic_254#6,兴趣特技：洛克福尔先生,menu_dic_273#6,兴趣特技：埃克纳部队！
得,U+5F97,532,cjk,menu_dic_117#0,参加动机：难得的人生,menu_dic_118#7,得每天练！
们,U+4EEC,545,cjk,menu_dic_120#0,参加动机：是你们先问的,menu_dic_140#7,将军们，请保护我。
长,U+957F,548,cjk,sysmes_sound_list#10,捨所以新队长,menu_composite_eggmon_no_leader#0,请把要当队长的蛋怪
样,U+6837,551,cjk,fmenu_gen_08#0,源桑：这样啊！,memcard_opening_nocard#3,要就这样开始游戏吗？
格,U+683C,551,cjk,fmenu_bossname#4,艾格妈妈研发设施,memcard_format_ask#1,尚未格式化！
升,U+5347,557,cjk,sysmes_dungeon_eggmon_rankup#1,等级提升了！,sysmes_dungeon_hanjyuku_rankup,半熟等级提升了！
对,U+5BF9,585,cjk,menu_battle_help_mes13,打出大量伤害，但很难全灭对方！,menu_dic_139#3,擅长：相对来说
会,U+4F1A,612,cjk,menu_dic_116#4,也会照样冲。,menu_dic_118#4,腿不会打软！
想,U+60F3,628,cjk,menu_dic_103#0,参加动机：想像以前那样,menu_dic_106#1,又想当部队了！
奈,U+5948,641,cjk,menu_monthly_hensei_pink#0,这是鲁奈大人持有的粉红蛋的说！,menu_monthly_supply_chose,要向卡特莉·伊奈还是卡特莉·伊努进贡？
吧,U+5427,645,cjk,menu_dic_101#4,有点自信吧！,menu_dic_102#4,进攻吧！
星,U+661F,646,cjk,catori_tutorial#1,使用移动星「卡特莉·德·奥马尔」,catori_tutorial#5,就能连星球一起挪到各种据点去的说
没,U+6CA1,659,cjk,memcard_load_nodata,没有「半熟英雄4」的存档数,memcard_not_save_continue#0,还没有保存，
去,U+53BB,665,cjk,catori_tutorial#5,能连星球一起挪到各种据点去的说！,catori_tutorial#7,有敌星的地方是去不了的！
加,U+52A0,681,cjk,menu_dic_100#0,参加动机：就是为了在战斗里,menu_dic_101#0,参加动机：好歹以前
尔,U+5C14,704,cjk,catori_tutorial#1,移动星「卡特莉·德·奥马尔」,catori_tutorial#3,安：这艘卡特莉·德·奥马尔
到,U+5230,712,cjk,catori_tutorial#5,就能连星球一起挪到各种据点去的说！,fmenu_atom_catori#1,本……角色被配置到本星以外后反击
地,U+5730,712,cjk,catori_tutorial#7,有敌星的地方是去不了的！,catori_tutorial#10,高效地让将军轮换，
莉,U+8389,741,cjk,catori_tutorial#1,使用移动星「卡特莉·德·奥马尔」,catori_tutorial#3,塞巴斯蒂安：这艘卡特莉·德·奥马尔
要,U+8981,743,cjk,fmenu_gen_02,源桑：要哪一件？,fmenu_gen_05,源桑：好嘞。那要哪一件？
机,U+673A,745,cjk,menu_dic_100#0,参加动机：就是为了在战斗里,menu_dic_101#0,参加动机：好歹以前
被,U+88AB,750,cjk,fmenu_atom_catori#1,本……角色被配置到本星以外后反击,fmenu_defence_empty_castle,据点被部队占领了。
你,U+4F60,759,cjk,fmenu_gen_01#1,客人，你看着像有点隐情啊？,sysmes_dic_term#6,这样你也是
把,U+628A,761,cjk,catori_tutorial#9,塞巴斯蒂安：把卡特莉·德·奥马尔用好，,catori_tutorial#11,就能把战局推向有利的说。
着,U+7740,761,cjk,fmenu_gen_01#1,客人，你看着像有点隐情啊？,menu_dic_115#6,兴趣特技：让人乘着风筝
子,U+5B50,775,cjk,sysmes_sound_list#30,管子,sysmes_sound_list#32,哨子
塞,U+585E,783,cjk,catori_tutorial#0,塞巴斯蒂安大人。,catori_tutorial#3,塞巴斯蒂安：这艘卡特莉·德
伊,U+4F0A,789,cjk,menu_dic_398#0,参加动机：卡特莉·伊努酱,menu_dic_398#3,擅长：为了伊努酱
之,U+4E4B,807,cjk,fmenu_momo_01a_2#0,基利·福达：在那之前，阿尔玛之月的所有星球,sysmes_planet_name#0,星·阿尔玛之月
出,U+51FA,809,cjk,catori_tutorial#4,用○选中后再选「出发」，,fmenu_gen_04#1,客人，又出什么事了？
安,U+5B89,825,cjk,catori_tutorial#0,塞巴斯蒂安大人。,catori_tutorial#3,塞巴斯蒂安：这艘卡特莉·德·奥马尔
卡,U+5361,828,cjk,catori_tutorial#1,使用移动星「卡特莉·德·奥马尔」,catori_tutorial#3,塞巴斯蒂安：这艘卡特莉·德·奥马尔
动,U+52A8,855,cjk,catori_tutorial#1,使用移动星「卡特莉·德·奥马尔」,sysmes_field_unit#0,移动
能,U+80FD,881,cjk,catori_tutorial#5,就能连星球一起挪到各种据点去,catori_tutorial#11,就能把战局推向有利的说。
可,U+53EF,883,cjk,fmenu_gen_04_2#0,源桑：库存可不够啊！,fmenu_momo_01a_2#2,并把王牌设为可选用的说！
上,U+4E0A,896,cjk,fmenu_gen_08#2,路上小心。,fmenu_gen_buy#0,的东西已经送到客人的星球上了！
么,U+4E48,901,cjk,fmenu_gen_01_2#1,不买点什么吗？,fmenu_gen_03#0,源桑：唉，说什么我也不懂啦！
力,U+529B,906,cjk,fmenu_bossname#8,四次元·力量体,sysmes_parameter#0,能力
大,U+5927,906,cjk,catori_tutorial#0,塞巴斯蒂安大人。,sysmes_battle_command#19,巨大化
就,U+5C31,923,cjk,catori_tutorial#5,就能连星球一起挪到各种据点,catori_tutorial#11,就能把战局推向有利的说。
巴,U+5DF4,927,cjk,catori_tutorial#0,塞巴斯蒂安大人。,catori_tutorial#3,塞巴斯蒂安：这艘卡特莉·德·
下,U+4E0B,937,cjk,fmenu_gen_buy#0,源桑：买下的东西已经送到客人的星球,sysmes_dungeon_treasure_command#2,卸下
有,U+6709,975,cjk,catori_tutorial#7,有敌星的地方是去不了的！,catori_tutorial#11,就能把战局推向有利的说。
说,U+8BF4,1006,cjk,catori_tutorial#2,进行的第一次战斗的说。,catori_tutorial#5,星球一起挪到各种据点去的说！
也,U+4E5F,1041,cjk,fmenu_gen_03#0,源桑：唉，说什么我也不懂啦！,sysmes_dic_term#6,这样你也是
蛋,U+86CB,1056,cjk,sysmes_battle_command#2,蛋,sysmes_battle_command#7,回到蛋里
在,U+5728,1094,cjk,fmenu_momo_01a#1,藏在莫莫里斯脸颊里的世界中，,fmenu_momo_01a_2#0,基利·福达：在那之前，阿尔玛之月的所有
那,U+90A3,1094,cjk,fmenu_gen_05,源桑：好嘞。那要哪一件？,fmenu_momo_01a_2#0,基利·福达：在那之前，阿尔玛之月的所有星
里,U+91CC,1119,cjk,fmenu_momo_01#0,从莫莫里斯的脸颊里,fmenu_momo_01a#1,藏在莫莫里斯脸颊里的世界中，
啊,U+554A,1133,cjk,fmenu_gen_01#1,客人，你看着像有点隐情啊？,fmenu_gen_03#1,不过别太勉强自己啊。
蒂,U+8482,1154,cjk,catori_tutorial#0,塞巴斯蒂安大人。,catori_tutorial#3,塞巴斯蒂安：这艘卡特莉·德·奥马
好,U+597D,1161,cjk,catori_tutorial#9,：把卡特莉·德·奥马尔用好，,fmenu_gen_05,源桑：好嘞。那要哪一件？
我,U+6211,1208,cjk,fmenu_gen_01_2#0,源桑：我家货色强到连英雄都比不过,fmenu_gen_03#0,源桑：唉，说什么我也不懂啦！
—,U+2014,1210,punct,sysmes_sound_list#34,嗯——,menu_dic_eg_pk_yayo#2,——摘自蛋怪婚礼策划人——
斯,U+65AF,1355,cjk,catori_tutorial#0,塞巴斯蒂安大人。,catori_tutorial#3,塞巴斯蒂安：这艘卡特莉·德·奥
一,U+4E00,1368,cjk,catori_tutorial#2,进行的第一次战斗的说。,catori_tutorial#5,就能连星球一起挪到各种据点去的说！
来,U+6765,1403,cjk,fmenu_momo_01a#2,王牌的影像被藏起来了的说！,fmenu_momo_01a_2#1,就由我基利·福达来拯救世界，
特,U+7279,1407,cjk,catori_tutorial#1,使用移动星「卡特莉·德·奥马尔」,catori_tutorial#3,塞巴斯蒂安：这艘卡特莉·德·奥马尔
·,U+00B7,1489,punct,catori_tutorial#1,使用移动星「卡特莉·德·奥马尔」,catori_tutorial#3,塞巴斯蒂安：这艘卡特莉·德·奥马尔
这,U+8FD9,1679,cjk,catori_tutorial#3,塞巴斯蒂安：这艘卡特莉·德·奥马尔,fmenu_gen_08#0,源桑：这样啊！
？,U+FF1F,1757,punct,fmenu_gen_01#1,客人，你看着像有点隐情啊？,fmenu_gen_01_2#1,不买点什么吗？
人,U+4EBA,1900,cjk,catori_tutorial#0,塞巴斯蒂安大人。,fmenu_defence_castle_any#2,请决定参战的全部人员。
是,U+662F,2086,cjk,catori_tutorial#7,有敌星的地方是去不了的！,sysmes_dic_term#6,这样你也是
不,U+4E0D,2301,cjk,catori_tutorial#6,塞巴斯蒂安：不过，其他星球或战场等,catori_tutorial#7,有敌星的地方是去不了的！
，,U+FF0C,3767,punct,catori_tutorial#4,用○选中后再选「出发」，,catori_tutorial#6,塞巴斯蒂安：不过，其他星球或战场等
了,U+4E86,4792,cjk,catori_tutorial#7,有敌星的地方是去不了的！,fmenu_04,发现了战场。
的,U+7684,6876,cjk,catori_tutorial#2,进行的第一次战斗的说。,catori_tutorial#5,连星球一起挪到各种据点去的说！
！,U+FF01,7300,punct,catori_tutorial#5,球一起挪到各种据点去的说！,catori_tutorial#7,有敌星的地方是去不了的！
：,U+FF1A,9107,punct,catori_tutorial#3,塞巴斯蒂安：这艘卡特莉·德·奥马尔,catori_tutorial#6,塞巴斯蒂安：不过，其他星球或战场等
。,U+3002,9292,punct,catori_tutorial#0,塞巴斯蒂安大人。,catori_tutorial#2,进行的第一次战斗的说。
