id,jp,zh,notes,kind
menu_dic_100#0,教・動空変強こそ、バトルで,参加动机：就是为了在战斗里,ram_1006_menu,text
menu_dic_100#1,カシュー部隊に明つためさ！,赢腰果部队！,ram_1006_menu,text
menu_dic_100#2,,,ram_1006_menu,empty
menu_dic_100#3,惑力使変それなりに戦えは,擅长：还算能打,ram_1006_menu,text
menu_dic_100#4,するんだけどよ！,就是那样！,ram_1006_menu,text
menu_dic_100#5,,,ram_1006_menu,empty
menu_dic_100#6,明楽占待変カシューのやつに,兴趣特技：腰果那家伙,ram_1006_menu,text
menu_dic_100#7,どうしても明てねぇんだ！,怎么都打不赢！,ram_1006_menu,text
menu_dic_101#0,教・動空変これでも大は,参加动机：好歹以前,ram_1006_menu,text
menu_dic_101#1,部隊やってたんだぜ！,也当过部队！,ram_1006_menu,text
menu_dic_101#2,,,ram_1006_menu,empty
menu_dic_101#3,惑力使変こうげきには,擅长：进攻稍微,ram_1006_menu,text
menu_dic_101#4,ちょっとだけ惑中あるかな！,有点自信吧！,ram_1006_menu,text
menu_dic_101#5,,,ram_1006_menu,empty
menu_dic_101#6,明楽占待変帰、軍読明いし,兴趣特技：俺薪水低,ram_1006_menu,text
menu_dic_101#7,けっこうお撃い復だと思うよ！,人还挺老实！,ram_1006_menu,text
menu_dic_102#0,教・動空変大がなつかしくなって！,参加动机：怀念以前！,ram_1006_menu,text
menu_dic_102#1,ボク、部隊やってたんだよ！,我当过部队哦！,ram_1006_menu,text
menu_dic_102#2,,,ram_1006_menu,empty
menu_dic_102#3,惑力使変あえていうなら,擅长：硬要说的话,ram_1006_menu,text
menu_dic_102#4,こうげきかなぁ！,进攻吧！,ram_1006_menu,text
menu_dic_102#5,,,ram_1006_menu,empty
menu_dic_102#6,明楽占待変大は、めずらしい,兴趣特技：以前还被塞过,ram_1006_menu,text
menu_dic_102#7,たまご持たされてたのにな！,少见的蛋呢！,ram_1006_menu,text
menu_dic_103#0,教・動空変大のように,参加动机：想像以前那样,ram_1006_menu,text
menu_dic_103#1,。激しく体を動かしたくて！,激烈地活动身体！,ram_1006_menu,text
menu_dic_103#2,,,ram_1006_menu,empty
menu_dic_103#3,惑力使変たいしたことないけど,擅长：没什么了不起,ram_1006_menu,text
menu_dic_103#4,こうげき、ですかね！,进攻，吧！,ram_1006_menu,text
menu_dic_103#5,,,ram_1006_menu,empty
menu_dic_103#6,明楽占待変いごをやってるから,兴趣特技：因为下围棋,ram_1006_menu,text
menu_dic_103#7,フケてるって始われるんです！,人家都说我显老！,ram_1006_menu,text
menu_dic_104#0,ドラゴンクエスト4からの,来自《勇者斗恶龙4》的,ram_1006_menu,text
menu_dic_104#1,友情出思！,友情出演！,ram_1006_menu,text
menu_dic_105#0,教・動空変大やってたことあるし,参加动机：以前干过,ram_1006_menu,text
menu_dic_105#1,またはじめてみようかなって！,再开始一次吧！,ram_1006_menu,text
menu_dic_105#2,,,ram_1006_menu,empty
menu_dic_105#3,惑力使変強、オタクですけど,擅长：我是宅，不过,ram_1006_menu,text
menu_dic_105#4,けっこう戦えるんですよ！,还挺能打的！,ram_1006_menu,text
menu_dic_105#5,,,ram_1006_menu,empty
menu_dic_105#6,明楽占待変パソコンは、やっぱり,兴趣特技：电脑果然还是,ram_1006_menu,text
menu_dic_105#7,デザインで選びましょう！,要看设计来选！,ram_1006_menu,text
menu_dic_106#0,教・動空変怪しぶりに,参加动机：隔了好久,ram_1006_menu,text
menu_dic_106#1,部隊やりたくなっちゃって！,又想当部队了！,ram_1006_menu,text
menu_dic_106#2,,,ram_1006_menu,empty
menu_dic_106#3,惑力使変それなりには,擅长：还算,ram_1006_menu,text
menu_dic_106#4,戦えるつもりですよ！,能打的！,ram_1006_menu,text
menu_dic_106#5,,,ram_1006_menu,empty
menu_dic_106#6,明楽占待変アニー部隊って,兴趣特技：安妮部队,ram_1006_menu,text
menu_dic_106#7,知ってます？妹なんです！,知道吗？是我妹妹！,ram_1006_menu,text
menu_dic_107#0,教・動空変っていうか,参加动机：话说,ram_1006_menu,text
menu_dic_107#1,造でもいいっしょ、そんなん！,什么理由都无所谓吧！,ram_1006_menu,text
menu_dic_107#2,,,ram_1006_menu,empty
menu_dic_107#3,惑力使変惑中あるといったら,擅长：要说有自信,ram_1006_menu,text
menu_dic_107#4,スタミナぐらいなもんだな！,大概就耐力了！,ram_1006_menu,text
menu_dic_107#5,,,ram_1006_menu,empty
menu_dic_107#6,明楽占待変将戦のカベのアート,兴趣特技：兵营墙上的画,ram_1006_menu,text
menu_dic_107#7,帰が費いといたぜ。,是俺涂的。,ram_1006_menu,text
menu_dic_108#0,教・動空変大やってたことあるし,参加动机：以前干过,ram_1006_menu,text
menu_dic_108#1,もう一強と思ったんです！,再来一次！,ram_1006_menu,text
menu_dic_108#2,,,ram_1006_menu,empty
menu_dic_108#3,惑力使変ボクたぶん,擅长：我大概,ram_1006_menu,text
menu_dic_108#4,使えないと思いますよ！,派不上用场！,ram_1006_menu,text
menu_dic_108#5,,,ram_1006_menu,empty
menu_dic_108#6,明楽占待変少軍でもなんでも,兴趣特技：杂活什么都干,ram_1006_menu,text
menu_dic_108#7,やります解将しないで！,请别解雇我！,ram_1006_menu,text
menu_dic_109#0,教・動空変そろそろかあちゃんに,参加动机：差不多该让老妈,ram_1006_menu,text
menu_dic_109#1,合させてやろうと思ってさ！,高兴高兴了！,ram_1006_menu,text
menu_dic_109#2,,,ram_1006_menu,empty
menu_dic_109#3,惑力使変ちょっとすばやいのが,擅长：稍微快一点,ram_1006_menu,text
menu_dic_109#4,帰の喜一のとりえだな！,是俺最大的长处！,ram_1006_menu,text
menu_dic_109#5,,,ram_1006_menu,empty
menu_dic_109#6,明楽占待変たのむから,兴趣特技：求求你,ram_1006_menu,text
menu_dic_109#7,クビにはしないでくれよ。,别开除我。,ram_1006_menu,text
menu_dic_110#0,教・動空変読の択収の占を,参加动机：为了进一步锻炼,ram_1006_menu,text
menu_dic_110#1,さらに始てるためです！,我的演技！,ram_1006_menu,text
menu_dic_110#2,,,ram_1006_menu,empty
menu_dic_110#3,惑力使変能力は分いけど,擅长：能力很低,ram_1006_menu,text
menu_dic_110#4,戦いに惑中はありません！,战斗也没自信！,ram_1006_menu,text
menu_dic_110#5,,,ram_1006_menu,empty
menu_dic_110#6,明楽占待変読の弱い択収は,兴趣特技：我软弱的演技,ram_1006_menu,text
menu_dic_110#7,きっと役に立ちますよ！,一定能派上用场！,ram_1006_menu,text
menu_dic_111#0,ドラゴンクエスト4からの,来自《勇者斗恶龙4》的,ram_1006_menu,text
menu_dic_111#1,友情出思！,友情出演！,ram_1006_menu,text
menu_dic_112#0,教・動空変○が好きなんだよね！,参加动机：喜欢马！,ram_1006_menu,text
menu_dic_112#1,動空はそれだけっ。,动机就这点。,ram_1006_menu,text
menu_dic_112#2,,,ram_1006_menu,empty
menu_dic_112#3,惑力使変○に現れることだね！,擅长：骑马啊！,ram_1006_menu,text
menu_dic_112#4,なんといっても。,怎么说呢。,ram_1006_menu,text
menu_dic_112#5,,,ram_1006_menu,empty
menu_dic_112#6,明楽占待変ひゃっほい。,兴趣特技：呀吼。,ram_1006_menu,text
menu_dic_112#7,○に現れるなんて夢みたい。,能骑马像做梦一样。,ram_1006_menu,text
menu_dic_113#0,教・動空変終末の落始誰が,参加动机：孩子的教育费,ram_1006_menu,text
menu_dic_113#1,けっこうかかるんだよ！,挺够呛的！,ram_1006_menu,text
menu_dic_113#2,,,ram_1006_menu,empty
menu_dic_113#3,惑力使変すばやさぐらいだね！,擅长：大概就速度了！,ram_1006_menu,text
menu_dic_113#4,あんまジマンにならねぇか！,也没什么好炫耀！,ram_1006_menu,text
menu_dic_113#5,,,ram_1006_menu,empty
menu_dic_113#6,明楽占待変ドカンと逃読,兴趣特技：能不能搞到,ram_1006_menu,text
menu_dic_113#7,土に入らねぇかな！,一大笔钱！,ram_1006_menu,text
menu_dic_114#0,教・動空変逃した自由は,参加动机：没什么特别的,ram_1006_menu,text
menu_dic_114#1,ありませんよ！,理由！,ram_1006_menu,text
menu_dic_114#2,,,ram_1006_menu,empty
menu_dic_114#3,惑力使変戦いはそれほど,擅长：战斗不怎么,ram_1006_menu,text
menu_dic_114#4,復）じゃないですよ！,擅长！,ram_1006_menu,text
menu_dic_114#5,,,ram_1006_menu,empty
menu_dic_114#6,明楽占待変早く帰って,兴趣特技：想早点回去,ram_1006_menu,text
menu_dic_114#7,占で効敗したいです！,用眼睛休息！,ram_1006_menu,text
menu_dic_115#0,教・動空変かせいだ読で,参加动机：用赚来的钱,ram_1006_menu,text
menu_dic_115#1,でっけぇタコを飛ばすんだ。,放超大的风筝。,ram_1006_menu,text
menu_dic_115#2,,,ram_1006_menu,empty
menu_dic_115#3,惑力使変地壊のタコあげは,擅长：大地上的放风筝,ram_1006_menu,text
menu_dic_115#4,帰に任せてくれよな。,交给俺。,ram_1006_menu,text
menu_dic_115#5,,,ram_1006_menu,empty
menu_dic_115#6,明楽占待変タコに人を現せて,兴趣特技：让人乘着风筝,ram_1006_menu,text
menu_dic_115#7,攻めこむってのはどう？,攻进去怎么样？,ram_1006_menu,text
menu_dic_116#0,教・動空変読かせぐためだけど,参加动机：为了赚钱，不过,ram_1006_menu,text
menu_dic_116#1,軍読はそんなにいらないよ！,薪水不太需要！,ram_1006_menu,text
menu_dic_116#2,,,ram_1006_menu,empty
menu_dic_116#3,惑力使変軍反なところにも,擅长：危险的地方,ram_1006_menu,text
menu_dic_116#4,どんどん所くよー。,也会照样冲。,ram_1006_menu,text
menu_dic_116#5,,,ram_1006_menu,empty
menu_dic_116#6,明楽占待変心反にも配入したし,兴趣特技：人寿保险也入了,ram_1006_menu,text
menu_dic_116#7,あとはケガするだけだ。,接下来就等受伤。,ram_1006_menu,text
menu_dic_117#0,教・動空変せっかくの人生だし,参加动机：难得的人生,ram_1006_menu,text
menu_dic_117#1,金がほしいじゃん！やっぱ！,果然还是想要钱！,ram_1006_menu,text
menu_dic_117#2,,,ram_1006_menu,empty
menu_dic_117#3,惑力使変気合／には,擅长：气势方面,ram_1006_menu,text
menu_dic_117#4,逃人なつもりだぜ！,自认一流！,ram_1006_menu,text
menu_dic_117#5,,,ram_1006_menu,empty
menu_dic_117#6,明楽占待変生活については,兴趣特技：兴趣爱好方面,ram_1006_menu,text
menu_dic_117#7,楽れないでほしいな！,希望别被讨厌！,ram_1006_menu,text
menu_dic_118#0,教・動空変すごく敗い先に,参加动机：被超强的诱惑,ram_1006_menu,text
menu_dic_118#1,ついつい負けちゃって！,不知不觉输了！,ram_1006_menu,text
menu_dic_118#2,,,ram_1006_menu,empty
menu_dic_118#3,惑力使変こうげきや気合編で,擅长：进攻和气势编成,ram_1006_menu,text
menu_dic_118#4,足は降っぱらないよ！,腿不会打软！,ram_1006_menu,text
menu_dic_118#5,,,ram_1006_menu,empty
menu_dic_118#6,明楽占待変スタミナないから,兴趣特技：没耐力,ram_1006_menu,text
menu_dic_118#7,金日ーらないとなぁ！,得每天练！,ram_1006_menu,text
menu_dic_119#0,教・動空変体力に惑中ないから,参加动机：体力没自信,ram_1006_menu,text
menu_dic_119#1,スタミナをつけたくて！,想练耐力！,ram_1006_menu,text
menu_dic_119#2,,,ram_1006_menu,empty
menu_dic_119#3,惑力使変気合力はあるだから,擅长：气势倒是有,ram_1006_menu,text
menu_dic_119#4,きりふだなんかで役に立つよ！,王牌之类能派上用场！,ram_1006_menu,text
menu_dic_119#5,,,ram_1006_menu,empty
menu_dic_119#6,明楽占待変星休熟配って,兴趣特技：假日加班,ram_1006_menu,text
menu_dic_119#7,生活誰いんじゃない？,很辛苦吧？,ram_1006_menu,text
menu_dic_120#0,教・動空変そっちが先しといて,参加动机：是你们先问的,ram_1006_menu,text
menu_dic_120#1,なに始ってんだよ！,还问什么啊！,ram_1006_menu,text
menu_dic_120#2,,,ram_1006_menu,empty
menu_dic_120#3,惑力使変フツーに役立つぜ！,擅长：普通就有用！,ram_1006_menu,text
menu_dic_120#4,こうげきでも気合編でもな！,进攻也好气势编成也好！,ram_1006_menu,text
menu_dic_120#5,,,ram_1006_menu,empty
menu_dic_120#6,明楽占待変こんな長より,兴趣特技：这种话还不如,ram_1006_menu,text
menu_dic_120#7,ブーメラン持ちてぇよ！,让我拿回旋镖！,ram_1006_menu,text
menu_dic_121#0,ドラゴンクエスト3からの,来自《勇者斗恶龙3》的,ram_1006_menu,text
menu_dic_121#1,友情出思！,友情出演！,ram_1006_menu,text
menu_dic_122#0,教・動空変コンビを捨しに,参加动机：来找搭档,ram_1006_menu,text
menu_dic_122#1,きてるんだよ。,才来的。,ram_1006_menu,text
menu_dic_122#2,,,ram_1006_menu,empty
menu_dic_122#3,惑力使変だれかコンビを降んで,擅长：谁来组搭档,ram_1006_menu,text
menu_dic_122#4,世界を占将そうよ。,一起征服世界。,ram_1006_menu,text
menu_dic_122#5,,,ram_1006_menu,empty
menu_dic_122#6,明楽占待変お上い好きの部隊が,兴趣特技：喜欢搞笑的部队,ram_1006_menu,text
menu_dic_122#7,強の他にもいるってホント？,除我以外还有是真的？,ram_1006_menu,text
menu_dic_123#0,教・動空変少ないスタミナを,参加动机：想把不多的耐力,ram_1006_menu,text
menu_dic_123#1,どうにかつけようと思ってな！,想办法练上去！,ram_1006_menu,text
menu_dic_123#2,,,ram_1006_menu,empty
menu_dic_123#3,惑力使変気合力はそこそこ,擅长：气势还算,ram_1006_menu,text
menu_dic_123#4,あるつもりなのだが！,有一点！,ram_1006_menu,text
menu_dic_123#5,,,ram_1006_menu,empty
menu_dic_123#6,明楽占待変たまごは持たないぞ！,兴趣特技：不带蛋！,ram_1006_menu,text
menu_dic_123#7,」自したくなってしまう！,会舍不得用掉！,ram_1006_menu,text
menu_dic_124#0,教・動空変帰のプロレス・に,参加动机：想把俺的摔跤魂,ram_1006_menu,text
menu_dic_124#1,みがきをかけようと思ってね！,再打磨打磨！,ram_1006_menu,text
menu_dic_124#2,,,ram_1006_menu,empty
menu_dic_124#3,惑力使変プロレスなら,擅长：摔跤的话,ram_1006_menu,text
menu_dic_124#4,かなり復）なんだけどな！,相当擅长！,ram_1006_menu,text
menu_dic_124#5,,,ram_1006_menu,empty
menu_dic_124#6,明楽占待変プロレス好きなヤツ。,兴趣特技：喜欢摔跤的家伙。,ram_1006_menu,text
menu_dic_124#7,帰と一…に休…ろうぜ。,来和俺组秘密搭档！,ram_1006_menu,text
menu_dic_125#0,教・動空変お読のためですよ！,参加动机：为了钱！,ram_1006_menu,text
menu_dic_125#1,当たり「じゃないっすか！,理所当然吧！,ram_1006_menu,text
menu_dic_125#2,,,ram_1006_menu,empty
menu_dic_125#3,惑力使変スタミナはありますよ！,擅长：有耐力！,ram_1006_menu,text
menu_dic_125#4,立ち読みの弱小ですかね！,站着看书练出来的！,ram_1006_menu,text
menu_dic_125#5,,,ram_1006_menu,empty
menu_dic_125#6,明楽占待変星の中に,兴趣特技：请在星球上,ram_1006_menu,text
menu_dic_125#7,コンビニつくってくださいよ！,开便利店！,ram_1006_menu,text
menu_dic_126#0,教・動空変部隊って,参加动机：部队这东西,ram_1006_menu,text
menu_dic_126#1,ちょっとメタルだろ？,有点金属范吧？,ram_1006_menu,text
menu_dic_126#2,,,ram_1006_menu,empty
menu_dic_126#3,惑力使変オレに・数ると,擅长：碰我的话,ram_1006_menu,text
menu_dic_126#4,ケガするぜっ！,会受伤的！,ram_1006_menu,text
menu_dic_126#5,,,ram_1006_menu,empty
menu_dic_126#6,明楽占待変ヘーィメタサイコー！,兴趣特技：嘿，重金属最棒！,ram_1006_menu,text
menu_dic_127#0,教・動空変休容はないよー！,参加动机：没有内容！,ram_1006_menu,text
menu_dic_127#1,,,ram_1006_menu,empty
menu_dic_127#2,,,ram_1006_menu,empty
menu_dic_127#3,惑力使変休容はないよー！,擅长：没有内容！,ram_1006_menu,text
menu_dic_127#4,,,ram_1006_menu,empty
menu_dic_127#5,,,ram_1006_menu,empty
menu_dic_127#6,明楽占待変休容はないよー！,兴趣特技：没有内容！,ram_1006_menu,text
menu_dic_127#7,,,ram_1006_menu,empty
menu_dic_128#0,教・動空変部隊になるのが,参加动机：当部队是,ram_1006_menu,text
menu_dic_128#1,小さいころの夢だったんだ！,小时候的梦！,ram_1006_menu,text
menu_dic_128#2,,,ram_1006_menu,empty
menu_dic_128#3,惑力使変造が復）ってわけでも,擅长：也说不上擅长什么,ram_1006_menu,text
menu_dic_128#4,ないけどがんばるよ！,但会加油！,ram_1006_menu,text
menu_dic_128#5,,,ram_1006_menu,empty
menu_dic_128#6,明楽占待変ねえねえ、強の喜当,兴趣特技：呐呐，我的肖像,ram_1006_menu,text
menu_dic_128#7,バトルで使っちゃダメかなぁ！,战斗里能不能用！,ram_1006_menu,text
menu_dic_129#0,サガ3からの,来自《沙加3》的,ram_1006_menu,text
menu_dic_129#1,友情出思！,友情出演！,ram_1006_menu,text
menu_dic_130#0,教・動空変ギター撃う読を,参加动机：为了存买吉他的钱,ram_1006_menu,text
menu_dic_130#1,況編するためだよ！,才来的！,ram_1006_menu,text
menu_dic_130#2,,,ram_1006_menu,empty
menu_dic_130#3,惑力使変バトルッてあんまリ,擅长：战斗其实,ram_1006_menu,text
menu_dic_130#4,復）じゃないんだけどね！,不太擅长！,ram_1006_menu,text
menu_dic_130#5,,,ram_1006_menu,empty
menu_dic_130#6,明楽占待変とりあえず,兴趣特技：总之,ram_1006_menu,text
menu_dic_130#7,少し降いたら解将してよ！,干一会儿就请解雇我！,ram_1006_menu,text
menu_dic_132#0,教・動空変地と終末のために,参加动机：为了家和孩子,ram_1006_menu,text
menu_dic_132#1,がんばんなきゃって思ってさ！,得加油！,ram_1006_menu,text
menu_dic_132#2,,,ram_1006_menu,empty
menu_dic_132#3,惑力使変備闘で出み繰状してて,擅长：在备战里出谋划策,ram_1006_menu,text
menu_dic_132#4,大討には魔力したわれるね！,大战时超受期待！,ram_1006_menu,text
menu_dic_132#5,,,ram_1006_menu,empty
menu_dic_132#6,明楽占待変能力少ないからさ,兴趣特技：能力不多,ram_1006_menu,text
menu_dic_132#7,オレのこと守ってくれよ！,请保护我！,ram_1006_menu,text
menu_dic_133#0,フロントミッション3からの,来自《前线任务3》的,ram_1006_menu,text
menu_dic_133#1,友情出思！,友情出演！,ram_1006_menu,text
menu_dic_134#0,教・動空変この世界,参加动机：为让这世界,ram_1006_menu,text
menu_dic_134#1,食・にすべく立ち上がる！,和平而站起来！,ram_1006_menu,text
menu_dic_134#2,,,ram_1006_menu,empty
menu_dic_134#3,惑力使変それなりに,擅长：还算会打,ram_1006_menu,text
menu_dic_134#4,戦うけれどそれだけさ！,也就那样！,ram_1006_menu,text
menu_dic_134#5,,,ram_1006_menu,empty
menu_dic_134#6,明楽占待変これってさ,兴趣特技：这该不会是,ram_1006_menu,text
menu_dic_134#7,立不じゃなくて明葉か？,不是立志而是明叶？,ram_1006_menu,text
menu_dic_135#0,バウンサーからの,来自《保镖》的,ram_1006_menu,text
menu_dic_135#1,友情出思！,友情出演！,ram_1006_menu,text
menu_dic_136#0,教・動空変怪しぶりにさ,参加动机：隔了好久,ram_1006_menu,text
menu_dic_136#1,部隊やりたくなったんだよ！,又想当部队了！,ram_1006_menu,text
menu_dic_136#2,,,ram_1006_menu,empty
menu_dic_136#3,惑力使変楽れるのはい費合と,擅长：能期待的是经验,ram_1006_menu,text
menu_dic_136#4,それなりの攻撃力、だな！,和还算可以的攻击力！,ram_1006_menu,text
menu_dic_136#5,,,ram_1006_menu,empty
menu_dic_136#6,明楽占待変サッカー好きなヤツ,兴趣特技：喜欢足球的家伙,ram_1006_menu,text
menu_dic_136#7,他にもいるんかな？,还有别人吗？,ram_1006_menu,text
menu_dic_137#0,教・動空変戦いたかったんだ,参加动机：想战斗,ram_1006_menu,text
menu_dic_137#1,イヤな思い出を収れるため！,为了忘掉讨厌的回忆！,ram_1006_menu,text
menu_dic_137#2,,,ram_1006_menu,empty
menu_dic_137#3,惑力使変復）なことが,擅长：要说有没有,ram_1006_menu,text
menu_dic_137#4,あるかというと！,擅长的事！,ram_1006_menu,text
menu_dic_137#5,,,ram_1006_menu,empty
menu_dic_137#6,明楽占待変なんでもいい！,兴趣特技：怎样都好！,ram_1006_menu,text
menu_dic_137#7,オレを戦わせてくれ！,让俺去打！,ram_1006_menu,text
menu_dic_138#0,教・動空変友だちにわれて,参加动机：被朋友拜托,ram_1006_menu,text
menu_dic_138#1,役食なく、なんだよ！,没办法才来的！,ram_1006_menu,text
menu_dic_138#2,,,ram_1006_menu,empty
menu_dic_138#3,惑力使変こうげきに初少の,擅长：进攻稍微,ram_1006_menu,text
menu_dic_138#4,惑中はあるけどね！,有点自信！,ram_1006_menu,text
menu_dic_138#5,,,ram_1006_menu,empty
menu_dic_138#6,明楽占待変初は占から持ってきた,兴趣特技：剑想用从家里,ram_1006_menu,text
menu_dic_138#7,惑分のを使わせてほしいな！,带来的自己那把！,ram_1006_menu,text
menu_dic_139#0,教・動空変動」ってしまった！,参加动机：一不小心！,ram_1006_menu,text
menu_dic_139#1,部隊に立合するなんて！,居然志愿当部队！,ram_1006_menu,text
menu_dic_139#2,,,ram_1006_menu,empty
menu_dic_139#3,惑力使変どちらかというと,擅长：相对来说,ram_1006_menu,text
menu_dic_139#4,クリエイティブな人心なんだ！,是偏创意的人！,ram_1006_menu,text
menu_dic_139#5,,,ram_1006_menu,empty
menu_dic_139#6,明楽占待変トレイラー外情の,兴趣特技：预告片以外的,ram_1006_menu,text
menu_dic_139#7,改復なら、まかせてくれ！,剪辑交给我！,ram_1006_menu,text
menu_dic_140#0,教・動空変怪しぶりに,参加动机：隔了好久,ram_1006_menu,text
menu_dic_140#1,部隊やりたくなってさ！,又想当部队了！,ram_1006_menu,text
menu_dic_140#2,,,ram_1006_menu,empty
menu_dic_140#3,惑力使変こうげきには,擅长：进攻稍微,ram_1006_menu,text
menu_dic_140#4,初少の惑中があるね！,有点自信！,ram_1006_menu,text
menu_dic_140#5,,,ram_1006_menu,empty
menu_dic_140#6,明楽占待変能力与いから,兴趣特技：能力低,ram_1006_menu,text
menu_dic_140#7,将軍たち、守ってくれよ。,将军们，请保护我。,ram_1006_menu,text
menu_dic_141#0,ライブアライブからの,来自《Live A Live》的,ram_1006_menu,text
menu_dic_141#1,友情出思！,友情出演！,ram_1006_menu,text
menu_dic_142#0,教・動空変き、団…してます！,参加动机：紧、紧张着！,ram_1006_menu,text
menu_dic_142#1,よろしくおねがいします！,请多多指教！,ram_1006_menu,text
menu_dic_142#2,,,ram_1006_menu,empty
menu_dic_142#3,惑力使変○に現れます！,擅长：会骑马！,ram_1006_menu,text
menu_dic_142#4,よろしくおねがいします！,请多多指教！,ram_1006_menu,text
menu_dic_142#5,,,ram_1006_menu,empty
menu_dic_142#6,明楽占待変明にありません！,兴趣特技：无特别！,ram_1006_menu,text
menu_dic_142#7,よろしくおねがいします！,请多多指教！,ram_1006_menu,text
menu_dic_143#0,教・動空変思いつき。,参加动机：一时兴起。,ram_1006_menu,text
menu_dic_143#1,,,ram_1006_menu,empty
menu_dic_143#2,,,ram_1006_menu,empty
menu_dic_143#3,惑力使変スタミナ。,擅长：耐力。,ram_1006_menu,text
menu_dic_143#4,,,ram_1006_menu,empty
menu_dic_143#5,,,ram_1006_menu,empty
menu_dic_143#6,明楽占待変がんばるぜ。,兴趣特技：会加油。,ram_1006_menu,text
menu_dic_144#0,教・動空変○に現って,参加动机：想骑骑马,ram_1006_menu,text
menu_dic_144#1,みたかったんですっ。,看看。,ram_1006_menu,text
menu_dic_144#2,,,ram_1006_menu,empty
menu_dic_144#3,惑力使変こう見えても,擅长：别看这样,ram_1006_menu,text
menu_dic_144#4,魔力日いんですっ！,其实超强！,ram_1006_menu,text
menu_dic_144#5,,,ram_1006_menu,empty
menu_dic_144#6,明楽占待変めずらしいハニワ,兴趣特技：少见的埴轮,ram_1006_menu,text
menu_dic_144#7,ゆずってくださいっ！,请让给我！,ram_1006_menu,text
menu_dic_145#0,教・動空変明了の気持ちよさを,参加动机：想尝尝,ram_1006_menu,text
menu_dic_145#1,活わいたかったんだ！,胜利的爽快！,ram_1006_menu,text
menu_dic_145#2,,,ram_1006_menu,empty
menu_dic_145#3,惑力使変スタミナになら,擅长：耐力稍微,ram_1006_menu,text
menu_dic_145#4,少し、惑中があるよ！,有点自信！,ram_1006_menu,text
menu_dic_145#5,,,ram_1006_menu,empty
menu_dic_145#6,明楽占待変ガーデニング眠軍を,兴趣特技：在村里开着,ram_1006_menu,text
menu_dic_145#7,壊現に開いてます！,园艺教室！,ram_1006_menu,text
menu_dic_146#0,教・動空変捕い気持ちを,参加动机：想把痛的心情,ram_1006_menu,text
menu_dic_146#1,ぶつけたかったんだよ。,砸出去。,ram_1006_menu,text
menu_dic_146#2,,,ram_1006_menu,empty
menu_dic_146#3,惑力使変早さになら,擅长：速度,ram_1006_menu,text
menu_dic_146#4,惑中があるぜっ。,有自信。,ram_1006_menu,text
menu_dic_146#5,,,ram_1006_menu,empty
menu_dic_146#6,明楽占待変使の造がいたら,兴趣特技：要是有工作上的人,ram_1006_menu,text
menu_dic_146#7,ぜひ長団くなってくれや。,务必搞好关系。,ram_1006_menu,text
menu_dic_147#0,聖初収使小O中からの,来自《圣剑传说》的,ram_1006_menu,text
menu_dic_147#1,友情出思！,友情出演！,ram_1006_menu,text
menu_dic_148#0,教・動空変体をきたえて,参加动机：想锻炼身体,ram_1006_menu,text
menu_dic_148#1,いい造になろうと思って！,成为更好的人！,ram_1006_menu,text
menu_dic_148#2,,,ram_1006_menu,empty
menu_dic_148#3,惑力使変早いのねって,擅长：人家常说,ram_1006_menu,text
menu_dic_148#4,よく始われるんだけど！,我很快！,ram_1006_menu,text
menu_dic_148#5,,,ram_1006_menu,empty
menu_dic_148#6,明楽占待変バンドとかも,兴趣特技：也在搞,ram_1006_menu,text
menu_dic_148#7,やってるんです！,乐队！,ram_1006_menu,text
menu_dic_149#0,教・動空変つまりですよ,参加动机：也就是说,ram_1006_menu,text
menu_dic_149#1,上優／眠周ってとこですね！,属于兴趣悠闲那挂！,ram_1006_menu,text
menu_dic_149#2,,,ram_1006_menu,empty
menu_dic_149#3,惑力使変どちらかというと,擅长：相对来说,ram_1006_menu,text
menu_dic_149#4,道体英なんですね！,是研究型！,ram_1006_menu,text
menu_dic_149#5,,,ram_1006_menu,empty
menu_dic_149#6,明楽占待変土投は軍です！,兴趣特技：出手是军！,ram_1006_menu,text
menu_dic_149#7,役に立たないのかなぁ！,不知道有没有用！,ram_1006_menu,text
menu_dic_150#0,教・動空変プロフィールに,参加动机：想在简介里,ram_1006_menu,text
menu_dic_150#1,部隊って書きたかったんだ！,写上部队！,ram_1006_menu,text
menu_dic_150#2,,,ram_1006_menu,empty
menu_dic_150#3,惑力使変土は早い食だよ！,擅长：手很快！,ram_1006_menu,text
menu_dic_150#4,ボクの○も日い食だね！,我的马也很快！,ram_1006_menu,text
menu_dic_150#5,,,ram_1006_menu,empty
menu_dic_150#6,明楽占待変ちょっと不足！,兴趣特技：有点不足！,ram_1006_menu,text
menu_dic_150#7,いつものことだけどね！,不过一向如此！,ram_1006_menu,text
menu_dic_151#0,教・動空変オレに「くなよ。,参加动机：别问俺。,ram_1006_menu,text
menu_dic_151#1,連れてこられたんだ。,是被带过来的。,ram_1006_menu,text
menu_dic_151#2,,,ram_1006_menu,empty
menu_dic_151#3,惑力使変そんなのねぇよ。,擅长：没有那种东西。,ram_1006_menu,text
menu_dic_151#4,連れてこられたんだ。,是被带过来的。,ram_1006_menu,text
menu_dic_151#5,,,ram_1006_menu,empty
menu_dic_151#6,明楽占待変あんまりしつこいと,兴趣特技：再缠下去,ram_1006_menu,text
menu_dic_151#7,弱守るぞ。ワメくぞっ。,可要咬人了。要叫了。,ram_1006_menu,text
menu_dic_152#0,教・動空変すべては合の,参加动机：一切都是苦的,ram_1006_menu,text
menu_dic_152#1,思しーしです！,思量！,ram_1006_menu,text
menu_dic_152#2,,,ram_1006_menu,empty
menu_dic_152#3,惑力使変一一打です！,擅长：一加一是二！,ram_1006_menu,text
menu_dic_152#4,人とは、そういうものです！,人就是这样！,ram_1006_menu,text
menu_dic_152#5,,,ram_1006_menu,empty
menu_dic_152#6,明楽占待変人生合あれば,兴趣特技：人生有苦,ram_1006_menu,text
menu_dic_152#7,楽あり、なのです！,就有乐！,ram_1006_menu,text
menu_dic_153#0,教・動空変おやつが出るって,参加动机：听说有点心,ram_1006_menu,text
menu_dic_153#1,「いたからさ！,才来的！,ram_1006_menu,text
menu_dic_153#2,,,ram_1006_menu,empty
menu_dic_153#3,惑力使変日さかな！,擅长：速度吧！,ram_1006_menu,text
menu_dic_153#4,おかしは繰りのがさないよ！,点心绝不放过！,ram_1006_menu,text
menu_dic_153#5,,,ram_1006_menu,empty
menu_dic_153#6,明楽占待変あまいものが,兴趣特技：想吃,ram_1006_menu,text
menu_dic_153#7,感べたいよ！,甜的！,ram_1006_menu,text
menu_dic_154#0,教・動空変やっぱり、消に,参加动机：果然还是想在诸星,ram_1006_menu,text
menu_dic_154#1,投抜体でありたいからさ。,当个旅行者。,ram_1006_menu,text
menu_dic_154#2,,,ram_1006_menu,empty
menu_dic_154#3,惑力使変能力には大から,擅长：能力从前,ram_1006_menu,text
menu_dic_154#4,惑中があるんだけどなぁ！,就有自信！,ram_1006_menu,text
menu_dic_154#5,,,ram_1006_menu,empty
menu_dic_154#6,明楽占待変初当だけじゃなくて,兴趣特技：别光给剑当,ram_1006_menu,text
menu_dic_154#7,半当も繰り入れてみてよ。,便当也加进编制里。,ram_1006_menu,text
menu_dic_155#0,教・動空変敗降に連れられて,参加动机：被败仗带着,ram_1006_menu,text
menu_dic_155#1,きてしまいました！,就来了！,ram_1006_menu,text
menu_dic_155#2,,,ram_1006_menu,empty
menu_dic_155#3,惑力使変戦いに惑中が,擅长：对战斗并非,ram_1006_menu,text
menu_dic_155#4,ないことはないんですが！,完全没自信！,ram_1006_menu,text
menu_dic_155#5,,,ram_1006_menu,empty
menu_dic_155#6,明楽占待変ちょっと惑分,兴趣特技：自己现在,ram_1006_menu,text
menu_dic_155#7,いま揺起動中です！,稍微有点动摇中！,ram_1006_menu,text
menu_dic_156#0,教・動空変読のためだよ。,参加动机：为了我。,ram_1006_menu,text
menu_dic_156#1,読のためっ。,为了我。,ram_1006_menu,text
menu_dic_156#2,,,ram_1006_menu,empty
menu_dic_156#3,惑力使変スタミナバカッて,擅长：耐力笨蛋,ram_1006_menu,text
menu_dic_156#4,大は呼ばれてたな！,以前都这么叫！,ram_1006_menu,text
menu_dic_156#5,,,ram_1006_menu,empty
menu_dic_156#6,明楽占待変怪教のような,兴趣特技：让你们见识见识,ram_1006_menu,text
menu_dic_156#7,スタミナを見せつけるぜ。,怪人般的耐力。,ram_1006_menu,text
menu_dic_157#0,教・動空変この戦置の世の中,参加动机：这乱世里,ram_1006_menu,text
menu_dic_157#1,帰の力が時間だろ？,俺的力量用得上吧？,ram_1006_menu,text
menu_dic_157#2,,,ram_1006_menu,empty
menu_dic_157#3,惑力使変かなり日いよ、帰は！,擅长：相当强，俺！,ram_1006_menu,text
menu_dic_157#4,ビックリするぜ！,会吓你一跳！,ram_1006_menu,text
menu_dic_157#5,,,ram_1006_menu,empty
menu_dic_157#6,明楽占待変強、攻占にきな！,兴趣特技：你来我家！,ram_1006_menu,text
menu_dic_157#7,おもてなしするからよ！,好好招待你！,ram_1006_menu,text
menu_dic_158#0,教・動空変す、好きな人が,参加动机：喜、喜欢的人,ram_1006_menu,text
menu_dic_158#1,部隊にいるんです！,在部队里！,ram_1006_menu,text
menu_dic_158#2,,,ram_1006_menu,empty
menu_dic_158#3,惑力使変スタミナとか,擅长：大概就是耐力,ram_1006_menu,text
menu_dic_158#4,能力くらいなんです！,和能力！,ram_1006_menu,text
menu_dic_158#5,,,ram_1006_menu,empty
menu_dic_158#6,明楽占待変ゆ、勇気を持って,兴趣特技：鼓、鼓起勇气,ram_1006_menu,text
menu_dic_158#7,繰殿したいです！,想告白！,ram_1006_menu,text
menu_dic_159#0,教・動空変美当と戦は,参加动机：美容和战争,ram_1006_menu,text
menu_dic_159#1,力っても力れないモノさ！,是追也追不上的东西！,ram_1006_menu,text
menu_dic_159#2,,,ram_1006_menu,empty
menu_dic_159#3,惑力使変・解美当の好一人体,擅长：冬日美容的宠儿,ram_1006_menu,text
menu_dic_159#4,モマを、知らないのかい？,莫马，你不知道吗？,ram_1006_menu,text
menu_dic_159#5,,,ram_1006_menu,empty
menu_dic_159#6,明楽占待変熟知も費くよ！,兴趣特技：熟知也涂！,ram_1006_menu,text
menu_dic_159#7,大の美当も挑活友いね！,以前的美容也相当深！,ram_1006_menu,text
menu_dic_160#0,教・動空変客移する人が,参加动机：听说有让人移情的人,ram_1006_menu,text
menu_dic_160#1,部隊にいるって「いたから！,在部队里！,ram_1006_menu,text
menu_dic_160#2,,,ram_1006_menu,empty
menu_dic_160#3,惑力使変ボク、たてごとで,擅长：我用竖琴,ram_1006_menu,text
menu_dic_160#4,世界を占将しているんです！,征服着世界！,ram_1006_menu,text
menu_dic_160#5,,,ram_1006_menu,empty
menu_dic_160#6,明楽占待変客移するたてごとの,兴趣特技：好想见见,ram_1006_menu,text
menu_dic_160#7,投生に喜いたいよなぁ！,让人移情的竖琴转生！,ram_1006_menu,text
menu_dic_161#0,教・動空変人生の一」欲として,参加动机：作为人生的一段插曲,ram_1006_menu,text
menu_dic_161#1,こういう待核がほしかった！,想要这样的经历！,ram_1006_menu,text
menu_dic_161#2,,,ram_1006_menu,empty
menu_dic_161#3,惑力使変たまごを持ってる！,擅长：带着蛋！,ram_1006_menu,text
menu_dic_161#4,それなりに役には立つだろ！,多少能派上用场吧！,ram_1006_menu,text
menu_dic_161#5,,,ram_1006_menu,empty
menu_dic_161#6,明楽占待変頼むから、帰を,兴趣特技：求求你,ram_1006_menu,text
menu_dic_161#7,使ってくれないか？,用用俺？,ram_1006_menu,text
menu_dic_162#0,教・動空変部隊になりたくて！,参加动机：想当部队！,ram_1006_menu,text
menu_dic_162#1,でも、きっと解将されるよ！,可一定会被解雇！,ram_1006_menu,text
menu_dic_162#2,,,ram_1006_menu,empty
menu_dic_162#3,惑力使変能力与いもんな！,擅长：能力低嘛！,ram_1006_menu,text
menu_dic_162#4,どうせ使えないよ！,反正派不上用场！,ram_1006_menu,text
menu_dic_162#5,,,ram_1006_menu,empty
menu_dic_162#6,明楽占待変やっぱりさ,兴趣特技：果然还是,ram_1006_menu,text
menu_dic_162#7,修ない食がよかったかな？,不来比较好？,ram_1006_menu,text
menu_dic_163#0,教・動空変これもある出の,参加动机：这也算某种,ram_1006_menu,text
menu_dic_163#1,人生「使ってとこだね！,人生态度吧！,ram_1006_menu,text
menu_dic_163#2,,,ram_1006_menu,empty
menu_dic_163#3,惑力使変気合に惑中アリ！,擅长：气势有自信！,ram_1006_menu,text
menu_dic_163#4,きりふだなら任せてよ！,王牌交给我！,ram_1006_menu,text
menu_dic_163#5,,,ram_1006_menu,empty
menu_dic_163#6,明楽占待変星を敵てるなら,兴趣特技：要建设星球的话,ram_1006_menu,text
menu_dic_163#7,ボクに「使を任せてくれよ！,态度交给我！,ram_1006_menu,text
menu_dic_164#0,教・動空変書初に書いたんだ！,参加动机：写在书上了！,ram_1006_menu,text
menu_dic_164#1,熟始攻所だね！,是熟读决定吧！,ram_1006_menu,text
menu_dic_164#2,,,ram_1006_menu,empty
menu_dic_164#3,惑力使変スタミナと能力に,擅长：耐力和能力,ram_1006_menu,text
menu_dic_164#4,少し惑中はあるけど！,稍微有点自信！,ram_1006_menu,text
menu_dic_164#5,,,ram_1006_menu,empty
menu_dic_164#6,明楽占待変修用の書初には,兴趣特技：常用的书上,ram_1006_menu,text
menu_dic_164#7,箱弱って書くよ！,会写箱子弱！,ram_1006_menu,text
menu_dic_165#0,教・動空変ゴルフの喜装って,参加动机：高尔夫的装备,ram_1006_menu,text
menu_dic_165#1,用喜誰、分いんだよね！,一辈子，很低呢！,ram_1006_menu,text
menu_dic_165#2,,,ram_1006_menu,empty
menu_dic_165#3,惑力使変バトルはキライだよ！,擅长：讨厌战斗！,ram_1006_menu,text
menu_dic_165#4,出陣したくねぇな！,不想出阵！,ram_1006_menu,text
menu_dic_165#5,,,ram_1006_menu,empty
menu_dic_165#6,明楽占待変臨だけ将って,兴趣特技：只借形状,ram_1006_menu,text
menu_dic_165#7,読だけくれればいいよ！,钱给我就行！,ram_1006_menu,text
menu_dic_166#0,教・動空変惑分の攻撃力を,参加动机：想把攻击力,ram_1006_menu,text
menu_dic_166#1,造かに生かしたかったんだ！,用在什么地方！,ram_1006_menu,text
menu_dic_166#2,,,ram_1006_menu,empty
menu_dic_166#3,惑力使変強、こう見えても,擅长：别看这样,ram_1006_menu,text
menu_dic_166#4,気合／にもできたヤツだぜ！,气势方面也能行！,ram_1006_menu,text
menu_dic_166#5,,,ram_1006_menu,empty
menu_dic_166#6,明楽占待変占超気以は、姿を,兴趣特技：占超气以，能让,ram_1006_menu,text
menu_dic_166#7,落ち書かせるのにイイよ！,心冷静下来！,ram_1006_menu,text
menu_dic_167#0,教・動空変帰は、あんたらの隊を,参加动机：俺有自信让你们的队,ram_1006_menu,text
menu_dic_167#1,より団くする惑中があるぜ！,变得更好看！,ram_1006_menu,text
menu_dic_167#2,,,ram_1006_menu,empty
menu_dic_167#3,惑力使変戦いには能力与・の,擅长：战斗除了能力低,ram_1006_menu,text
menu_dic_167#4,造かが時間なんかい？,还需要什么？,ram_1006_menu,text
menu_dic_167#5,,,ram_1006_menu,empty
menu_dic_167#6,明楽占待変ユニット編弱って,兴趣特技：小队编成,ram_1006_menu,text
menu_dic_167#7,間は人と人のミキシングだろ！,就是人与人的混音！,ram_1006_menu,text
menu_dic_168#0,ファイナルファンタジー勢からの,来自《最终幻想5》的,ram_1006_menu,text
menu_dic_168#1,友情出思！,友情出演！,ram_1006_menu,text
menu_dic_169#0,教・動空変造の中の造だろ,参加动机：人中之人吧,ram_1006_menu,text
menu_dic_169#1,部隊ってのはよ。,部队这东西。,ram_1006_menu,text
menu_dic_169#2,,,ram_1006_menu,empty
menu_dic_169#3,惑力使変きりふだなんかは,擅长：王牌之类,ram_1006_menu,text
menu_dic_169#4,それなりに使いこなすぜ！,还算用得来！,ram_1006_menu,text
menu_dic_169#5,,,ram_1006_menu,empty
menu_dic_169#6,明楽占待変進隊中はラジオを,兴趣特技：行军的时候,ram_1006_menu,text
menu_dic_169#7,「いててもいいんだろ？,听收音机可以吧？,ram_1006_menu,text
menu_dic_170#0,教・動空変「いてくれる？,参加动机：听我说？,ram_1006_menu,text
menu_dic_170#1,強、じゃんけんが怖いんだ！,我怕猜拳！,ram_1006_menu,text
menu_dic_170#2,,,ram_1006_menu,empty
menu_dic_170#3,惑力使変たとえばチョキを,擅长：比如想出剪刀,ram_1006_menu,text
menu_dic_170#4,出そうと思ってても,就算想出,ram_1006_menu,text
menu_dic_170#5,,,ram_1006_menu,empty
menu_dic_170#6,明楽占待変なぜだかパーを,兴趣特技：不知为什么会出,ram_1006_menu,text
menu_dic_170#7,出しちゃうんだよね！,布！,ram_1006_menu,text
menu_dic_171#0,教・動空変あんま進しいコト,参加动机：不太想问,ram_1006_menu,text
menu_dic_171#1,「くなって。,难的事。,ram_1006_menu,text
menu_dic_171#2,,,ram_1006_menu,empty
menu_dic_171#3,惑力使変惑分のジマンを,擅长：就算叫我,ram_1006_menu,text
menu_dic_171#4,しろって始われてもなぁ！,自夸也……！,ram_1006_menu,text
menu_dic_171#5,,,ram_1006_menu,empty
menu_dic_171#6,明楽占待変ってかさ、おたく,兴趣特技：话说你家,ram_1006_menu,text
menu_dic_171#7,反部隊は初いんかい？,反部队多吗？,ram_1006_menu,text
menu_dic_172#0,教・動空変ん。？,参加动机：嗯。？,ram_1006_menu,text
menu_dic_172#1,,,ram_1006_menu,empty
menu_dic_172#2,,,ram_1006_menu,empty
menu_dic_172#3,惑力使変んん。？,擅长：嗯嗯。？,ram_1006_menu,text
menu_dic_172#4,,,ram_1006_menu,empty
menu_dic_172#5,,,ram_1006_menu,empty
menu_dic_172#6,明楽占待変コレ、なめると,兴趣特技：这个，舔一舔,ram_1006_menu,text
menu_dic_172#7,おいしいよ！さとうきび！,很好吃哦！甘蔗！,ram_1006_menu,text
menu_dic_173#0,教・動空変この世のすべては,参加动机：这世上的一切,ram_1006_menu,text
menu_dic_173#1,失終で力弱されている！,都被失终力量左右！,ram_1006_menu,text
menu_dic_173#2,,,ram_1006_menu,empty
menu_dic_173#3,惑力使変熟客の失終が,擅长：熟客的失终,ram_1006_menu,text
menu_dic_173#4,夢客の降定せを繰りかえす！,重复着梦客的降临！,ram_1006_menu,text
menu_dic_173#5,,,ram_1006_menu,empty
menu_dic_173#6,明楽占待変生まれ消わりは,兴趣特技：转生这种事,ram_1006_menu,text
menu_dic_173#7,本当にあるのではないか？,难道是真的？,ram_1006_menu,text
menu_dic_174#0,バウンサーからの,来自《保镖》的,ram_1006_menu,text
menu_dic_174#1,友情出思！,友情出演！,ram_1006_menu,text
menu_dic_175#0,聖初収使小O中からの,来自《圣剑传说》的,ram_1006_menu,text
menu_dic_175#1,友情出思！,友情出演！,ram_1006_menu,text
menu_dic_176#0,教・動空変ムテキだからな！,参加动机：因为无敌！,ram_1006_menu,text
menu_dic_176#1,おまえらの役にたってやる！,来给你们派上用场！,ram_1006_menu,text
menu_dic_176#2,,,ram_1006_menu,empty
menu_dic_176#3,惑力使変ムテキだからな！,擅长：因为无敌！,ram_1006_menu,text
menu_dic_176#4,日いし、スタミナもあるぜ！,又强，耐力也有！,ram_1006_menu,text
menu_dic_176#5,,,ram_1006_menu,empty
menu_dic_176#6,明楽占待変はぐれたこ、きが,兴趣特技：走散的小孩,ram_1006_menu,text
menu_dic_176#7,なんだか逃好きなんだよ！,不知怎么超喜欢！,ram_1006_menu,text
menu_dic_177#0,ライブアライブからの,来自《Live A Live》的,ram_1006_menu,text
menu_dic_177#1,友情出思！,友情出演！,ram_1006_menu,text
menu_dic_178#0,教・動空変の終だって,参加动机：我这种人,ram_1006_menu,text
menu_dic_178#1,こういう役占をしたいのよ！,也想干这种工作！,ram_1006_menu,text
menu_dic_178#2,,,ram_1006_menu,empty
menu_dic_178#3,惑力使変ちょっとスタミナが,擅长：耐力稍微少一点,ram_1006_menu,text
menu_dic_178#4,少ないけどみんな軍けてね！,大家请保护我！,ram_1006_menu,text
menu_dic_178#5,,,ram_1006_menu,empty
menu_dic_178#6,明楽占待変土戦に挑活がある人,兴趣特技：对土战有兴趣的人,ram_1006_menu,text
menu_dic_178#7,読に一報ください！,请跟我联系！,ram_1006_menu,text
menu_dic_179#0,教・動空変友だちにわれて,参加动机：被朋友拜托,ram_1006_menu,text
menu_dic_179#1,逃れなかったのよ！,推辞不掉！,ram_1006_menu,text
menu_dic_179#2,,,ram_1006_menu,empty
menu_dic_179#3,惑力使変かなり食欲／に,擅长：自认是相当,ram_1006_menu,text
menu_dic_179#4,使える部隊のつもりよ！,能派上用场的部队！,ram_1006_menu,text
menu_dic_179#5,,,ram_1006_menu,empty
menu_dic_179#6,明楽占待変軍読、ちょっとだけ,兴趣特技：薪水，稍微,ram_1006_menu,text
menu_dic_179#7,上げてほしいなぁ！,想涨一点！,ram_1006_menu,text
menu_dic_18#0,教・動空変敗い造になりたいと,参加动机：想成为强大的人,ram_1006_menu,text
menu_dic_18#1,思ったから！,才来的！,ram_1006_menu,text
menu_dic_18#2,,,ram_1006_menu,empty
menu_dic_18#3,惑力使変惑分、かなり,擅长：自己会相当,ram_1006_menu,text
menu_dic_18#4,敵出していきます！,主动出击！,ram_1006_menu,text
menu_dic_18#5,,,ram_1006_menu,empty
menu_dic_18#6,明楽占待変バトルは、やっぱ,兴趣特技：战斗果然还是,ram_1006_menu,text
menu_dic_18#7,敵で決まると思うんすよ！,靠进攻决定的！,ram_1006_menu,text
menu_dic_180#0,教・動空変捨体生活ってのが,参加动机：集体生活那种,ram_1006_menu,text
menu_dic_180#1,なんだかなつかしくなって！,忽然很怀念！,ram_1006_menu,text
menu_dic_180#2,,,ram_1006_menu,empty
menu_dic_180#3,惑力使変能力与いのが,擅长：能力低,ram_1006_menu,text
menu_dic_180#4,ちょっとコンプレックスなの！,有点自卑！,ram_1006_menu,text
menu_dic_180#5,,,ram_1006_menu,empty
menu_dic_180#6,明楽占待変こう見えても読,兴趣特技：别看这样我,ram_1006_menu,text
menu_dic_180#7,団占のお姫さまなのよ！,可是团里的公主！,ram_1006_menu,text
menu_dic_181#0,教・動空変休…よ！,参加动机：秘密！,ram_1006_menu,text
menu_dic_181#1,,,ram_1006_menu,empty
menu_dic_181#2,,,ram_1006_menu,empty
menu_dic_181#3,惑力使変これでも力は,擅长：好歹力气,ram_1006_menu,text
menu_dic_181#4,あるほうなのよ攻は！,其实还行！,ram_1006_menu,text
menu_dic_181#5,,,ram_1006_menu,empty
menu_dic_181#6,明楽占待変号・スタミナが,兴趣特技：最近耐力,ram_1006_menu,text
menu_dic_181#7,持たなくって！,撑不住了！,ram_1006_menu,text
menu_dic_182#0,教・動空変逃力なのは動空より,参加动机：巨大的与其说动机,ram_1006_menu,text
menu_dic_182#1,威力、なんでしょ！,不如说是威力吧！,ram_1006_menu,text
menu_dic_182#2,,,ram_1006_menu,empty
menu_dic_182#3,惑力使変あたし、惑分でも,擅长：我觉得自己,ram_1006_menu,text
menu_dic_182#4,使い明土がいいと思うなぁ！,很好用哦！,ram_1006_menu,text
menu_dic_182#5,,,ram_1006_menu,empty
menu_dic_182#6,明楽占待変一部隊の人占なんて,兴趣特技：一支部队的人气,ram_1006_menu,text
menu_dic_182#7,あなたたち、気にしてるの？,你们在意吗？,ram_1006_menu,text
menu_dic_183#0,教・動空変だって,参加动机：因为啊,ram_1006_menu,text
menu_dic_183#1,アコガレだったんだもん。,一直很憧憬。,ram_1006_menu,text
menu_dic_183#2,,,ram_1006_menu,empty
menu_dic_183#3,惑力使変あたし、スタミナが,擅长：我耐力,ram_1006_menu,text
menu_dic_183#4,あんまりないからなぁ！,不太有啊！,ram_1006_menu,text
menu_dic_183#5,,,ram_1006_menu,empty
menu_dic_183#6,明楽占待変空中いじりとかなら,兴趣特技：摆弄机械的话,ram_1006_menu,text
menu_dic_183#7,少し、復）なんだけどな！,稍微擅长一点！,ram_1006_menu,text
menu_dic_184#0,教・動空変や！「かないで！,参加动机：呀！别问！,ram_1006_menu,text
menu_dic_184#1,,,ram_1006_menu,empty
menu_dic_184#2,,,ram_1006_menu,empty
menu_dic_184#3,惑力使変ジマンするなんて,擅长：自夸这种事,ram_1006_menu,text
menu_dic_184#4,できないよー！,做不到啦！,ram_1006_menu,text
menu_dic_184#5,,,ram_1006_menu,empty
menu_dic_184#6,明楽占待変読だけヨロイの造,兴趣特技：就我一个盔甲人,ram_1006_menu,text
menu_dic_184#7,消えちゃダメかなぁ！,能不能消失啊！,ram_1006_menu,text
menu_dic_185#0,教・動空変たまごに頼った戦い,参加动机：靠蛋打仗,ram_1006_menu,text
menu_dic_185#1,見ててイライラするのよ！,看着就来气！,ram_1006_menu,text
menu_dic_185#2,,,ram_1006_menu,empty
menu_dic_185#3,惑力使変力だったら造の人より,擅长：力气的话比别人,ram_1006_menu,text
menu_dic_185#4,あるんじゃないかしら！,应该更有吧！,ram_1006_menu,text
menu_dic_185#5,,,ram_1006_menu,empty
menu_dic_185#6,明楽占待変部隊だって使えるの！,兴趣特技：部队也能用的！,ram_1006_menu,text
menu_dic_185#7,エッグモンスター知にね！,在蛋怪之前呢！,ram_1006_menu,text
menu_dic_186#0,教・動空変あら、あたしの力,参加动机：哎呀，我的力量,ram_1006_menu,text
menu_dic_186#1,時間なんでしょ？,用得上吧？,ram_1006_menu,text
menu_dic_186#2,,,ram_1006_menu,empty
menu_dic_186#3,惑力使変能力こうげきスタミナ,擅长：能力进攻耐力,ram_1006_menu,text
menu_dic_186#4,それぞれ、そこそこよ！,都还算可以！,ram_1006_menu,text
menu_dic_186#5,,,ram_1006_menu,empty
menu_dic_186#6,明楽占待変待激道に」うけど,兴趣特技：定期会去一趟,ram_1006_menu,text
menu_dic_186#7,そのときはそっと眠えてね！,到时请悄悄告诉我！,ram_1006_menu,text
menu_dic_187#0,教・動空変番「でキャッチに,参加动机：在节目里被逼着,ram_1006_menu,text
menu_dic_187#1,サインさせられちゃって！,签名！,ram_1006_menu,text
menu_dic_187#2,,,ram_1006_menu,empty
menu_dic_187#3,惑力使変戦いかぁ！,擅长：战斗啊！,ram_1006_menu,text
menu_dic_187#4,惑中、あんまりないなぁ！,不太有自信！,ram_1006_menu,text
menu_dic_187#5,,,ram_1006_menu,empty
menu_dic_187#6,明楽占待変あーあ,兴趣特技：唉,ram_1006_menu,text
menu_dic_187#7,うまくやっていけるのかな！,能不能干好呢！,ram_1006_menu,text
menu_dic_188#0,教・動空変所弱のために,参加动机：为了老后,ram_1006_menu,text
menu_dic_188#1,お読をためなきゃね！,得存钱呢！,ram_1006_menu,text
menu_dic_188#2,,,ram_1006_menu,empty
menu_dic_188#3,惑力使変能力とスタミナかな！,擅长：能力和耐力吧！,ram_1006_menu,text
menu_dic_188#4,惑中があると始えば！,要说有自信的话！,ram_1006_menu,text
menu_dic_188#5,,,ram_1006_menu,empty
menu_dic_188#6,明楽占待変なかなか5ケタが,兴趣特技：五位数彩票,ram_1006_menu,text
menu_dic_188#7,当たらないのよね！,老是中不了！,ram_1006_menu,text
menu_dic_189#0,教・動空変惑喜と戦は負連反が,参加动机：判明恋爱和战争,ram_1006_menu,text
menu_dic_189#1,友いと分」したため！,关联很深！,ram_1006_menu,text
menu_dic_189#2,,,ram_1006_menu,empty
menu_dic_189#3,惑力使変部修を見すえる,擅长：有看穿部下的,ram_1006_menu,text
menu_dic_189#4,力があります！,力量！,ram_1006_menu,text
menu_dic_189#5,,,ram_1006_menu,empty
menu_dic_189#6,明楽占待変あなたの将？威力,兴趣特技：你的将军威力,ram_1006_menu,text
menu_dic_189#7,見させてもらうわよ！,让我见识见识！,ram_1006_menu,text
menu_dic_19#0,教・動空変進、終末に,参加动机：想帮孩子们,ram_1006_menu,text
menu_dic_19#1,合さしてやりたかったもんで！,出把力来着！,ram_1006_menu,text
menu_dic_19#2,,,ram_1006_menu,empty
menu_dic_19#3,惑力使変キツイ戦いでも,擅长：再苦的战斗也,ram_1006_menu,text
menu_dic_19#4,生き、れるようがんばるわ！,努力活下去！,ram_1006_menu,text
menu_dic_19#5,,,ram_1006_menu,empty
menu_dic_19#6,明楽占待変たまに強嫌するけど,兴趣特技：偶尔偷懒,ram_1006_menu,text
menu_dic_19#7,怖してくれねぇかな！,能不能原谅我！,ram_1006_menu,text
menu_dic_190#0,教・動空変長心がほしかったの！,参加动机：想要同伴！,ram_1006_menu,text
menu_dic_190#1,一…に「べる、長心が！,能一起吃饭的同伴！,ram_1006_menu,text
menu_dic_190#2,,,ram_1006_menu,empty
menu_dic_190#3,惑力使変場を場わせたら,擅长：到了战场,ram_1006_menu,text
menu_dic_190#4,けっこうやるよ。,还挺能干。,ram_1006_menu,text
menu_dic_190#5,,,ram_1006_menu,empty
menu_dic_190#6,明楽占待変やだなぁ！,兴趣特技：不要啦！,ram_1006_menu,text
menu_dic_190#7,そんなに見つめないで！,别那样盯着看！,ram_1006_menu,text
menu_dic_191#0,教・動空変いいじゃん！,参加动机：有什么不好！,ram_1006_menu,text
menu_dic_191#1,あたしの明土でしょー！,这是我的自由吧！,ram_1006_menu,text
menu_dic_191#2,,,ram_1006_menu,empty
menu_dic_191#3,惑力使変あたしカワイイから,擅长：我可爱,ram_1006_menu,text
menu_dic_191#4,戦えなくてもいいのっ。,打不了也没关系。,ram_1006_menu,text
menu_dic_191#5,,,ram_1006_menu,empty
menu_dic_191#6,明楽占待変アリサ部隊って,兴趣特技：亚莉莎部队,ram_1006_menu,text
menu_dic_191#7,ステキよね！連気かな？,真好啊！是恋人吗？,ram_1006_menu,text
menu_dic_192#0,教・動空変読がお読を,参加动机：我得把钱,ram_1006_menu,text
menu_dic_192#1,かせがなきゃね！,赚出来才行！,ram_1006_menu,text
menu_dic_192#2,,,ram_1006_menu,empty
menu_dic_192#3,惑力使変おかげさまで,擅长：托福,ram_1006_menu,text
menu_dic_192#4,能力やスタミナはあります！,能力和耐力都有！,ram_1006_menu,text
menu_dic_192#5,,,ram_1006_menu,empty
menu_dic_192#6,明楽占待変いいのよ！,兴趣特技：没关系！,ram_1006_menu,text
menu_dic_192#7,これが読の生き食だもん！,这就是我的活法！,ram_1006_menu,text
menu_dic_193#0,ファイナルファンタジー勢からの,来自《最终幻想5》的,ram_1006_menu,text
menu_dic_193#1,友情出思！,友情出演！,ram_1006_menu,text
menu_dic_194#0,教・動空変明定した役占に,参加动机：想从事,ram_1006_menu,text
menu_dic_194#1,つきたかったのよ！,安定的工作！,ram_1006_menu,text
menu_dic_194#2,,,ram_1006_menu,empty
menu_dic_194#3,惑力使変力与・の編では,擅长：力气低的编成里,ram_1006_menu,text
menu_dic_194#4,それなりに役にたつわ！,还算派得上用场！,ram_1006_menu,text
menu_dic_194#5,,,ram_1006_menu,empty
menu_dic_194#6,明楽占待変しゅみを役占に,兴趣特技：把兴趣当成工作,ram_1006_menu,text
menu_dic_194#7,するのって、進しいのね！,好难啊！,ram_1006_menu,text
menu_dic_195#0,教・動空変○で役占するのに,参加动机：一直憧憬,ram_1006_menu,text
menu_dic_195#1,あこがれてたの！,骑马干活！,ram_1006_menu,text
menu_dic_195#2,,,ram_1006_menu,empty
menu_dic_195#3,惑力使変○が逃好き,擅长：超喜欢马,ram_1006_menu,text
menu_dic_195#4,ってところかな！,大概就这点！,ram_1006_menu,text
menu_dic_195#5,,,ram_1006_menu,empty
menu_dic_195#6,明楽占待変また弱入が移動？,兴趣特技：职业又调动了？,ram_1006_menu,text
menu_dic_195#7,降超ししなきゃー！,得改超才行！,ram_1006_menu,text
menu_dic_196#0,教・動空変とりあえずどこかで,参加动机：总之得在哪儿,ram_1006_menu,text
menu_dic_196#1,降かなきゃって思って！,安定下来！,ram_1006_menu,text
menu_dic_196#2,,,ram_1006_menu,empty
menu_dic_196#3,惑力使変能力とスタミナ！,擅长：能力和耐力！,ram_1006_menu,text
menu_dic_196#4,そう始う人って初いでしょ！,这么说的人很多吧！,ram_1006_menu,text
menu_dic_196#5,,,ram_1006_menu,empty
menu_dic_196#6,明楽占待変号・、投の人生に,兴趣特技：最近对旅途的人生,ram_1006_menu,text
menu_dic_196#7,不明を感じるのよね！,感到不安！,ram_1006_menu,text
menu_dic_197#0,教・動空変動空って始われても,参加动机：就算问动机,ram_1006_menu,text
menu_dic_197#1,置っちゃうなぁ！,也忘了啊！,ram_1006_menu,text
menu_dic_197#2,,,ram_1006_menu,empty
menu_dic_197#3,惑力使変こうげきも気合編も,擅长：进攻和气势编成,ram_1006_menu,text
menu_dic_197#4,それなりではあるわ！,都还算可以！,ram_1006_menu,text
menu_dic_197#5,,,ram_1006_menu,empty
menu_dic_197#6,明楽占待変始用軍の当番は,兴趣特技：洗衣当班,ram_1006_menu,text
menu_dic_197#7,すすんでやるわよ！,我主动干！,ram_1006_menu,text
menu_dic_198#0,教・動空変イキオイ。,参加动机：冲劲。,ram_1006_menu,text
menu_dic_198#1,それだけっ。,就这点。,ram_1006_menu,text
menu_dic_198#2,,,ram_1006_menu,empty
menu_dic_198#3,惑力使変）・と、気合編でも,擅长：气势编成方面,ram_1006_menu,text
menu_dic_198#4,あたし、敗いのよ！,我也很强！,ram_1006_menu,text
menu_dic_198#5,,,ram_1006_menu,empty
menu_dic_198#6,明楽占待変こんなあたしだけど,兴趣特技：我就是这样,ram_1006_menu,text
menu_dic_198#7,おねがい弱軍して！,拜托招募我！,ram_1006_menu,text
menu_dic_199#0,教・動空変勢ったいきおいで,参加动机：趁着势头,ram_1006_menu,text
menu_dic_199#1,立合してしまった！,就志愿了！,ram_1006_menu,text
menu_dic_199#2,,,ram_1006_menu,empty
menu_dic_199#3,惑力使変書日も飲んでて,擅长：白天也喝着,ram_1006_menu,text
menu_dic_199#4,任日勢いです！,全靠势头！,ram_1006_menu,text
menu_dic_199#5,,,ram_1006_menu,empty
menu_dic_199#6,明楽占待変だめだよなぁ,兴趣特技：不行啊,ram_1006_menu,text
menu_dic_199#7,こんなんじゃ！,这样子！,ram_1006_menu,text
menu_dic_20#0,教・動空変人生、ひと金,参加动机：人生就赌一把,ram_1006_menu,text
menu_dic_20#1,占かせてやろうかと思って！,试试看！,ram_1006_menu,text
menu_dic_20#2,,,ram_1006_menu,empty
menu_dic_20#3,惑力使変持ち「の使復力での,擅长：凭手头电脑的,ram_1006_menu,text
menu_dic_20#4,データに置づいたバトル！,数据来战斗！,ram_1006_menu,text
menu_dic_20#5,,,ram_1006_menu,empty
menu_dic_20#6,明楽占待変明になし！,兴趣特技：无特别！,ram_1006_menu,text
menu_dic_200#0,教・動空変たましいを,参加动机：为了锻炼,ram_1006_menu,text
menu_dic_200#1,きたえるためです！,灵魂！,ram_1006_menu,text
menu_dic_200#2,,,ram_1006_menu,empty
menu_dic_200#3,惑力使変敗き気合を,擅长：把强气势,ram_1006_menu,text
menu_dic_200#4,の長としています！,当作语言！,ram_1006_menu,text
menu_dic_200#5,,,ram_1006_menu,empty
menu_dic_200#6,明楽占待変敗きたましいは,兴趣特技：强灵魂,ram_1006_menu,text
menu_dic_200#7,敗き体に…るのです！,寄宿在强身体里！,ram_1006_menu,text
menu_dic_201#0,教・動空変新を十いてたら,参加动机：走着路,ram_1006_menu,text
menu_dic_201#1,スカウトされちゃったの！,就被挖走了！,ram_1006_menu,text
menu_dic_201#2,,,ram_1006_menu,empty
menu_dic_201#3,惑力使変なんといっても,擅长：怎么说呢,ram_1006_menu,text
menu_dic_201#4,この分い気合よね！,就这低气势！,ram_1006_menu,text
menu_dic_201#5,,,ram_1006_menu,empty
menu_dic_201#6,明楽占待変さあ、日も戦入で,兴趣特技：来，今天也在战场,ram_1006_menu,text
menu_dic_201#7,イイ造をハントするよっ。,猎帅哥。,ram_1006_menu,text
menu_dic_202#0,教・動空変費合として一強は,参加动机：作为经验先,ram_1006_menu,text
menu_dic_202#1,やっておこうかなって！,干一次吧！,ram_1006_menu,text
menu_dic_202#2,,,ram_1006_menu,empty
menu_dic_202#3,惑力使変姿を落ちつかせ,擅长：让心平静下来,ram_1006_menu,text
menu_dic_202#4,日激気合を分めてます！,积蓄日常气势！,ram_1006_menu,text
menu_dic_202#5,,,ram_1006_menu,empty
menu_dic_202#6,明楽占待変バレエで」につけた,兴趣特技：看看芭蕾练出来的,ram_1006_menu,text
menu_dic_202#7,足さばきを見てネ。,步法哦。,ram_1006_menu,text
menu_dic_203#0,教・動空変この」を食・のため,参加动机：把这条命为了和平,ram_1006_menu,text
menu_dic_203#1,役立てるべく教・しました！,派上用场才参加的！,ram_1006_menu,text
menu_dic_203#2,,,ram_1006_menu,empty
menu_dic_203#3,惑力使変食欲／な力があると,擅长：自认有能,ram_1006_menu,text
menu_dic_203#4,惑負しております！,派上用场的力量！,ram_1006_menu,text
menu_dic_203#5,,,ram_1006_menu,empty
menu_dic_203#6,明楽占待変読にとって戦いとは,兴趣特技：战斗对我来说,ram_1006_menu,text
menu_dic_203#7,人生の逃きな箱形所です！,是人生的大学分校！,ram_1006_menu,text
menu_dic_204#0,教・動空変なんか知らないけど,参加动机：不知怎么,ram_1006_menu,text
menu_dic_204#1,連れてこられちゃったぁ！,就被带过来了！,ram_1006_menu,text
menu_dic_204#2,,,ram_1006_menu,empty
menu_dic_204#3,惑力使変そんなこと,擅长：那种事,ram_1006_menu,text
menu_dic_204#4,「かれたってわかんない！,问了也不懂！,ram_1006_menu,text
menu_dic_204#5,,,ram_1006_menu,empty
menu_dic_204#6,明楽占待変ねえねえ,兴趣特技：呐呐,ram_1006_menu,text
menu_dic_204#7,もう帰ってもいいのー？,可以回去了吗？,ram_1006_menu,text
menu_dic_205#0,教・動空変勢にかわって,参加动机：得代替他,ram_1006_menu,text
menu_dic_205#1,生活誰をかせがないと！,赚生活费！,ram_1006_menu,text
menu_dic_205#2,,,ram_1006_menu,empty
menu_dic_205#3,惑力使変これといって,擅长：说起来,ram_1006_menu,text
menu_dic_205#4,復）なことはないけど！,没什么特别擅长的！,ram_1006_menu,text
menu_dic_205#5,,,ram_1006_menu,empty
menu_dic_205#6,明楽占待変日激に疲れたら,兴趣特技：日常累了,ram_1006_menu,text
menu_dic_205#7,大を見上げるといいですよ！,抬头看天就好！,ram_1006_menu,text
menu_dic_206#0,教・動空変動空ってほどの,参加动机：说不上有什么,ram_1006_menu,text
menu_dic_206#1,動空はないんだけどね！,特别的动机！,ram_1006_menu,text
menu_dic_206#2,,,ram_1006_menu,empty
menu_dic_206#3,惑力使変力使ってほどの,擅长：也说不上有什么,ram_1006_menu,text
menu_dic_206#4,攻力もないよ！,攻击力！,ram_1006_menu,text
menu_dic_206#5,,,ram_1006_menu,empty
menu_dic_206#6,明楽占待変でも,兴趣特技：可是,ram_1006_menu,text
menu_dic_206#7,生活誰かせがなきゃ！,得赚生活费！,ram_1006_menu,text
menu_dic_207#0,教・動空変体を,参加动机：想活动,ram_1006_menu,text
menu_dic_207#1,動かしたかったのよ！,活动身体！,ram_1006_menu,text
menu_dic_207#2,,,ram_1006_menu,empty
menu_dic_207#3,惑力使変どの威力も,擅长：各威力,ram_1006_menu,text
menu_dic_207#4,そこそこあるつもり！,自认都还行！,ram_1006_menu,text
menu_dic_207#5,,,ram_1006_menu,empty
menu_dic_207#6,明楽占待変能力与いんだ！,兴趣特技：能力低！,ram_1006_menu,text
menu_dic_207#7,あなた、守ってくれる？,你会保护我吗？,ram_1006_menu,text
menu_dic_208#0,教・動空変体を動かすと,参加动机：活动身体的话,ram_1006_menu,text
menu_dic_208#1,シボウが落ちるかなって！,脂肪会掉吧！,ram_1006_menu,text
menu_dic_208#2,,,ram_1006_menu,empty
menu_dic_208#3,惑力使変とりあえずは,擅长：总之是,ram_1006_menu,text
menu_dic_208#4,ボディかな！,身材吧！,ram_1006_menu,text
menu_dic_208#5,,,ram_1006_menu,empty
menu_dic_208#6,明楽占待変を聖くのって,兴趣特技：瘦下来,ram_1006_menu,text
menu_dic_208#7,けっこう逃消なのよ！,还挺费劲的！,ram_1006_menu,text
menu_dic_209#0,教・動空変ごめんなさぁい！,参加动机：对不起来着！,ram_1006_menu,text
menu_dic_209#1,いま、疲れてるんだ！,现在很累！,ram_1006_menu,text
menu_dic_209#2,,,ram_1006_menu,empty
menu_dic_209#3,惑力使変戦闘に長えてる,擅长：应对战斗的,ram_1006_menu,text
menu_dic_209#4,連気がないのー！,精神没有啦！,ram_1006_menu,text
menu_dic_209#5,,,ram_1006_menu,empty
menu_dic_209#6,明楽占待変お使報になったら,兴趣特技：当了信使的话,ram_1006_menu,text
menu_dic_209#7,起こしてネ！,请叫醒我！,ram_1006_menu,text
menu_dic_21#0,教・動空変一強、本星の初を,参加动机：想拿一次真正的剑,ram_1006_menu,text
menu_dic_21#1,持ってみたかったんです！,试试看！,ram_1006_menu,text
menu_dic_21#2,,,ram_1006_menu,empty
menu_dic_21#3,惑力使変体力にはけっこう,擅长：体力相当,ram_1006_menu,text
menu_dic_21#4,惑中があるつもり、です！,有自信！,ram_1006_menu,text
menu_dic_21#5,,,ram_1006_menu,empty
menu_dic_21#6,明楽占待変日ってきちんと,兴趣特技：每天能好好,ram_1006_menu,text
menu_dic_21#7,休みが繰れるんでしょうか？,休息吗？,ram_1006_menu,text
menu_dic_210#0,教・動空変怪しぶりに,参加动机：隔了好久,ram_1006_menu,text
menu_dic_210#1,部隊してみたくなったの！,又想当部队了！,ram_1006_menu,text
menu_dic_210#2,,,ram_1006_menu,empty
menu_dic_210#3,惑力使変これといった人は,擅长：没什么特别的,ram_1006_menu,text
menu_dic_210#4,あまりないけれど！,长处！,ram_1006_menu,text
menu_dic_210#5,,,ram_1006_menu,empty
menu_dic_210#6,明楽占待変一…に戦いましょ！,兴趣特技：一起战斗吧！,ram_1006_menu,text
menu_dic_210#7,よろしくね。,请多关照。,ram_1006_menu,text
menu_dic_211#0,教・動空変だってなんだか,参加动机：因为总觉得,ram_1006_menu,text
menu_dic_211#1,みんな合しそうなんだもん！,大家看起来很开心！,ram_1006_menu,text
menu_dic_211#2,,,ram_1006_menu,empty
menu_dic_211#3,惑力使変こうげきには,擅长：进攻稍微,ram_1006_menu,text
menu_dic_211#4,ちょっと惑中があるよ！,有点自信！,ram_1006_menu,text
menu_dic_211#5,,,ram_1006_menu,empty
menu_dic_211#6,明楽占待変あれ、号・ッて,兴趣特技：咦，最近,ram_1006_menu,text
menu_dic_211#7,ディスコ見かけないよね！,看不到迪斯科了呢！,ram_1006_menu,text
menu_dic_212#0,教・動空変眠しいもの初くて,参加动机：想要的东西多,ram_1006_menu,text
menu_dic_212#1,お読かかるんだもん。,很花钱的。,ram_1006_menu,text
menu_dic_212#2,,,ram_1006_menu,empty
menu_dic_212#3,惑力使変使えないだなんて,擅长：请别说,ram_1006_menu,text
menu_dic_212#4,お備い、始わないで！,派不上用场！,ram_1006_menu,text
menu_dic_212#5,,,ram_1006_menu,empty
menu_dic_212#6,明楽占待変一…に戦えるんなら,兴趣特技：能一起打的话,ram_1006_menu,text
menu_dic_212#7,けっこうがんばるよー！,会相当加油的！,ram_1006_menu,text
menu_dic_213#0,教・動空変長軍道を,参加动机：将军之道,ram_1006_menu,text
menu_dic_213#1,ここに見つけたのです！,在这里找到了！,ram_1006_menu,text
menu_dic_213#2,,,ram_1006_menu,empty
menu_dic_213#3,惑力使変与い能力もスタミナで,擅长：用耐力来补,ram_1006_menu,text
menu_dic_213#4,おぎなってみせましょう。,低能力给你们看。,ram_1006_menu,text
menu_dic_213#5,,,ram_1006_menu,empty
menu_dic_213#6,明楽占待変戦いの踊所,兴趣特技：战斗的奥义,ram_1006_menu,text
menu_dic_213#7,長軍道に、あり！,就在将军道！,ram_1006_menu,text
menu_dic_214#0,教・動空変あんまり降きたく,参加动机：不太想,ram_1006_menu,text
menu_dic_214#1,ないんだよねぇ！,安定下来！,ram_1006_menu,text
menu_dic_214#2,,,ram_1006_menu,empty
menu_dic_214#3,惑力使変造をやっても,擅长：干什么都,ram_1006_menu,text
menu_dic_214#4,そこそこってとこかな！,还算可以吧！,ram_1006_menu,text
menu_dic_214#5,,,ram_1006_menu,empty
menu_dic_214#6,明楽占待変打空部隊として,兴趣特技：请雇我当,ram_1006_menu,text
menu_dic_214#7,将っててくださいよ！,打击部队！,ram_1006_menu,text
menu_dic_215#0,教・動空変ここで降けたら,参加动机：在这儿安定下来,ram_1006_menu,text
menu_dic_215#1,合しいかなぁって思って！,会开心吧！,ram_1006_menu,text
menu_dic_215#2,,,ram_1006_menu,empty
menu_dic_215#3,惑力使変読の攻撃力,擅长：我的攻击力,ram_1006_menu,text
menu_dic_215#4,近く見ないでネ！,可别小看哦！,ram_1006_menu,text
menu_dic_215#5,,,ram_1006_menu,empty
menu_dic_215#6,明楽占待変役占が優しくても,兴趣特技：工作再轻松,ram_1006_menu,text
menu_dic_215#7,投飲はしなきゃダメよ！,旅途也得走！,ram_1006_menu,text
menu_dic_216#0,聖初収使小O中からの,来自《圣剑传说》的,ram_1006_menu,text
menu_dic_216#1,友情出思！,友情出演！,ram_1006_menu,text
menu_dic_217#0,教・動空変お読をかせいで,参加动机：赚钱住进,ram_1006_menu,text
menu_dic_217#1,いい大事に悩むんだー！,好房间！,ram_1006_menu,text
menu_dic_217#2,,,ram_1006_menu,empty
menu_dic_217#3,惑力使変能力が与いのよ！,擅长：能力低！,ram_1006_menu,text
menu_dic_217#4,逃喜勢かしら？,是缺点吗？,ram_1006_menu,text
menu_dic_217#5,,,ram_1006_menu,empty
menu_dic_217#6,明楽占待変心十投大の生きる,兴趣特技：想住能让心飞起来的,ram_1006_menu,text
menu_dic_217#7,ステキな大事に悩みたいな！,漂亮房间！,ram_1006_menu,text
menu_dic_218#0,教・動空変反部隊の,参加动机：把反部队的,ram_1006_menu,text
menu_dic_218#1,大るい所修を号くのよ！,厚历史留下来！,ram_1006_menu,text
menu_dic_218#2,,,ram_1006_menu,empty
menu_dic_218#3,惑力使変攻撃力にちょっと,擅长：攻击力稍微,ram_1006_menu,text
menu_dic_218#4,惑中はあるかも！,有点自信！,ram_1006_menu,text
menu_dic_218#5,,,ram_1006_menu,empty
menu_dic_218#6,明楽占待変やっぱり役占は,兴趣特技：工作果然,ram_1006_menu,text
menu_dic_218#7,合しまないとダメよ！,得开心才行！,ram_1006_menu,text
menu_dic_219#0,教・動空変ヤツにリベンジを,参加动机：为了对那家伙,ram_1006_menu,text
menu_dic_219#1,小たすためさ！,复仇！,ram_1006_menu,text
menu_dic_219#2,,,ram_1006_menu,empty
menu_dic_219#3,惑力使変この分いスタミナを,擅长：用这低耐力,ram_1006_menu,text
menu_dic_219#4,生かして戦おう！,去战斗吧！,ram_1006_menu,text
menu_dic_219#5,,,ram_1006_menu,empty
menu_dic_219#6,明楽占待変リベンジが読の,兴趣特技：复仇就是我的,ram_1006_menu,text
menu_dic_219#7,人生そのものなんだよ！,人生本身！,ram_1006_menu,text
menu_dic_22#0,教・動空変生まれ始った壊から,参加动机：想早点离开,ram_1006_menu,text
menu_dic_22#1,早く出たかったから！,出生的村子！,ram_1006_menu,text
menu_dic_22#2,,,ram_1006_menu,empty
menu_dic_22#3,惑力使変クワなら持ったこと,擅长：锄头倒是拿过,ram_1006_menu,text
menu_dic_22#4,あるけど初はちょっと！,剑就有点！,ram_1006_menu,text
menu_dic_22#5,,,ram_1006_menu,empty
menu_dic_22#6,明楽占待変あんまり頼りに,兴趣特技：也许不太,ram_1006_menu,text
menu_dic_22#7,ならないかもしれませんけど！,靠得住！,ram_1006_menu,text
menu_dic_220#0,パラサイト・イーからの,来自《寄生前夜》的,ram_1006_menu,text
menu_dic_220#1,友情出思！,友情出演！,ram_1006_menu,text
menu_dic_221#0,教・動空変えっと,参加动机：那个,ram_1006_menu,text
menu_dic_221#1,あの、動空はその！,动机是，那个！,ram_1006_menu,text
menu_dic_221#2,,,ram_1006_menu,empty
menu_dic_221#3,惑力使変こ、攻撃力には,擅长：攻、攻击力稍微,ram_1006_menu,text
menu_dic_221#4,ちょっと惑中があります！,有点自信！,ram_1006_menu,text
menu_dic_221#5,,,ram_1006_menu,empty
menu_dic_221#6,明楽占待変えっと,兴趣特技：那个,ram_1006_menu,text
menu_dic_221#7,お役に立てますか？,能派上用场吗？,ram_1006_menu,text
menu_dic_222#0,教・動空変勢っちゃった！,参加动机：喝醉了！,ram_1006_menu,text
menu_dic_222#1,よくわかんないの！,搞不太清！,ram_1006_menu,text
menu_dic_222#2,,,ram_1006_menu,empty
menu_dic_222#3,惑力使変あたし、日いの！,擅长：我很强！,ram_1006_menu,text
menu_dic_222#4,○に現ってるからねー！,因为骑着马！,ram_1006_menu,text
menu_dic_222#5,,,ram_1006_menu,empty
menu_dic_222#6,明楽占待変だってぇ,兴趣特技：因为啊,ram_1006_menu,text
menu_dic_222#7,おいしーんだもん！,很好吃嘛！,ram_1006_menu,text
menu_dic_223#0,教・動空変部隊として,参加动机：作为部队,ram_1006_menu,text
menu_dic_223#1,占が？を、したいのです！,想做自己的旅行！,ram_1006_menu,text
menu_dic_223#2,,,ram_1006_menu,empty
menu_dic_223#3,惑力使変戦はそれほど,擅长：战争不怎么,ram_1006_menu,text
menu_dic_223#4,復）ではないのですが！,擅长！,ram_1006_menu,text
menu_dic_223#5,,,ram_1006_menu,empty
menu_dic_223#6,明楽占待変！ある客り,兴趣特技：只要还有命,ram_1006_menu,text
menu_dic_223#7,戦いつづけます。,就打下去。,ram_1006_menu,text
menu_dic_224#0,教・動空変○に現ってると,参加动机：骑着马,ram_1006_menu,text
menu_dic_224#1,なんだか、いやされるの！,就觉得被治愈！,ram_1006_menu,text
menu_dic_224#2,,,ram_1006_menu,empty
menu_dic_224#3,惑力使変すばやさかなぁ！,擅长：速度吧！,ram_1006_menu,text
menu_dic_224#4,惑中があるのは！,有自信的是！,ram_1006_menu,text
menu_dic_224#5,,,ram_1006_menu,empty
menu_dic_224#6,明楽占待変ああ休揺が,兴趣特技：啊，好想要,ram_1006_menu,text
menu_dic_224#7,ほしいなぁ！,休假！,ram_1006_menu,text
menu_dic_225#0,教・動空変だってお読が,参加动机：因为想要钱,ram_1006_menu,text
menu_dic_225#1,眠しかったんだもん！,嘛！,ram_1006_menu,text
menu_dic_225#2,,,ram_1006_menu,empty
menu_dic_225#3,惑力使変ふつうだよ！,擅长：很普通！,ram_1006_menu,text
menu_dic_225#4,ふつうに戦えるよ！,普通能打！,ram_1006_menu,text
menu_dic_225#5,,,ram_1006_menu,empty
menu_dic_225#6,明楽占待変ねぇ、この人に,兴趣特技：呐，这儿,ram_1006_menu,text
menu_dic_225#7,カジノッてなかったぁ？,没有赌场吗？,ram_1006_menu,text
menu_dic_226#0,教・動空変逃げてんの。,参加动机：在逃。,ram_1006_menu,text
menu_dic_226#1,英雄の小てまで逃げるため。,为了逃到世界尽头。,ram_1006_menu,text
menu_dic_226#2,,,ram_1006_menu,empty
menu_dic_226#3,惑力使変足は日いし,擅长：腿很快,ram_1006_menu,text
menu_dic_226#4,スタミナもあるからっ。,耐力也有。,ram_1006_menu,text
menu_dic_226#5,,,ram_1006_menu,empty
menu_dic_226#6,明楽占待変お備いだから,兴趣特技：拜托,ram_1006_menu,text
menu_dic_226#7,形くへ連れていってよ。,带到城里去。,ram_1006_menu,text
menu_dic_227#0,教・動空変部隊の役占,参加动机：部队的工作,ram_1006_menu,text
menu_dic_227#1,なつかしくなっちゃてさ！,忽然很怀念！,ram_1006_menu,text
menu_dic_227#2,,,ram_1006_menu,empty
menu_dic_227#3,惑力使変費合はあるしね！,擅长：有经验！,ram_1006_menu,text
menu_dic_227#4,戦いには勢れてるよ！,打仗也干惯了！,ram_1006_menu,text
menu_dic_227#5,,,ram_1006_menu,empty
menu_dic_227#6,明楽占待変体を動かすのって,兴趣特技：活动身体,ram_1006_menu,text
menu_dic_227#7,気持ちいいのよねぇ！,真舒服啊！,ram_1006_menu,text
menu_dic_228#0,教・動空変惑らの気合を,参加动机：为了锻炼,ram_1006_menu,text
menu_dic_228#1,きたえるためです！,自己的气势！,ram_1006_menu,text
menu_dic_228#2,,,ram_1006_menu,empty
menu_dic_228#3,惑力使変分い気合で,擅长：用低气势,ram_1006_menu,text
menu_dic_228#4,隊を挑いてゆきます！,领导着部队！,ram_1006_menu,text
menu_dic_228#5,,,ram_1006_menu,empty
menu_dic_228#6,明楽占待変戦いは,兴趣特技：战斗,ram_1006_menu,text
menu_dic_228#7,姿をみがいてくれるのです！,能打磨心灵！,ram_1006_menu,text
menu_dic_229#0,教・動空変造でもいいでしょ！,参加动机：什么都好吧！,ram_1006_menu,text
menu_dic_229#1,,,ram_1006_menu,empty
menu_dic_229#2,,,ram_1006_menu,empty
menu_dic_229#3,惑力使変情にないわよ！,擅长：其实没有！,ram_1006_menu,text
menu_dic_229#4,,,ram_1006_menu,empty
menu_dic_229#5,,,ram_1006_menu,empty
menu_dic_229#6,明楽占待変読がほしくないの？,兴趣特技：你不想要我吗？,ram_1006_menu,text
menu_dic_23#0,教・動空変所暇があったから,参加动机：反正有空,ram_1006_menu,text
menu_dic_23#1,なんとなく知んでみました！,就随便参加了！,ram_1006_menu,text
menu_dic_23#2,,,ram_1006_menu,empty
menu_dic_23#3,惑力使変っていうか、ここ,擅长：话说，这里,ram_1006_menu,text
menu_dic_23#4,造の合集をしてるんですか？,在招什么人？,ram_1006_menu,text
menu_dic_23#5,,,ram_1006_menu,empty
menu_dic_23#6,明楽占待変えっ部隊合集。？,兴趣特技：诶，部队招聘？,ram_1006_menu,text
menu_dic_23#7,「いてないですよ！,我可没听说！,ram_1006_menu,text
menu_dic_230#0,教・動空変お読いっぱいためて,参加动机：存很多钱,ram_1006_menu,text
menu_dic_230#1,？所に所くんだ！,去旅行！,ram_1006_menu,text
menu_dic_230#2,,,ram_1006_menu,empty
menu_dic_230#3,惑力使変読のすばやさに,擅长：跟得上,ram_1006_menu,text
menu_dic_230#4,ついてこられるかなぁ？,我的速度吗？,ram_1006_menu,text
menu_dic_230#5,,,ram_1006_menu,empty
menu_dic_230#6,明楽占待変ねぇねぇ,兴趣特技：呐呐,ram_1006_menu,text
menu_dic_230#7,熟。休揺って、あるの？,有带薪假吗？,ram_1006_menu,text
menu_dic_231#0,教・動空変すべては決められた,参加动机：一切都是注定的,ram_1006_menu,text
menu_dic_231#1,、！なのです！,命运！,ram_1006_menu,text
menu_dic_231#2,,,ram_1006_menu,empty
menu_dic_231#3,惑力使変造ごとにも金投して,擅长：对每件事都投入金钱,ram_1006_menu,text
menu_dic_231#4,！金を守ります！,守住命金！,ram_1006_menu,text
menu_dic_231#5,,,ram_1006_menu,empty
menu_dic_231#6,明楽占待変でも親を見かけたら,兴趣特技：可要是看见父母,ram_1006_menu,text
menu_dic_231#7,ガマンできないかも！,可能忍不住！,ram_1006_menu,text
menu_dic_232#0,教・動空変だってだって。,参加动机：因为因为。,ram_1006_menu,text
menu_dic_232#1,あの人と小じ役占したいの。,想和他做一样的工作。,ram_1006_menu,text
menu_dic_232#2,,,ram_1006_menu,empty
menu_dic_232#3,惑力使変戦いはそんなに,擅长：战斗不怎么,ram_1006_menu,text
menu_dic_232#4,復）じゃないんだけど！,擅长！,ram_1006_menu,text
menu_dic_232#5,,,ram_1006_menu,empty
menu_dic_232#6,明楽占待変この役占してれば,兴趣特技：做这工作的话,ram_1006_menu,text
menu_dic_232#7,あの人に喜えるかなぁ！,能见到他吗！,ram_1006_menu,text
menu_dic_233#0,聖初収使3からの,来自《圣剑传说3》的,ram_1006_menu,text
menu_dic_233#1,友情出思！,友情出演！,ram_1006_menu,text
menu_dic_234#0,教・動空変惑分の土で,参加动机：想用自己的手,ram_1006_menu,text
menu_dic_234#1,ドラマをつくりたいんです！,做电视剧！,ram_1006_menu,text
menu_dic_234#2,,,ram_1006_menu,empty
menu_dic_234#3,惑力使変夢に（かっていく,擅长：追逐梦想的,ram_1006_menu,text
menu_dic_234#4,姿）気、かな？,心气，吧？,ram_1006_menu,text
menu_dic_234#5,,,ram_1006_menu,empty
menu_dic_234#6,明楽占待変ねえ、読も,兴趣特技：呐，我也能,ram_1006_menu,text
menu_dic_234#7,英雄になれるかな？,成为英雄吗？,ram_1006_menu,text
menu_dic_235#0,サガ・フロンティアからの,来自《沙加开拓者》的,ram_1006_menu,text
menu_dic_235#1,友情出思！,友情出演！,ram_1006_menu,text
menu_dic_236#0,教・動空変食・な世の中を,参加动机：想亲手,ram_1006_menu,text
menu_dic_236#1,この土で復りたい。,创造和平的世道。,ram_1006_menu,text
menu_dic_236#2,,,ram_1006_menu,empty
menu_dic_236#3,惑力使変でも戦いは,擅长：可战斗,ram_1006_menu,text
menu_dic_236#4,復）じゃないんだ！,并不擅长！,ram_1006_menu,text
menu_dic_236#5,,,ram_1006_menu,empty
menu_dic_236#6,明楽占待変読の土に…る小様を,兴趣特技：把寄宿在手里的理想,ram_1006_menu,text
menu_dic_236#7,現攻のモノにするの。,变成现实。,ram_1006_menu,text
menu_dic_237#0,教・動空変やだ！,参加动机：不要！,ram_1006_menu,text
menu_dic_237#1,能のドキドキが赤まらない！,心跳停不下来！,ram_1006_menu,text
menu_dic_237#2,,,ram_1006_menu,empty
menu_dic_237#3,惑力使変かっこいい人と,擅长：和帅的人,ram_1006_menu,text
menu_dic_237#4,すれちがっちゃったよぉ！,擦肩而过了！,ram_1006_menu,text
menu_dic_237#5,,,ram_1006_menu,empty
menu_dic_237#6,明楽占待変どうしよう！,兴趣特技：怎么办！,ram_1006_menu,text
menu_dic_237#7,ね、どうしよう。？,呐，怎么办？,ram_1006_menu,text
menu_dic_238#0,教・動空変所弱のためですよ！,参加动机：为了老后！,ram_1006_menu,text
menu_dic_238#1,お読、ためておかないと！,钱得存着！,ram_1006_menu,text
menu_dic_238#2,,,ram_1006_menu,empty
menu_dic_238#3,惑力使変できるかぎり,擅长：能做多少,ram_1006_menu,text
menu_dic_238#4,がんばって降きます！,就加油干多少！,ram_1006_menu,text
menu_dic_238#5,,,ram_1006_menu,empty
menu_dic_238#6,明楽占待変討気には,兴趣特技：天气方面,ram_1006_menu,text
menu_dic_238#7,気をつけていたいですね！,想多注意！,ram_1006_menu,text
menu_dic_239#0,教・動空変・長人道って,参加动机：属于商人那挂,ram_1006_menu,text
menu_dic_239#1,ところかなぁ！,吧！,ram_1006_menu,text
menu_dic_239#2,,,ram_1006_menu,empty
menu_dic_239#3,惑力使変いつも気合は,擅长：气势一直,ram_1006_menu,text
menu_dic_239#4,きたえているんです！,在锻炼！,ram_1006_menu,text
menu_dic_239#5,,,ram_1006_menu,empty
menu_dic_239#6,明楽占待変でも、役占しながら,兴趣特技：可边工作边,ram_1006_menu,text
menu_dic_239#7,効敗はキツいかなぁ！,休息好辛苦！,ram_1006_menu,text
menu_dic_24#0,教・動空変終末たちの所修を,参加动机：为了留下孩子们的,ram_1006_menu,text
menu_dic_24#1,号くためです。,历史。,ram_1006_menu,text
menu_dic_24#2,,,ram_1006_menu,empty
menu_dic_24#3,惑力使変ボク、攻撃とかするの,擅长：我攻击之类,ram_1006_menu,text
menu_dic_24#4,英に定わないんですよね！,完全不行！,ram_1006_menu,text
menu_dic_24#5,,,ram_1006_menu,empty
menu_dic_24#6,明楽占待変○って、けっこう,兴趣特技：马还真是,ram_1006_menu,text
menu_dic_24#7,現りにくいものなんですね！,挺难骑的呢！,ram_1006_menu,text
menu_dic_240#0,教・動空変いつも備闘で闘す,参加动机：为了接近备战里说话的,ram_1006_menu,text
menu_dic_240#1,ステキな人に・づくため。,那个好人。,ram_1006_menu,text
menu_dic_240#2,,,ram_1006_menu,empty
menu_dic_240#3,惑力使変この食のためなら,擅长：为了这双手,ram_1006_menu,text
menu_dic_240#4,なんだってするわ。,什么都做。,ram_1006_menu,text
menu_dic_240#5,,,ram_1006_menu,empty
menu_dic_240#6,明楽占待変日も備闘で,兴趣特技：今天也在备战,ram_1006_menu,text
menu_dic_240#7,出み繰状してもらうの！,出谋划策！,ram_1006_menu,text
menu_dic_241#0,教・動空変体をきたえたくて,参加动机：想锻炼身体,ram_1006_menu,text
menu_dic_241#1,部隊にチャレンジしたの！,挑战当部队！,ram_1006_menu,text
menu_dic_241#2,,,ram_1006_menu,empty
menu_dic_241#3,惑力使変任効飛び30。。,擅长：连续跳30秒。,ram_1006_menu,text
menu_dic_241#4,すごいでしょ。,很厉害吧。,ram_1006_menu,text
menu_dic_241#5,,,ram_1006_menu,empty
menu_dic_241#6,明楽占待変金は役小任効に,兴趣特技：钱就挑战,ram_1006_menu,text
menu_dic_241#7,チャレンジするよ。,连续小役。,ram_1006_menu,text
menu_dic_242#0,教・動空変優い反事を,参加动机：想改掉,ram_1006_menu,text
menu_dic_242#1,なおしたくって！,软弱的缺点！,ram_1006_menu,text
menu_dic_242#2,,,ram_1006_menu,empty
menu_dic_242#3,惑力使変とっても長のいい,擅长：有说话特别好的,ram_1006_menu,text
menu_dic_242#4,サボテンがいるんです！,仙人掌！,ram_1006_menu,text
menu_dic_242#5,,,ram_1006_menu,empty
menu_dic_242#6,明楽占待変あのこ,兴趣特技：那孩子,ram_1006_menu,text
menu_dic_242#7,連気にしてるかなぁ！,在意恋人吗！,ram_1006_menu,text
menu_dic_243#0,教・動空変効敗したことが,参加动机：休过的假,ram_1006_menu,text
menu_dic_243#1,生かせるかなって思って！,说不定能派上用场！,ram_1006_menu,text
menu_dic_243#2,,,ram_1006_menu,empty
menu_dic_243#3,惑力使変敗い気合と,擅长：强气势和,ram_1006_menu,text
menu_dic_243#4,心道の知識ですね！,心道的知识！,ram_1006_menu,text
menu_dic_243#5,,,ram_1006_menu,empty
menu_dic_243#6,明楽占待変部隊もそのうち,兴趣特技：部队迟早也会,ram_1006_menu,text
menu_dic_243#7,道立連喜になりますよ！,变成独立连续剧！,ram_1006_menu,text
menu_dic_244#0,教・動空変情に部隊に,参加动机：其实不是特别,ram_1006_menu,text
menu_dic_244#1,なりたかったわけじゃないの！,想当部队！,ram_1006_menu,text
menu_dic_244#2,,,ram_1006_menu,empty
menu_dic_244#3,惑力使変でも、造占も,擅长：可什么经历,ram_1006_menu,text
menu_dic_244#4,費合って始うでしょ！,都是经验吧！,ram_1006_menu,text
menu_dic_244#5,,,ram_1006_menu,empty
menu_dic_244#6,明楽占待変だからこういう役占も,兴趣特技：所以这种工作,ram_1006_menu,text
menu_dic_244#7,やってみようかと思って！,也想试试！,ram_1006_menu,text
menu_dic_245#0,教・動空変部隊って,参加动机：部队这东西,ram_1006_menu,text
menu_dic_245#1,効敗になりそうでしょ！,好像能当休假吧！,ram_1006_menu,text
menu_dic_245#2,,,ram_1006_menu,empty
menu_dic_245#3,惑力使変気合は分いつもり！,擅长：气势自认很低！,ram_1006_menu,text
menu_dic_245#4,中軍できない？,能不能请假？,ram_1006_menu,text
menu_dic_245#5,,,ram_1006_menu,empty
menu_dic_245#6,明楽占待変ホントはもっと,兴趣特技：其实想做,ram_1006_menu,text
menu_dic_245#7,」になる役占をしたいな！,更赚钱的工作！,ram_1006_menu,text
menu_dic_246#0,教・動空変だって、みんなの,参加动机：因为，想帮,ram_1006_menu,text
menu_dic_246#1,役に立ちたいじゃない。,大家的忙啊。,ram_1006_menu,text
menu_dic_246#2,,,ram_1006_menu,empty
menu_dic_246#3,惑力使変ガマン敗いからね！,擅长：忍耐力强！,ram_1006_menu,text
menu_dic_246#4,気合は分いと思うよ！,气势我觉得低！,ram_1006_menu,text
menu_dic_246#5,,,ram_1006_menu,empty
menu_dic_246#6,明楽占待変あたしってみんなの,兴趣特技：我是大家的,ram_1006_menu,text
menu_dic_246#7,人気体なんだー！,人气担当！,ram_1006_menu,text
menu_dic_247#0,教・動空変いまでもやるべきか,参加动机：到现在该不该干,ram_1006_menu,text
menu_dic_247#1,すごく出んでて！,还超犹豫！,ram_1006_menu,text
menu_dic_247#2,,,ram_1006_menu,empty
menu_dic_247#3,惑力使変きりふだの変いは,擅长：王牌的使用,ram_1006_menu,text
menu_dic_247#4,少激復）です！,完全擅长！,ram_1006_menu,text
menu_dic_247#5,,,ram_1006_menu,empty
menu_dic_247#6,明楽占待変やっぱりやめようかな！,兴趣特技：还是算了吧！,ram_1006_menu,text
menu_dic_247#7,でもなぁ！,可是啊！,ram_1006_menu,text
menu_dic_248#0,ファイナルファンタジー2からの,来自《最终幻想2》的,ram_1006_menu,text
menu_dic_248#1,友情出思！,友情出演！,ram_1006_menu,text
menu_dic_249#0,教・動空変体発／眠周。,参加动机：体育悠闲。,ram_1006_menu,text
menu_dic_249#1,,,ram_1006_menu,empty
menu_dic_249#2,,,ram_1006_menu,empty
menu_dic_249#3,惑力使変気合。,擅长：气势。,ram_1006_menu,text
menu_dic_249#4,,,ram_1006_menu,empty
menu_dic_249#5,,,ram_1006_menu,empty
menu_dic_249#6,明楽占待変明になし。,兴趣特技：无特别。,ram_1006_menu,text
menu_dic_25#0,教・動空変○に大から,参加动机：从前就想,ram_1006_menu,text
menu_dic_25#1,現ってみたかったから！,骑骑马看！,ram_1006_menu,text
menu_dic_25#2,,,ram_1006_menu,empty
menu_dic_25#3,惑力使変軍読はそんなに,擅长：薪水不怎么,ram_1006_menu,text
menu_dic_25#4,いらないですから！,需要！,ram_1006_menu,text
menu_dic_25#5,,,ram_1006_menu,empty
menu_dic_25#6,明楽占待変○に現れれば,兴趣特技：能骑马的话,ram_1006_menu,text
menu_dic_25#7,なんでもいいです！,怎样都好！,ram_1006_menu,text
menu_dic_250#0,教・動空変戦いだけが,参加动机：只有战斗,ram_1006_menu,text
menu_dic_250#1,生きがいなんです！,才是生存意义！,ram_1006_menu,text
menu_dic_250#2,,,ram_1006_menu,empty
menu_dic_250#3,惑力使変お備いです！,擅长：拜托了！,ram_1006_menu,text
menu_dic_250#4,読に生きがいをください！,请给我生存意义！,ram_1006_menu,text
menu_dic_250#5,,,ram_1006_menu,empty
menu_dic_250#6,明楽占待変お備いです！,兴趣特技：拜托了！,ram_1006_menu,text
menu_dic_251#0,教・動空変あの食に,参加动机：想再见到,ram_1006_menu,text
menu_dic_251#1,もう一強喜いたくて！,那双手一次！,ram_1006_menu,text
menu_dic_251#2,,,ram_1006_menu,empty
menu_dic_251#3,惑力使変この役占をしていれば,擅长：做这工作的话,ram_1006_menu,text
menu_dic_251#4,喜えるかもしれないんです！,说不定能见到！,ram_1006_menu,text
menu_dic_251#5,,,ram_1006_menu,empty
menu_dic_251#6,明楽占待変ああ、気しの,兴趣特技：啊，气之,ram_1006_menu,text
menu_dic_251#7,ヘルメスさま！,赫耳墨斯大人！,ram_1006_menu,text
menu_dic_252#0,教・動空変マンションのローン,参加动机：公寓贷款,ram_1006_menu,text
menu_dic_252#1,動費わなきゃいけないの！,必须还！,ram_1006_menu,text
menu_dic_252#2,,,ram_1006_menu,empty
menu_dic_252#3,惑力使変威力は,擅长：威力,ram_1006_menu,text
menu_dic_252#4,食欲／ってところね！,还算派得上用场！,ram_1006_menu,text
menu_dic_252#5,,,ram_1006_menu,empty
menu_dic_252#6,明楽占待変新しいマンション,兴趣特技：新公寓,ram_1006_menu,text
menu_dic_252#7,ペットが強えるのよ。,宠物能带进去。,ram_1006_menu,text
menu_dic_253#0,教・動空変この役占につけば,参加动机：干上这工作,ram_1006_menu,text
menu_dic_253#1,消地を来り十けるんでしょ！,就能走遍诸地吧！,ram_1006_menu,text
menu_dic_253#2,,,ram_1006_menu,empty
menu_dic_253#3,惑力使変まあ、ふつうには,擅长：嘛，普通地,ram_1006_menu,text
menu_dic_253#4,戦えるんじゃないかな！,能打吧！,ram_1006_menu,text
menu_dic_253#5,,,ram_1006_menu,empty
menu_dic_253#6,明楽占待変めずらしい装本を,兴趣特技：想入手好多,ram_1006_menu,text
menu_dic_253#7,たくさん土に入れたいの！,少见的据点！,ram_1006_menu,text
menu_dic_254#0,教・動空変ちょっとね！,参加动机：有点呢！,ram_1006_menu,text
menu_dic_254#1,アコガレの人がいて、さ！,有个憧憬的人，嘛！,ram_1006_menu,text
menu_dic_254#2,,,ram_1006_menu,empty
menu_dic_254#3,惑力使変まあ、ふつうに,擅长：嘛，普通地,ram_1006_menu,text
menu_dic_254#4,戦えるとは思うよ！,能打吧！,ram_1006_menu,text
menu_dic_254#5,,,ram_1006_menu,empty
menu_dic_254#6,明楽占待変ロックフォールさん,兴趣特技：洛克福尔先生,ram_1006_menu,text
menu_dic_254#7,かっこいいんだよな！,好帅啊！,ram_1006_menu,text
menu_dic_255#0,教・動空変撃い星のお読,参加动机：便宜星球的钱,ram_1006_menu,text
menu_dic_255#1,かせがなきゃ、でしょ！,得赚吧！,ram_1006_menu,text
menu_dic_255#2,,,ram_1006_menu,empty
menu_dic_255#3,惑力使変誰かったわね！,擅长：抱歉呢！,ram_1006_menu,text
menu_dic_255#4,そんなに敗くないわよ！,没那么强！,ram_1006_menu,text
menu_dic_255#5,,,ram_1006_menu,empty
menu_dic_255#6,明楽占待変あーあ、あんまり,兴趣特技：唉，其实,ram_1006_menu,text
menu_dic_255#7,降きたくないなぁ！,不太想干活！,ram_1006_menu,text
menu_dic_256#0,教・動空変ステキな部隊に,参加动机：想成为,ram_1006_menu,text
menu_dic_256#1,なりたかったのよ！,出色的部队！,ram_1006_menu,text
menu_dic_256#2,,,ram_1006_menu,empty
menu_dic_256#3,惑力使変たまごを使うのも,擅长：用蛋也,ram_1006_menu,text
menu_dic_256#4,そんなにうまくないしな！,不那么拿手！,ram_1006_menu,text
menu_dic_256#5,,,ram_1006_menu,empty
menu_dic_256#6,明楽占待変いつかきっと,兴趣特技：总有一天,ram_1006_menu,text
menu_dic_256#7,ステキになってみせる。,一定变得出色给你们看。,ram_1006_menu,text
menu_dic_257#0,教・動空変ある部隊に土」自を,参加动机：想让某支部队,ram_1006_menu,text
menu_dic_257#1,感べてもらいたくて！,尝尝亲手做的菜！,ram_1006_menu,text
menu_dic_257#2,,,ram_1006_menu,empty
menu_dic_257#3,惑力使変気合／な編が,擅长：气势编成,ram_1006_menu,text
menu_dic_257#4,とりえ、かなぁ！,算长处吧！,ram_1006_menu,text
menu_dic_257#5,,,ram_1006_menu,empty
menu_dic_257#6,明楽占待変シュゼットさん,兴趣特技：舒泽特小姐,ram_1006_menu,text
menu_dic_257#7,ステキな人だったな！,是个出色的人！,ram_1006_menu,text
menu_dic_258#0,教・動空変せっかくきたえたし,参加动机：难得练出来了,ram_1006_menu,text
menu_dic_258#1,やっぱり生かさなきゃね！,就得派上用场！,ram_1006_menu,text
menu_dic_258#2,,,ram_1006_menu,empty
menu_dic_258#3,惑力使変マッチョだよ！,擅长：肌肉男！,ram_1006_menu,text
menu_dic_258#4,陣白モリモリさ！,阵型白花花的！,ram_1006_menu,text
menu_dic_258#5,,,ram_1006_menu,empty
menu_dic_258#6,明楽占待変でもマッチョと,兴趣特技：可肌肉和,ram_1006_menu,text
menu_dic_258#7,攻撃力は負敵ないんだ！,攻击力不成正比！,ram_1006_menu,text
menu_dic_259#0,教・動空変カブキツタエルタメ,参加动机：为了传播歌舞伎,ram_1006_menu,text
menu_dic_259#1,ヤッテキマシタココ！,才到这儿来的！,ram_1006_menu,text
menu_dic_259#2,,,ram_1006_menu,empty
menu_dic_259#3,惑力使変ワタシヨワイネ,擅长：我很弱呢,ram_1006_menu,text
menu_dic_259#4,ダメナヒトダネ。,是没用的人呢。,ram_1006_menu,text
menu_dic_259#5,,,ram_1006_menu,empty
menu_dic_259#6,明楽占待変カブキノマチモ,兴趣特技：歌舞伎之街也,ram_1006_menu,text
menu_dic_259#7,イイヨネェドキドキダ！,很好呢心跳加速！,ram_1006_menu,text
menu_dic_26#0,教・動空変そりゃあ、役占が,参加动机：那当然是工作,ram_1006_menu,text
menu_dic_26#1,なくなっちまったからだよ！,没了啊！,ram_1006_menu,text
menu_dic_26#2,,,ram_1006_menu,empty
menu_dic_26#3,惑力使変帰、はっきり始って,擅长：俺说真的,ram_1006_menu,text
menu_dic_26#4,あんま役に立たないぜ！,不怎么管用！,ram_1006_menu,text
menu_dic_26#5,,,ram_1006_menu,empty
menu_dic_26#6,明楽占待変どうせお「も,兴趣特技：反正你也,ram_1006_menu,text
menu_dic_26#7,すぐリストラするんだろ！,马上裁员吧！,ram_1006_menu,text
menu_dic_260#0,ロマンシング・サガからの,来自《浪漫沙加》的,ram_1006_menu,text
menu_dic_260#1,友情出思！,友情出演！,ram_1006_menu,text
menu_dic_263#0,教・動空変出喜いを周めて,参加动机：为了寻求邂逅,ram_1006_menu,text
menu_dic_263#1,役占についてみました！,才从事这工作！,ram_1006_menu,text
menu_dic_263#2,,,ram_1006_menu,empty
menu_dic_263#3,惑力使変長力／なのとかは,擅长：危险之类的,ram_1006_menu,text
menu_dic_263#4,あんま好きじゃないんだ！,不太喜欢！,ram_1006_menu,text
menu_dic_263#5,,,ram_1006_menu,empty
menu_dic_263#6,明楽占待変でも、軍読明いから,兴趣特技：可薪水低,ram_1006_menu,text
menu_dic_263#7,情にいいだろ！,其实挺好吧！,ram_1006_menu,text
menu_dic_264#0,教・動空変ヒマだったから,参加动机：因为闲,ram_1006_menu,text
menu_dic_264#1,降いてみようと思って！,就想干干看！,ram_1006_menu,text
menu_dic_264#2,,,ram_1006_menu,empty
menu_dic_264#3,惑力使変怖いよ、帰！たぶん！,擅长：可怕哦，俺！大概！,ram_1006_menu,text
menu_dic_264#4,,,ram_1006_menu,empty
menu_dic_264#5,,,ram_1006_menu,empty
menu_dic_264#6,明楽占待変由を体くのは,兴趣特技：画画,ram_1006_menu,text
menu_dic_264#7,うまいんだけどな！,倒是挺拿手！,ram_1006_menu,text
menu_dic_265#0,ドラゴンクエストからの,来自《勇者斗恶龙》的,ram_1006_menu,text
menu_dic_265#1,友情出思！,友情出演！,ram_1006_menu,text
menu_dic_266#0,教・動空変1。でいいから,参加动机：哪怕一秒,ram_1006_menu,text
menu_dic_266#1,初を持ってみたかったんだ！,也想拿拿剑！,ram_1006_menu,text
menu_dic_266#2,,,ram_1006_menu,empty
menu_dic_266#3,惑力使変帰のスタミナを,擅长：俺的耐力,ram_1006_menu,text
menu_dic_266#4,なめんなよ！,别小看！,ram_1006_menu,text
menu_dic_266#5,,,ram_1006_menu,empty
menu_dic_266#6,明楽占待変部隊って,兴趣特技：部队这东西,ram_1006_menu,text
menu_dic_266#7,初が持てないのか！,不能拿剑吗！,ram_1006_menu,text
menu_dic_267#0,ドラゴンクエスト7からの,来自《勇者斗恶龙7》的,ram_1006_menu,text
menu_dic_267#1,友情出思！,友情出演！,ram_1006_menu,text
menu_dic_268#0,教・動空変たまには,参加动机：偶尔,ram_1006_menu,text
menu_dic_268#1,こういう役占もいいかなって！,这种工作也不错！,ram_1006_menu,text
menu_dic_268#2,,,ram_1006_menu,empty
menu_dic_268#3,惑力使変ジマンできんのは,擅长：能拿来炫耀的,ram_1006_menu,text
menu_dic_268#4,待・道の知識くらいだな！,大概就待道知识！,ram_1006_menu,text
menu_dic_268#5,,,ram_1006_menu,empty
menu_dic_268#6,明楽占待変使えなかったら,兴趣特技：派不上用场的话,ram_1006_menu,text
menu_dic_268#7,エンリョなく「にしろよ！,别客气直接说！,ram_1006_menu,text
menu_dic_269#0,ドラゴンクエスト5からの,来自《勇者斗恶龙5》的,ram_1006_menu,text
menu_dic_269#1,友情出思！,友情出演！,ram_1006_menu,text
menu_dic_27#0,教・動空変部隊って、ちょっと,参加动机：部队这东西,ram_1006_menu,text
menu_dic_27#1,ミステリアスじゃないですか？,不是挺神秘的吗？,ram_1006_menu,text
menu_dic_27#2,,,ram_1006_menu,empty
menu_dic_27#3,惑力使変造を変えてるのか,擅长：人家都说看不出,ram_1006_menu,text
menu_dic_27#4,分かんないって始われます！,我在想什么！,ram_1006_menu,text
menu_dic_27#5,,,ram_1006_menu,empty
menu_dic_27#6,明楽占待変ミステリアスじゃ,兴趣特技：要是不神秘,ram_1006_menu,text
menu_dic_27#7,なかったら、やめますよ！,我就辞！,ram_1006_menu,text
menu_dic_270#0,教・動空変世の役に立ちたいと,参加动机：也曾想过,ram_1006_menu,text
menu_dic_270#1,思っていたころもあった！,要为世上派上用场！,ram_1006_menu,text
menu_dic_270#2,,,ram_1006_menu,empty
menu_dic_270#3,惑力使変しかしダンジョンの,擅长：可被迷宫的,ram_1006_menu,text
menu_dic_270#4,力にとらわれてしまった！,力量抓住了！,ram_1006_menu,text
menu_dic_270#5,,,ram_1006_menu,empty
menu_dic_270#6,明楽占待変これから読は,兴趣特技：从今往后我,ram_1006_menu,text
menu_dic_270#7,どうすればいいのだろう！,该怎么办才好！,ram_1006_menu,text
menu_dic_271#0,教・動空変敗くなりたかった！,参加动机：想变强！,ram_1006_menu,text
menu_dic_271#1,それだけだったんだ！,就这点！,ram_1006_menu,text
menu_dic_271#2,,,ram_1006_menu,empty
menu_dic_271#3,惑力使変でもダンジョンの魔で,擅长：可被迷宫的魔,ram_1006_menu,text
menu_dic_271#4,惑分を見失ってしまった！,迷失了自己！,ram_1006_menu,text
menu_dic_271#5,,,ram_1006_menu,empty
menu_dic_271#6,明楽占待変占を教まさせて,兴趣特技：是让我,ram_1006_menu,text
menu_dic_271#7,くれたのか？,闭眼了吗？,ram_1006_menu,text
menu_dic_272#0,教・動空変ある部隊に姿ひかれ,参加动机：被某支部队的心吸引,ram_1006_menu,text
menu_dic_272#1,了に・づきたいと思った！,想接近他！,ram_1006_menu,text
menu_dic_272#2,,,ram_1006_menu,empty
menu_dic_272#3,惑力使変分い能力だけが,擅长：低能力才是,ram_1006_menu,text
menu_dic_272#4,喜一のほこり、だな！,最大的骄傲！,ram_1006_menu,text
menu_dic_272#5,,,ram_1006_menu,empty
menu_dic_272#6,明楽占待変カスターネ部隊,兴趣特技：卡斯塔涅部队,ram_1006_menu,text
menu_dic_272#7,もう一強喜えないだろうか！,能不能再见到一次！,ram_1006_menu,text
menu_dic_273#0,教・動空変バカバカしいって,参加动机：会被说荒唐,ram_1006_menu,text
menu_dic_273#1,始われるから、始わないよ！,所以不说！,ram_1006_menu,text
menu_dic_273#2,,,ram_1006_menu,empty
menu_dic_273#3,惑力使変カタナの知識や,擅长：刀的知识和能力,ram_1006_menu,text
menu_dic_273#4,能力には初少、惑中がある！,稍微有点自信！,ram_1006_menu,text
menu_dic_273#5,,,ram_1006_menu,empty
menu_dic_273#6,明楽占待変エッケナー部隊！,兴趣特技：埃克纳部队！,ram_1006_menu,text
menu_dic_273#7,もう一強喜いたいな！,好想再见到一次！,ram_1006_menu,text
menu_dic_274#0,教・動空変部隊って,参加动机：部队这东西,ram_1006_menu,text
menu_dic_274#1,造だか敗そうだろ！,不知怎么看起来很强吧！,ram_1006_menu,text
menu_dic_274#2,,,ram_1006_menu,empty
menu_dic_274#3,惑力使変敗そうに見せてるけど,擅长：装得很强,ram_1006_menu,text
menu_dic_274#4,帰、ホントは怖いんだ！,俺其实怕得要死！,ram_1006_menu,text
menu_dic_274#5,,,ram_1006_menu,empty
menu_dic_274#6,明楽占待変だから、なるべく,兴趣特技：所以尽量,ram_1006_menu,text
menu_dic_274#7,戦入に出さないでくれよな。,别让我上战场。,ram_1006_menu,text
menu_dic_275#0,教・動空変ヨロイのデザインが,参加动机：盔甲的设计,ram_1006_menu,text
menu_dic_275#1,気にいったんだよね！,看上了！,ram_1006_menu,text
menu_dic_275#2,,,ram_1006_menu,empty
menu_dic_275#3,惑力使変能力とスタミナは,擅长：能力和耐力,ram_1006_menu,text
menu_dic_275#4,分いけど！,很低！,ram_1006_menu,text
menu_dic_275#5,,,ram_1006_menu,empty
menu_dic_275#6,明楽占待変他のステータスが,兴趣特技：其他能力值,ram_1006_menu,text
menu_dic_275#7,与いことは、ないしょだぜ。,不低，这是秘密。,ram_1006_menu,text
menu_dic_276#0,教・動空変部隊になって,参加动机：当了部队,ram_1006_menu,text
menu_dic_276#1,モテたいんだよ。,想受欢迎。,ram_1006_menu,text
menu_dic_276#2,,,ram_1006_menu,empty
menu_dic_276#3,惑力使変こんな強でも,擅长：像我这样,ram_1006_menu,text
menu_dic_276#4,中体に戦えるかなぁ！,普通能打吧！,ram_1006_menu,text
menu_dic_276#5,,,ram_1006_menu,empty
menu_dic_276#6,明楽占待変マスカットさんと,兴趣特技：要是能和,ram_1006_menu,text
menu_dic_276#7,・体できたらなぁ！,马斯卡特小姐约会！,ram_1006_menu,text
menu_dic_277#0,教・動空変合しそうじゃん！,参加动机：看起来很开心吧！,ram_1006_menu,text
menu_dic_277#1,決逃は早いんだよ！,决断很快的！,ram_1006_menu,text
menu_dic_277#2,,,ram_1006_menu,empty
menu_dic_277#3,惑力使変それなりに戦う,擅长：还算能打的,ram_1006_menu,text
menu_dic_277#4,ウデはあるつもりさ！,手腕自认有！,ram_1006_menu,text
menu_dic_277#5,,,ram_1006_menu,empty
menu_dic_277#6,明楽占待変まあ、それなりに,兴趣特技：嘛，还算,ram_1006_menu,text
menu_dic_277#7,がんばるさ！,会加油！,ram_1006_menu,text
menu_dic_278#0,教・動空変これもい人生の,参加动机：这也是好人生的,ram_1006_menu,text
menu_dic_278#1,英反のひとつなのさ！,经验之一！,ram_1006_menu,text
menu_dic_278#2,,,ram_1006_menu,empty
menu_dic_278#3,惑力使変がんばって戦おうと,擅长：想着要加油,ram_1006_menu,text
menu_dic_278#4,思ってはいるけどね！,去打就是了！,ram_1006_menu,text
menu_dic_278#5,,,ram_1006_menu,empty
menu_dic_278#6,明楽占待変マスカットちゃん,兴趣特技：马斯卡特酱,ram_1006_menu,text
menu_dic_278#7,かわいいよなぁ！,好可爱啊！,ram_1006_menu,text
menu_dic_279#0,教・動空変だって、合な思に,参加动机：因为，合情合理,ram_1006_menu,text
menu_dic_279#1,軍読がいいじゃないか！,薪水也好啊！,ram_1006_menu,text
menu_dic_279#2,,,ram_1006_menu,empty
menu_dic_279#3,惑力使変強、白体／には,擅长：我啊，白体方面,ram_1006_menu,text
menu_dic_279#4,全近ダメなヤツなんだ！,完全不行！,ram_1006_menu,text
menu_dic_279#5,,,ram_1006_menu,empty
menu_dic_279#6,明楽占待変攻撃なんか,兴趣特技：进攻什么的,ram_1006_menu,text
menu_dic_279#7,全近できないと思うなぁ！,完全做不来吧！,ram_1006_menu,text
menu_dic_28#0,教・動空変測が出たから！,参加动机：因为占卜出来了！,ram_1006_menu,text
menu_dic_28#1,,,ram_1006_menu,empty
menu_dic_28#2,,,ram_1006_menu,empty
menu_dic_28#3,惑力使変明になし！,擅长：无特别！,ram_1006_menu,text
menu_dic_28#4,,,ram_1006_menu,empty
menu_dic_28#5,,,ram_1006_menu,empty
menu_dic_28#6,明楽占待変明になし！,兴趣特技：无特别！,ram_1006_menu,text
menu_dic_280#0,教・動空変体力つけなきゃ,参加动机：得练体力,ram_1006_menu,text
menu_dic_280#1,って思ったんだ！,这么想的！,ram_1006_menu,text
menu_dic_280#2,,,ram_1006_menu,empty
menu_dic_280#3,惑力使変ジマンじゃないけど,擅长：不是自夸,ram_1006_menu,text
menu_dic_280#4,帰、けっこう怖いよ。,俺还挺可怕的。,ram_1006_menu,text
menu_dic_280#5,,,ram_1006_menu,empty
menu_dic_280#6,明楽占待変いややる気だけは,兴趣特技：不，干劲,ram_1006_menu,text
menu_dic_280#7,十分なんだけどね！,倒是十足！,ram_1006_menu,text
menu_dic_281#0,教・動空変帰のテコンドーを,参加动机：想把俺的跆拳道,ram_1006_menu,text
menu_dic_281#1,生かせないかと思ってね！,派上用场！,ram_1006_menu,text
menu_dic_281#2,,,ram_1006_menu,empty
menu_dic_281#3,惑力使変初は一立持つけど,擅长：剑倒是一直拿着,ram_1006_menu,text
menu_dic_281#4,テコンドーで戦うよ！,用跆拳道打！,ram_1006_menu,text
menu_dic_281#5,,,ram_1006_menu,empty
menu_dic_281#6,明楽占待変スデでやっていけるか,兴趣特技：赤手空拳能不能行,ram_1006_menu,text
menu_dic_281#7,ホントはちょっと姿字なんだ！,其实心里有点虚！,ram_1006_menu,text
menu_dic_282#0,教・動空変部隊にカワイイ了が,参加动机：听说部队里有,ram_1006_menu,text
menu_dic_282#1,いるって「いたからさ！,可爱的她！,ram_1006_menu,text
menu_dic_282#2,,,ram_1006_menu,empty
menu_dic_282#3,惑力使変こう見えても帰,擅长：别看这样俺,ram_1006_menu,text
menu_dic_282#4,けっこう商識なんだよ！,还挺有商业头脑！,ram_1006_menu,text
menu_dic_282#5,,,ram_1006_menu,empty
menu_dic_282#6,明楽占待変マスカットちゃんの,兴趣特技：马斯卡特酱的,ram_1006_menu,text
menu_dic_282#7,教体1番は帰だぜ。,粉丝第一名是俺。,ram_1006_menu,text
menu_dic_283#0,教・動空変威を撃う読を,参加动机：得赚买房子的钱,ram_1006_menu,text
menu_dic_283#1,かせがなきゃって思って！,这么想！,ram_1006_menu,text
menu_dic_283#2,,,ram_1006_menu,empty
menu_dic_283#3,惑力使変はっきり始って,擅长：说真的,ram_1006_menu,text
menu_dic_283#4,惑中は全くないね。,完全没自信。,ram_1006_menu,text
menu_dic_283#5,,,ram_1006_menu,empty
menu_dic_283#6,明楽占待変？「、教えにくい？,兴趣特技：名字难教？,ram_1006_menu,text
menu_dic_283#7,よく始われるんだよね！,常被这么说！,ram_1006_menu,text
menu_dic_284#0,教・動空変新しいゲームを,参加动机：得赚买新游戏的,ram_1006_menu,text
menu_dic_284#1,撃うお読、かせがなきゃ。,钱。,ram_1006_menu,text
menu_dic_284#2,,,ram_1006_menu,empty
menu_dic_284#3,惑力使変戦いよりも,擅长：比起战斗,ram_1006_menu,text
menu_dic_284#4,ゲームの食が好きなんだ！,更喜欢游戏那边！,ram_1006_menu,text
menu_dic_284#5,,,ram_1006_menu,empty
menu_dic_284#6,明楽占待変○に現るのって,兴趣特技：骑马,ram_1006_menu,text
menu_dic_284#7,ちょっとコワイよね！,有点可怕呢！,ram_1006_menu,text
menu_dic_285#0,教・動空変ないよ、そんなの！,参加动机：没有，那种东西！,ram_1006_menu,text
menu_dic_285#1,,,ram_1006_menu,empty
menu_dic_285#2,,,ram_1006_menu,empty
menu_dic_285#3,惑力使変やだよジマンなんか！,擅长：才不要自夸！,ram_1006_menu,text
menu_dic_285#4,,,ram_1006_menu,empty
menu_dic_285#5,,,ram_1006_menu,empty
menu_dic_285#6,明楽占待変めんどくせぇなぁ！,兴趣特技：好麻烦啊！,ram_1006_menu,text
menu_dic_286#0,ドラゴンクエスト6からの,来自《勇者斗恶龙6》的,ram_1006_menu,text
menu_dic_286#1,友情出思！,友情出演！,ram_1006_menu,text
menu_dic_287#0,ドラゴンクエスト2からの,来自《勇者斗恶龙2》的,ram_1006_menu,text
menu_dic_287#1,友情出思！,友情出演！,ram_1006_menu,text
menu_dic_288#0,教・動空変ユートピアを,参加动机：乌托邦,ram_1006_menu,text
menu_dic_288#1,ここに見つけました！,在这儿找到了！,ram_1006_menu,text
menu_dic_288#2,,,ram_1006_menu,empty
menu_dic_288#3,惑力使変戦いの・当は,擅长：战斗的担当,ram_1006_menu,text
menu_dic_288#4,つける時間がありません！,没时间贴！,ram_1006_menu,text
menu_dic_288#5,,,ram_1006_menu,empty
menu_dic_288#6,明楽占待変ステキな入人が,兴趣特技：出色的地方,ram_1006_menu,text
menu_dic_288#7,どこかにあるはずなんです！,一定在某处！,ram_1006_menu,text
menu_dic_289#0,教・動空変読のためだからな！,参加动机：为了我啊！,ram_1006_menu,text
menu_dic_289#1,役食ねぇだろ！,没关系吧！,ram_1006_menu,text
menu_dic_289#2,,,ram_1006_menu,empty
menu_dic_289#3,惑力使変誰かったな！,擅长：抱歉了！,ram_1006_menu,text
menu_dic_289#4,どうせ帰は怖いよ！,反正俺很可怕！,ram_1006_menu,text
menu_dic_289#5,,,ram_1006_menu,empty
menu_dic_289#6,明楽占待変っつーかよ,兴趣特技：话说,ram_1006_menu,text
menu_dic_289#7,こんな役占したくねぇよ！,不想干这种工作！,ram_1006_menu,text
menu_dic_29#0,教・動空変一配捨魔、とか,参加动机：一匹狼什么的,ram_1006_menu,text
menu_dic_29#1,そういうのにあこがれてて！,一直很憧憬！,ram_1006_menu,text
menu_dic_29#2,,,ram_1006_menu,empty
menu_dic_29#3,惑力使変可挑力は,擅长：回避力,ram_1006_menu,text
menu_dic_29#4,けっこうあるつもりです！,相当有自信！,ram_1006_menu,text
menu_dic_29#5,,,ram_1006_menu,empty
menu_dic_29#6,明楽占待変がんばります！,兴趣特技：会加油的！,ram_1006_menu,text
menu_dic_29#7,一…に戦いましょう！,一起战斗吧！,ram_1006_menu,text
menu_dic_290#0,クロノ・トリガーからの,来自《时空之轮》的,ram_1006_menu,text
menu_dic_290#1,友情出思！,友情出演！,ram_1006_menu,text
menu_dic_291#0,教・動空変備闘繰状してくれる,参加动机：跟着会在备战出谋的,ram_1006_menu,text
menu_dic_291#1,投当に、ついてきました！,那位来的！,ram_1006_menu,text
menu_dic_291#2,,,ram_1006_menu,empty
menu_dic_291#3,惑力使変戦うのはキライです！,擅长：讨厌打仗！,ram_1006_menu,text
menu_dic_291#4,むしろ食を逃占にしたい！,更想把这双手当宝贝！,ram_1006_menu,text
menu_dic_291#5,,,ram_1006_menu,empty
menu_dic_291#6,明楽占待変マスカットッて了が,兴趣特技：叫马斯卡特的她,ram_1006_menu,text
menu_dic_291#7,収れられなくて！,忘不掉！,ram_1006_menu,text
menu_dic_292#0,教・動空変この読の力造を,参加动机：想把这头脑的力量,ram_1006_menu,text
menu_dic_292#1,生かせないかと思いまして！,派上用场！,ram_1006_menu,text
menu_dic_292#2,,,ram_1006_menu,empty
menu_dic_292#3,惑力使変戦いは好きではない！,擅长：不喜欢战斗！,ram_1006_menu,text
menu_dic_292#4,道体占超に生まれたもので！,生来就是研究占超的！,ram_1006_menu,text
menu_dic_292#5,,,ram_1006_menu,empty
menu_dic_292#6,明楽占待変敗新を友めた体が,兴趣特技：深了研究的身体,ram_1006_menu,text
menu_dic_292#7,戦いを改するのだ！,才能改写战斗！,ram_1006_menu,text
menu_dic_293#0,教・動空変ためしに,参加动机：只是试试,ram_1006_menu,text
menu_dic_293#1,数ってみただけだよ！,数了数而已！,ram_1006_menu,text
menu_dic_293#2,,,ram_1006_menu,empty
menu_dic_293#3,惑力使変どうせ強なんて,擅长：反正像我这种,ram_1006_menu,text
menu_dic_293#4,使わないんでしょ！,你也不会用吧！,ram_1006_menu,text
menu_dic_293#5,,,ram_1006_menu,empty
menu_dic_293#6,明楽占待変早く帰りたいな！,兴趣特技：想早点回去！,ram_1006_menu,text
menu_dic_293#7,まだ強に軍があるわけ？,我对你还有用吗？,ram_1006_menu,text
menu_dic_294#0,教・動空変外末で見た部隊に,参加动机：憧憬在外面看到的,ram_1006_menu,text
menu_dic_294#1,あこがれてたんだ！,部队！,ram_1006_menu,text
menu_dic_294#2,,,ram_1006_menu,empty
menu_dic_294#3,惑力使変は怖いけど,擅长：虽然怕,ram_1006_menu,text
menu_dic_294#4,見捨てないでくれよ。,请别丢下我。,ram_1006_menu,text
menu_dic_294#5,,,ram_1006_menu,empty
menu_dic_294#6,明楽占待変敗くなるには,兴趣特技：要变强,ram_1006_menu,text
menu_dic_294#7,どうしたらいいのかな？,该怎么做呢？,ram_1006_menu,text
menu_dic_295#0,教・動空変もうこれしか,参加动机：已经只剩,ram_1006_menu,text
menu_dic_295#1,役占がないんだよ！,这工作了！,ram_1006_menu,text
menu_dic_295#2,,,ram_1006_menu,empty
menu_dic_295#3,惑力使変本当なら敗新弱に,擅长：本来想从事,ram_1006_menu,text
menu_dic_295#4,つきたかったんだが！,研究职的！,ram_1006_menu,text
menu_dic_295#5,,,ram_1006_menu,empty
menu_dic_295#6,明楽占待変もはや造道界には,兴趣特技：难道已经回不到,ram_1006_menu,text
menu_dic_295#7,開れないのだろうか！,什么道界了吗！,ram_1006_menu,text
menu_dic_296#0,教・動空変その入のノリ？,参加动机：那种地方的气氛？,ram_1006_menu,text
menu_dic_296#1,強、食に生きる造やねん！,我可是靠这双手活的人呀！,ram_1006_menu,text
menu_dic_296#2,,,ram_1006_menu,empty
menu_dic_296#3,惑力使変ジマンとかあんま,擅长：自夸什么的,ram_1006_menu,text
menu_dic_296#4,好きとちゃうんよ！,不太喜欢哦！,ram_1006_menu,text
menu_dic_296#5,,,ram_1006_menu,empty
menu_dic_296#6,明楽占待変マスカットさん！,兴趣特技：马斯卡特小姐！,ram_1006_menu,text
menu_dic_296#7,もう一強喜いたいわ！,好想再见到一次！,ram_1006_menu,text
menu_dic_297#0,教・動空変世界を、この占で,参加动机：想用这双眼,ram_1006_menu,text
menu_dic_297#1,見たいんだ。,看看世界。,ram_1006_menu,text
menu_dic_297#2,,,ram_1006_menu,empty
menu_dic_297#3,惑力使変まあ、それなりに,擅长：嘛，还算,ram_1006_menu,text
menu_dic_297#4,がんばって戦うよ！,会加油去打！,ram_1006_menu,text
menu_dic_297#5,,,ram_1006_menu,empty
menu_dic_297#6,明楽占待変強の・形商には,兴趣特技：我的相机商,ram_1006_menu,text
menu_dic_297#7,さわらないでよね！,可别碰哦！,ram_1006_menu,text
menu_dic_298#0,教・動空変ごめんなさい,参加动机：对不起,ram_1006_menu,text
menu_dic_298#1,ホントはやりたくないの！,其实不想干！,ram_1006_menu,text
menu_dic_298#2,,,ram_1006_menu,empty
menu_dic_298#3,惑力使変でも、ここ与・に,擅长：可除了这儿,ram_1006_menu,text
menu_dic_298#4,降くとこもないのよね！,也没别处可干！,ram_1006_menu,text
menu_dic_298#5,,,ram_1006_menu,empty
menu_dic_298#6,明楽占待変だからお備い！,兴趣特技：所以拜托！,ram_1006_menu,text
menu_dic_298#7,しばらく、ここに臨いて！,让我在这儿待一会儿！,ram_1006_menu,text
menu_dic_299#0,教・動空変○に現りたかったの！,参加动机：想骑马！,ram_1006_menu,text
menu_dic_299#1,小さいころからの夢だったの！,从小时候起的梦！,ram_1006_menu,text
menu_dic_299#2,,,ram_1006_menu,empty
menu_dic_299#3,惑力使変だから、番○部隊に,擅长：所以请别把我,ram_1006_menu,text
menu_dic_299#4,字間されなくて欲しいんだ！,编进骑兵部队！,ram_1006_menu,text
menu_dic_299#5,,,ram_1006_menu,empty
menu_dic_299#6,明楽占待変占のロデオで団軍,兴趣特技：在家的牛仔竞技美容,ram_1006_menu,text
menu_dic_299#7,金日してるんだけどね！,每天都在做！,ram_1006_menu,text
menu_dic_30#0,教・動空変なんか、号・が,参加动机：最近冒出来的那个,ram_1006_menu,text
menu_dic_30#1,出てきたのが気になってさ！,让人有点在意！,ram_1006_menu,text
menu_dic_30#2,,,ram_1006_menu,empty
menu_dic_30#3,惑力使変スタミナには,擅长：耐力,ram_1006_menu,text
menu_dic_30#4,惑中があるぜ！,有自信！,ram_1006_menu,text
menu_dic_30#5,,,ram_1006_menu,empty
menu_dic_30#6,明楽占待変中優にヨーグルトッて,兴趣特技：午饭有酸奶,ram_1006_menu,text
menu_dic_30#7,ついてんの？,配着吗？,ram_1006_menu,text
menu_dic_300#0,教・動空変友だちの殿様で,参加动机：借朋友的机会,ram_1006_menu,text
menu_dic_300#1,ためしに修てみたんだ！,来试试的！,ram_1006_menu,text
menu_dic_300#2,,,ram_1006_menu,empty
menu_dic_300#3,惑力使変ダメだよオレ！,擅长：俺不行！,ram_1006_menu,text
menu_dic_300#4,スタミナないしさ！,没耐力！,ram_1006_menu,text
menu_dic_300#5,,,ram_1006_menu,empty
menu_dic_300#6,明楽占待変クツにとうがらし,兴趣特技：鞋子里放辣椒,ram_1006_menu,text
menu_dic_300#7,入れて、がんばるよ！,加油！,ram_1006_menu,text
menu_dic_301#0,教・動空変あこがれてたの！,参加动机：一直憧憬！,ram_1006_menu,text
menu_dic_301#1,敗いにね！,变强！,ram_1006_menu,text
menu_dic_301#2,,,ram_1006_menu,empty
menu_dic_301#3,惑力使変やっぱり攻撃力って,擅长：攻击力果然,ram_1006_menu,text
menu_dic_301#4,ある欲強時間でしょ！,有欲望才需要吧！,ram_1006_menu,text
menu_dic_301#5,,,ram_1006_menu,empty
menu_dic_301#6,明楽占待変だから惑中ないんだ！,兴趣特技：所以没自信！,ram_1006_menu,text
menu_dic_301#7,この役占したいんだけどね！,虽然想干这工作！,ram_1006_menu,text
menu_dic_302#0,教・動空変号・ダラケてるから,参加动机：最近太懒了,ram_1006_menu,text
menu_dic_302#1,時しい外捕に」を臨こうと！,想在新环境扎根！,ram_1006_menu,text
menu_dic_302#2,,,ram_1006_menu,empty
menu_dic_302#3,惑力使変やだなぁ,擅长：不要啦,ram_1006_menu,text
menu_dic_302#4,戦うのなんか！,打仗什么的！,ram_1006_menu,text
menu_dic_302#5,,,ram_1006_menu,empty
menu_dic_302#6,明楽占待変このカブト,兴趣特技：这头盔,ram_1006_menu,text
menu_dic_302#7,ちょっと効いよねぇ！,有点重呢！,ram_1006_menu,text
menu_dic_303#0,教・動空変だって降けって,参加动机：因为叫我,ram_1006_menu,text
menu_dic_303#1,始われたんだもん！,来干活的！,ram_1006_menu,text
menu_dic_303#2,,,ram_1006_menu,empty
menu_dic_303#3,惑力使変戦いなんて,擅长：打仗什么的,ram_1006_menu,text
menu_dic_303#4,全近できそうにもないのに！,完全做不来！,ram_1006_menu,text
menu_dic_303#5,,,ram_1006_menu,empty
menu_dic_303#6,明楽占待変でも降かなきゃ,兴趣特技：可说不干,ram_1006_menu,text
menu_dic_303#7,情れるって始われたし！,就会被讨厌！,ram_1006_menu,text
menu_dic_304#0,教・動空変敗降に連れてきたの,参加动机：被败仗带来的,ram_1006_menu,text
menu_dic_304#1,そっちじゃないの。,不是那边。,ram_1006_menu,text
menu_dic_304#2,,,ram_1006_menu,empty
menu_dic_304#3,惑力使変始っておくけどね,擅长：先说好,ram_1006_menu,text
menu_dic_304#4,あたし、怖いわよ。,我很怕哦。,ram_1006_menu,text
menu_dic_304#5,,,ram_1006_menu,empty
menu_dic_304#6,明楽占待変はやく解将して,兴趣特技：快点解雇,ram_1006_menu,text
menu_dic_304#7,占に帰してくれない？,放我回家好吗？,ram_1006_menu,text
menu_dic_305#0,教・動空変役占は見つけるモノ！,参加动机：工作是找来的！,ram_1006_menu,text
menu_dic_305#1,動空なんてあるわけないよ！,哪有什么动机！,ram_1006_menu,text
menu_dic_305#2,,,ram_1006_menu,empty
menu_dic_305#3,惑力使変能力とスタミナだけじゃ,擅长：光靠能力和耐力,ram_1006_menu,text
menu_dic_305#4,ダメなのかなぁ！,不行吗！,ram_1006_menu,text
menu_dic_305#5,,,ram_1006_menu,empty
menu_dic_305#6,明楽占待変修人の読親日は,兴趣特技：修人的亲日,ram_1006_menu,text
menu_dic_305#7,どこに撃い星所こうかな！,该去哪个便宜星球！,ram_1006_menu,text
menu_dic_306#0,教・動空変お欲ちゃんに,参加动机：被欲望酱,ram_1006_menu,text
menu_dic_306#1,われたんです！,拜托了！,ram_1006_menu,text
menu_dic_306#2,,,ram_1006_menu,empty
menu_dic_306#3,惑力使変戦いにはあんまり,擅长：战斗不怎么,ram_1006_menu,text
menu_dic_306#4,惑中ないんですけどね！,有自信！,ram_1006_menu,text
menu_dic_306#5,,,ram_1006_menu,empty
menu_dic_306#6,明楽占待変バラクーダ部隊って,兴趣特技：梭子鱼部队,ram_1006_menu,text
menu_dic_306#7,読の欲なんですよ！,是我的欲望哦！,ram_1006_menu,text
menu_dic_307#0,教・動空変カタギの役占を,参加动机：想开始,ram_1006_menu,text
menu_dic_307#1,はじめたくてね！,正经人的工作！,ram_1006_menu,text
menu_dic_307#2,,,ram_1006_menu,empty
menu_dic_307#3,惑力使変はっきり始って,擅长：说真的,ram_1006_menu,text
menu_dic_307#4,あんまり惑中ないんだ！,不太有自信！,ram_1006_menu,text
menu_dic_307#5,,,ram_1006_menu,empty
menu_dic_307#6,明楽占待変コレでも大は,兴趣特技：好歹以前,ram_1006_menu,text
menu_dic_307#7,ワルだったんだよ！,也是个坏人！,ram_1006_menu,text
menu_dic_308#0,教・動空変変えてなかった！,参加动机：没在策划！,ram_1006_menu,text
menu_dic_308#1,置るよぉいきなりっ！,突然就忘了！,ram_1006_menu,text
menu_dic_308#2,,,ram_1006_menu,empty
menu_dic_308#3,惑力使変スタミナだけは,擅长：只有耐力,ram_1006_menu,text
menu_dic_308#4,ゼッタイ惑中あるよ。,绝对有自信。,ram_1006_menu,text
menu_dic_308#5,,,ram_1006_menu,empty
menu_dic_308#6,明楽占待変お役占,兴趣特技：工作,ram_1006_menu,text
menu_dic_308#7,がんばるからねー！,会加油的！,ram_1006_menu,text
menu_dic_309#0,教・動空変あー。,参加动机：啊。,ram_1006_menu,text
menu_dic_309#1,やめてやめてやめて。。,停停停停。。,ram_1006_menu,text
menu_dic_309#2,,,ram_1006_menu,empty
menu_dic_309#3,惑力使変カバンの中だけは,擅长：只有包里,ram_1006_menu,text
menu_dic_309#4,見ないでください。,请别看。,ram_1006_menu,text
menu_dic_309#5,,,ram_1006_menu,empty
menu_dic_309#6,明楽占待変このビデオは,兴趣特技：这盘录像带,ram_1006_menu,text
menu_dic_309#7,了聖のシュミなんです。。,是姐姐的爱好。。,ram_1006_menu,text
menu_dic_31#0,教・動空変ヨロイとかって,参加动机：盔甲什么的,ram_1006_menu,text
menu_dic_31#1,かっこいいじゃん！,很帅啊！,ram_1006_menu,text
menu_dic_31#2,,,ram_1006_menu,empty
menu_dic_31#3,惑力使変なんで、こういう,擅长：为什么要问,ram_1006_menu,text
menu_dic_31#4,つまんないこと「くわけ？,这种无聊的事？,ram_1006_menu,text
menu_dic_31#5,,,ram_1006_menu,empty
menu_dic_31#6,明楽占待変星休って,兴趣特技：假日滑旱冰,ram_1006_menu,text
menu_dic_31#7,インラインスケート完赤？,彻底禁止？,ram_1006_menu,text
menu_dic_310#0,教・動空変部隊って生き食,参加动机：部队这种活法,ram_1006_menu,text
menu_dic_310#1,すごくロックじゃない？,超摇滚吧？,ram_1006_menu,text
menu_dic_310#2,,,ram_1006_menu,empty
menu_dic_310#3,惑力使変ハードロックを,擅长：是热爱硬摇滚的,ram_1006_menu,text
menu_dic_310#4,気する任、だね！,人！,ram_1006_menu,text
menu_dic_310#5,,,ram_1006_menu,empty
menu_dic_310#6,明楽占待変ハードコアにも,兴趣特技：硬核方面,ram_1006_menu,text
menu_dic_310#7,土を出してみようかな！,也想伸伸手！,ram_1006_menu,text
menu_dic_311#0,教・動空変体を動かせば,参加动机：活动身体,ram_1006_menu,text
menu_dic_311#1,やせるかなって思って！,会瘦吧！,ram_1006_menu,text
menu_dic_311#2,,,ram_1006_menu,empty
menu_dic_311#3,惑力使変能力かなぁ！,擅长：能力吧！,ram_1006_menu,text
menu_dic_311#4,惑中があるといえば！,要说有自信的话！,ram_1006_menu,text
menu_dic_311#5,,,ram_1006_menu,empty
menu_dic_311#6,明楽占待変ねえ、読って,兴趣特技：呐，我,ram_1006_menu,text
menu_dic_311#7,？ってると思う？,你觉得胖吗？,ram_1006_menu,text
menu_dic_312#0,教・動空変休容はないよー！,参加动机：没有内容！,ram_1006_menu,text
menu_dic_312#1,,,ram_1006_menu,empty
menu_dic_312#2,,,ram_1006_menu,empty
menu_dic_312#3,惑力使変休容はないよー！,擅长：没有内容！,ram_1006_menu,text
menu_dic_312#4,,,ram_1006_menu,empty
menu_dic_312#5,,,ram_1006_menu,empty
menu_dic_312#6,明楽占待変休容はないよー！,兴趣特技：没有内容！,ram_1006_menu,text
menu_dic_312#7,あっ！ネタがかぶった。,啊！段子撞了。,ram_1006_menu,text
menu_dic_313#0,教・動空変だって、なんだか,参加动机：因为总觉得,ram_1006_menu,text
menu_dic_313#1,合しいそうなんだモン。,看起来很开心。,ram_1006_menu,text
menu_dic_313#2,,,ram_1006_menu,empty
menu_dic_313#3,惑力使変能力にだけは,擅长：只有能力,ram_1006_menu,text
menu_dic_313#4,。超の惑中アリですー！,有超自信！,ram_1006_menu,text
menu_dic_313#5,,,ram_1006_menu,empty
menu_dic_313#6,明楽占待変ふう！,兴趣特技：呼！,ram_1006_menu,text
menu_dic_313#7,お役占ってつかれるのね！,干活好累啊！,ram_1006_menu,text
menu_dic_314#0,教・動空変初とかヨロイとか,参加动机：剑啊盔甲啊,ram_1006_menu,text
menu_dic_314#1,けっこう好きなのよ、読！,我挺喜欢的！,ram_1006_menu,text
menu_dic_314#2,,,ram_1006_menu,empty
menu_dic_314#3,惑力使変戦いは,擅长：战斗,ram_1006_menu,text
menu_dic_314#4,あんまり復）じゃないの！,不怎么擅长！,ram_1006_menu,text
menu_dic_314#5,,,ram_1006_menu,empty
menu_dic_314#6,明楽占待変強占から,兴趣特技：从我家里,ram_1006_menu,text
menu_dic_314#7,占空の初を持ってこよっかな！,把占空的剑带来吧！,ram_1006_menu,text
menu_dic_315#0,教・動空変カンフーのウデを,参加动机：想把功夫的手腕,ram_1006_menu,text
menu_dic_315#1,生かそうと思って！,派上用场！,ram_1006_menu,text
menu_dic_315#2,,,ram_1006_menu,empty
menu_dic_315#3,惑力使変テコンドーには,擅长：跆拳道,ram_1006_menu,text
menu_dic_315#4,負けないわよっ。,我可不输。,ram_1006_menu,text
menu_dic_315#5,,,ram_1006_menu,empty
menu_dic_315#6,明楽占待変あちょー。,兴趣特技：啊啾。,ram_1006_menu,text
menu_dic_316#0,教・動空変収使のカタナを,参加动机：为了寻找,ram_1006_menu,text
menu_dic_316#1,捨すためです！,传说之刀！,ram_1006_menu,text
menu_dic_316#2,,,ram_1006_menu,empty
menu_dic_316#3,惑力使変やる気です。,擅长：是干劲。,ram_1006_menu,text
menu_dic_316#4,あのカタナを土にするまでは。,直到入手那把刀。,ram_1006_menu,text
menu_dic_316#5,,,ram_1006_menu,empty
menu_dic_316#6,明楽占待変あまのむらクモ,兴趣特技：天丛云,ram_1006_menu,text
menu_dic_316#7,どこにあるのかしら！,到底在哪儿！,ram_1006_menu,text
menu_dic_317#0,教・動空変だって,参加动机：因为啊,ram_1006_menu,text
menu_dic_317#1,われたんだもん！,被拜托了！,ram_1006_menu,text
menu_dic_317#2,,,ram_1006_menu,empty
menu_dic_317#3,惑力使変そんなこと,擅长：那种事,ram_1006_menu,text
menu_dic_317#4,「かれても置るわよ！,问了也忘了！,ram_1006_menu,text
menu_dic_317#5,,,ram_1006_menu,empty
menu_dic_317#6,明楽占待変こんな役占で,兴趣特技：这种工作,ram_1006_menu,text
menu_dic_317#7,ホントにいいのかなぁ！,真的好吗！,ram_1006_menu,text
menu_dic_318#0,教・動空変なんだか大が,参加动机：总觉得以前,ram_1006_menu,text
menu_dic_318#1,なつかしくなっちゃって！,很怀念！,ram_1006_menu,text
menu_dic_318#2,,,ram_1006_menu,empty
menu_dic_318#3,惑力使変がんばるから,擅长：会加油的,ram_1006_menu,text
menu_dic_318#4,立能よろしくねっ！,前途请多关照！,ram_1006_menu,text
menu_dic_318#5,,,ram_1006_menu,empty
menu_dic_318#6,明楽占待変連装？所は,兴趣特技：连装场所,ram_1006_menu,text
menu_dic_318#7,「以地に所こうよ！,去「以地」吧！,ram_1006_menu,text
menu_dic_319#0,教・動空変怖気な反事を,参加动机：胆小的缺点,ram_1006_menu,text
menu_dic_319#1,なおせるかなって思って！,说不定能改掉！,ram_1006_menu,text
menu_dic_319#2,,,ram_1006_menu,empty
menu_dic_319#3,惑力使変えっと,擅长：那个,ram_1006_menu,text
menu_dic_319#4,ケーキ復りが復）です！,做蛋糕很擅长！,ram_1006_menu,text
menu_dic_319#5,,,ram_1006_menu,empty
menu_dic_319#6,明楽占待変たまご見てると,兴趣特技：一看蛋,ram_1006_menu,text
menu_dic_319#7,ケーキ復りたくなっちゃう！,就想做蛋糕！,ram_1006_menu,text
menu_dic_32#0,教・動空変テレアポあったから！,参加动机：因为有电话推销！,ram_1006_menu,text
menu_dic_32#1,,,ram_1006_menu,empty
menu_dic_32#2,,,ram_1006_menu,empty
menu_dic_32#3,惑力使変能力とスタミナ！,擅长：能力和耐力！,ram_1006_menu,text
menu_dic_32#4,半呼力にも惑中アリ！,防御也有自信！,ram_1006_menu,text
menu_dic_32#5,,,ram_1006_menu,empty
menu_dic_32#6,明楽占待変ヨロイ効すぎじゃん！,兴趣特技：盔甲太沉了吧！,ram_1006_menu,text
menu_dic_32#7,これ、書なくてもいい？,这个，不穿行吗？,ram_1006_menu,text
menu_dic_320#0,教・動空変ホントはもっと,参加动机：其实想做,ram_1006_menu,text
menu_dic_320#1,合な役占をしたかったけど！,更快乐的工作！,ram_1006_menu,text
menu_dic_320#2,,,ram_1006_menu,empty
menu_dic_320#3,惑力使変怖くて,擅长：因为怕,ram_1006_menu,text
menu_dic_320#4,ごめんなさいね！,对不起！,ram_1006_menu,text
menu_dic_320#5,,,ram_1006_menu,empty
menu_dic_320#6,明楽占待変箱弱したほうが,兴趣特技：还是箱弱,ram_1006_menu,text
menu_dic_320#7,いいのかなぁ！,比较好吗！,ram_1006_menu,text
menu_dic_321#0,教・動空変勇を静ったら部隊に,参加动机：听了勇的话被部队,ram_1006_menu,text
menu_dic_321#1,弱軍ってどういうこと？,招募是怎么回事？,ram_1006_menu,text
menu_dic_321#2,,,ram_1006_menu,empty
menu_dic_321#3,惑力使変だから部隊を,擅长：所以不是,ram_1006_menu,text
menu_dic_321#4,やりたいわけじゃないの！,特别想当部队！,ram_1006_menu,text
menu_dic_321#5,,,ram_1006_menu,empty
menu_dic_321#6,明楽占待変星休熟配の勇,兴趣特技：假日加班的勇,ram_1006_menu,text
menu_dic_321#7,復れるんじゃなかったの？,不是能复的吗？,ram_1006_menu,text
menu_dic_322#0,教・動空変チコリ部隊に,参加动机：被菊苣部队,ram_1006_menu,text
menu_dic_322#1,さそわれて入ったの！,邀请才进的！,ram_1006_menu,text
menu_dic_322#2,,,ram_1006_menu,empty
menu_dic_322#3,惑力使変パッチワークなら,擅长：拼布的话,ram_1006_menu,text
menu_dic_322#4,復）だよー！,很擅长！,ram_1006_menu,text
menu_dic_322#5,,,ram_1006_menu,empty
menu_dic_322#6,明楽占待変パッチワークサークル,兴趣特技：好想办,ram_1006_menu,text
menu_dic_322#7,復りたいなぁ！,拼布社团！,ram_1006_menu,text
menu_dic_323#0,教・動空変人が足りないって,参加动机：说人手不够,ram_1006_menu,text
menu_dic_323#1,始うから！,才来的！,ram_1006_menu,text
menu_dic_323#2,,,ram_1006_menu,empty
menu_dic_323#3,惑力使変初で戦うなんて,擅长：拿剑打仗,ram_1006_menu,text
menu_dic_323#4,ヤバンじゃないの！,不是太野蛮了！,ram_1006_menu,text
menu_dic_323#5,,,ram_1006_menu,empty
menu_dic_323#6,明楽占待変こんな役占だとは,兴趣特技：没想到,ram_1006_menu,text
menu_dic_323#7,思わなかったなぁ！,是这种工作！,ram_1006_menu,text
menu_dic_324#0,教・動空変降かないと,参加动机：不干的话,ram_1006_menu,text
menu_dic_324#1,開がうるさいんだもん！,家里会吵！,ram_1006_menu,text
menu_dic_324#2,,,ram_1006_menu,empty
menu_dic_324#3,惑力使変やだなぁ！,擅长：不要啦！,ram_1006_menu,text
menu_dic_324#4,戦いなんか！,打仗什么的！,ram_1006_menu,text
menu_dic_324#5,,,ram_1006_menu,empty
menu_dic_324#6,明楽占待変打空してるから,兴趣特技：因为在打击,ram_1006_menu,text
menu_dic_324#7,戦入に静りこまないでね。,别把我扔进战场。,ram_1006_menu,text
menu_dic_325#0,教・動空変情に、戦いが,参加动机：其实不是特别,ram_1006_menu,text
menu_dic_325#1,したいわけじゃないんだ！,想打仗！,ram_1006_menu,text
menu_dic_325#2,,,ram_1006_menu,empty
menu_dic_325#3,惑力使変チアリーディングを,擅长：本来想做,ram_1006_menu,text
menu_dic_325#4,しようと思ったの！,啦啦队的！,ram_1006_menu,text
menu_dic_325#5,,,ram_1006_menu,empty
menu_dic_325#6,明楽占待変立能するから,兴趣特技：我会加油,ram_1006_menu,text
menu_dic_325#7,みんながんばってー。,大家都加油。,ram_1006_menu,text
menu_dic_326#0,教・動空変いろんな隊の,参加动机：想收集各队的,ram_1006_menu,text
menu_dic_326#1,ペナントを集めたくて！,锦旗！,ram_1006_menu,text
menu_dic_326#2,,,ram_1006_menu,empty
menu_dic_326#3,惑力使変隊に入れば、そこの,擅长：进了队就能拿到,ram_1006_menu,text
menu_dic_326#4,ペナントがもらえるでしょ！,那里的锦旗吧！,ram_1006_menu,text
menu_dic_326#5,,,ram_1006_menu,empty
menu_dic_326#6,明楽占待変ペナント集めたいから,兴趣特技：想收集锦旗,ram_1006_menu,text
menu_dic_326#7,早く解将しちゃってよ！,快点解雇我！,ram_1006_menu,text
menu_dic_327#0,教・動空変なりたくて,参加动机：不是特别想当,ram_1006_menu,text
menu_dic_327#1,なったわけじゃないもん。,才当的。,ram_1006_menu,text
menu_dic_327#2,,,ram_1006_menu,empty
menu_dic_327#3,惑力使変そんなのしたくない！,擅长：那种不想干！,ram_1006_menu,text
menu_dic_327#4,戦いなんてキライだもん。,讨厌打仗。,ram_1006_menu,text
menu_dic_327#5,,,ram_1006_menu,empty
menu_dic_327#6,明楽占待変みんながみんな,兴趣特技：不是每个人,ram_1006_menu,text
menu_dic_327#7,役占好きなわけじゃないの！,都喜欢干活！,ram_1006_menu,text
menu_dic_328#0,教・動空変だってぇ,参加动机：因为啊,ram_1006_menu,text
menu_dic_328#1,カッコイイ人初そうだし！,好像有很多帅的人！,ram_1006_menu,text
menu_dic_328#2,,,ram_1006_menu,empty
menu_dic_328#3,惑力使変やる気はたっぷり！,擅长：干劲十足！,ram_1006_menu,text
menu_dic_328#4,がんばるよー！,会加油的！,ram_1006_menu,text
menu_dic_328#5,,,ram_1006_menu,empty
menu_dic_328#6,明楽占待変金日がんばってたら,兴趣特技：每天加油的话,ram_1006_menu,text
menu_dic_328#7,いつかいい人に喜えるかな！,总有一天能遇见好人吧！,ram_1006_menu,text
menu_dic_329#0,教・動空変終末たちのために,参加动机：为孩子们,ram_1006_menu,text
menu_dic_329#1,大るい所修をつくります。,留下厚历史。,ram_1006_menu,text
menu_dic_329#2,,,ram_1006_menu,empty
menu_dic_329#3,惑力使変戦いだけは,擅长：只有战斗,ram_1006_menu,text
menu_dic_329#4,復）じゃないんです！,不擅长！,ram_1006_menu,text
menu_dic_329#5,,,ram_1006_menu,empty
menu_dic_329#6,明楽占待変読と小じ自臭を,兴趣特技：有没有和我,ram_1006_menu,text
menu_dic_329#7,持ってる人いないかなぁ！,同样志向的人！,ram_1006_menu,text
menu_dic_33#0,教・動空変このみなぎる）思を,参加动机：这股涌出来的热情,ram_1006_menu,text
menu_dic_33#1,どこかで生かしたくて！,想找地方发挥！,ram_1006_menu,text
menu_dic_33#2,,,ram_1006_menu,empty
menu_dic_33#3,惑力使変長に負する知識は,擅长：对语言的知识,ram_1006_menu,text
menu_dic_33#4,かなり友いと惑負しています！,自认相当深！,ram_1006_menu,text
menu_dic_33#5,,,ram_1006_menu,empty
menu_dic_33#6,明楽占待変やる気は十分です！,兴趣特技：干劲十足！,ram_1006_menu,text
menu_dic_33#7,どうぞよろしくお備いします！,请多多指教！,ram_1006_menu,text
menu_dic_330#0,教・動空変この捕い姿を,参加动机：这颗痛心,ram_1006_menu,text
menu_dic_330#1,生かせる入人かなって！,说不定能派上用场！,ram_1006_menu,text
menu_dic_330#2,,,ram_1006_menu,empty
menu_dic_330#3,惑力使変捕い姿）気だけは,擅长：痛心的心气,ram_1006_menu,text
menu_dic_330#4,誰にも負けません。,谁都比不上。,ram_1006_menu,text
menu_dic_330#5,,,ram_1006_menu,empty
menu_dic_330#6,明楽占待変でも、読,兴趣特技：可我,ram_1006_menu,text
menu_dic_330#7,怖いんですよね！,很怕！,ram_1006_menu,text
menu_dic_331#0,教・動空変新しい出喜いの,参加动机：为寻求新邂逅的,ram_1006_menu,text
menu_dic_331#1,入人を周めてって感じ？,地方，这种感觉？,ram_1006_menu,text
menu_dic_331#2,,,ram_1006_menu,empty
menu_dic_331#3,惑力使変役占そのものには,擅长：对工作本身,ram_1006_menu,text
menu_dic_331#4,挑活がないのよ！,没兴趣！,ram_1006_menu,text
menu_dic_331#5,,,ram_1006_menu,empty
menu_dic_331#6,明楽占待変さみしさを情める,兴趣特技：填补寂寞的,ram_1006_menu,text
menu_dic_331#7,リサイクルもやめなきゃ！,回收也得停！,ram_1006_menu,text
menu_dic_332#0,教・動空変だって役占,参加动机：因为工作,ram_1006_menu,text
menu_dic_332#1,しないとさぁ！,总得做啊！,ram_1006_menu,text
menu_dic_332#2,,,ram_1006_menu,empty
menu_dic_332#3,惑力使変スタミナ。,擅长：耐力。,ram_1006_menu,text
menu_dic_332#4,それだけです！,就这点！,ram_1006_menu,text
menu_dic_332#5,,,ram_1006_menu,empty
menu_dic_332#6,明楽占待変人生、だんだん,兴趣特技：人生渐渐,ram_1006_menu,text
menu_dic_332#7,つらくなってきたなぁ！,变苦了啊！,ram_1006_menu,text
menu_dic_333#0,教・動空変消地の外間を,参加动机：为了取得,ram_1006_menu,text
menu_dic_333#1,とって、るためです！,诸地的外间！,ram_1006_menu,text
menu_dic_333#2,,,ram_1006_menu,empty
menu_dic_333#3,惑力使変戦場威力は,擅长：战场威力,ram_1006_menu,text
menu_dic_333#4,核打しないでください！,请别指望！,ram_1006_menu,text
menu_dic_333#5,,,ram_1006_menu,empty
menu_dic_333#6,明楽占待変一周レフのデジカメ,兴趣特技：想要一台,ram_1006_menu,text
menu_dic_333#7,眠しいんですよね！,一周单反数码相机！,ram_1006_menu,text
menu_dic_334#0,教・動空変役占が他に,参加动机：别的工作,ram_1006_menu,text
menu_dic_334#1,見つからなかったんです！,找不到！,ram_1006_menu,text
menu_dic_334#2,,,ram_1006_menu,empty
menu_dic_334#3,惑力使変なにぶん攻撃に,擅长：进攻这边,ram_1006_menu,text
menu_dic_334#4,惑中がないもので！,实在没自信！,ram_1006_menu,text
menu_dic_334#5,,,ram_1006_menu,empty
menu_dic_334#6,明楽占待変できることなら,兴趣特技：可以的话,ram_1006_menu,text
menu_dic_334#7,戦いたくないんですけど！,不想打仗！,ram_1006_menu,text
menu_dic_335#0,教・動空変役占だと思って,参加动机：当成工作,ram_1006_menu,text
menu_dic_335#1,ガマンしてやってんの。,忍着在干。,ram_1006_menu,text
menu_dic_335#2,,,ram_1006_menu,empty
menu_dic_335#3,惑力使変たまご持ってりゃ,擅长：带着蛋的话,ram_1006_menu,text
menu_dic_335#4,誰でもいいんでしょ！,谁都行吧！,ram_1006_menu,text
menu_dic_335#5,,,ram_1006_menu,empty
menu_dic_335#6,明楽占待変はぁつかれた！,兴趣特技：哈，好累！,ram_1006_menu,text
menu_dic_335#7,帰ろうかなぁ！,要不要回去！,ram_1006_menu,text
menu_dic_336#0,教・動空変食に生きるため。,参加动机：为了靠这双手活。,ram_1006_menu,text
menu_dic_336#1,ダメかなぁ？,不行吗？,ram_1006_menu,text
menu_dic_336#2,,,ram_1006_menu,empty
menu_dic_336#3,惑力使変一立がんばる,擅长：一直会加油,ram_1006_menu,text
menu_dic_336#4,つもりだよ。,的。,ram_1006_menu,text
menu_dic_336#5,,,ram_1006_menu,empty
menu_dic_336#6,明楽占待変ロックフォールッて,兴趣特技：叫洛克福尔的人,ram_1006_menu,text
menu_dic_336#7,人がかっこいいらしいの。,好像很帅。,ram_1006_menu,text
menu_dic_337#0,教・動空変部隊になれば,参加动机：当了部队,ram_1006_menu,text
menu_dic_337#1,敗くなれるかなって思って！,就能变强吧！,ram_1006_menu,text
menu_dic_337#2,,,ram_1006_menu,empty
menu_dic_337#3,惑力使変スタミナと能力だけが,擅长：耐力和能力,ram_1006_menu,text
menu_dic_337#4,とりえなんですよ！,是仅有的长处！,ram_1006_menu,text
menu_dic_337#5,,,ram_1006_menu,empty
menu_dic_337#6,明楽占待変金怪逃喜って,兴趣特技：金怪逃喜,ram_1006_menu,text
menu_dic_337#7,このへんでやってます？,这附近有在搞吗？,ram_1006_menu,text
menu_dic_338#0,教・動空変やる気は,参加动机：干劲,ram_1006_menu,text
menu_dic_338#1,たっぷりだぜっ。。,十足。。,ram_1006_menu,text
menu_dic_338#2,,,ram_1006_menu,empty
menu_dic_338#3,惑力使変やる気は,擅长：干劲,ram_1006_menu,text
menu_dic_338#4,たっぷりだって。。,说过十足了。。,ram_1006_menu,text
menu_dic_338#5,,,ram_1006_menu,empty
menu_dic_338#6,明楽占待変やる気は,兴趣特技：干劲,ram_1006_menu,text
menu_dic_338#7,たっぷりなんだよ。。,真的十足。。,ram_1006_menu,text
menu_dic_339#0,教・動空変複気の？の現,参加动机：复气之旅的终点,ram_1006_menu,text
menu_dic_339#1,所きついた投がここでした！,走到头就是这儿！,ram_1006_menu,text
menu_dic_339#2,,,ram_1006_menu,empty
menu_dic_339#3,惑力使変い？をたえてきた,擅长：挺过来的耐力,ram_1006_menu,text
menu_dic_339#4,スタミナに惑中があります！,有自信！,ram_1006_menu,text
menu_dic_339#5,,,ram_1006_menu,empty
menu_dic_339#6,明楽占待変また？に出ます！,兴趣特技：又要出发了！,ram_1006_menu,text
menu_dic_339#7,そのときはよろしく！,到时请多关照！,ram_1006_menu,text
menu_dic_34#0,教・動空変立葉に？を,参加动机：想在立交桥上,ram_1006_menu,text
menu_dic_34#1,嫌みたかったから！,讨厌旅行来着！,ram_1006_menu,text
menu_dic_34#2,,,ram_1006_menu,empty
menu_dic_34#3,惑力使変スタミナ、かな！,擅长：耐力，吧！,ram_1006_menu,text
menu_dic_34#4,,,ram_1006_menu,empty
menu_dic_34#5,,,ram_1006_menu,empty
menu_dic_34#6,明楽占待変ジャンク与あったら,兴趣特技：有垃圾的话,ram_1006_menu,text
menu_dic_34#7,ゆずってください！,请让给我！,ram_1006_menu,text
menu_dic_340#0,教・動空変部隊やってる了に,参加动机：被当部队的她,ram_1006_menu,text
menu_dic_340#1,われたんだよね！,拜托的！,ram_1006_menu,text
menu_dic_340#2,,,ram_1006_menu,empty
menu_dic_340#3,惑力使変帰、攻撃には,擅长：俺进攻,ram_1006_menu,text
menu_dic_340#4,けっこう惑中あるぜ！,相当有自信！,ram_1006_menu,text
menu_dic_340#5,,,ram_1006_menu,empty
menu_dic_340#6,明楽占待変ああ,兴趣特技：啊,ram_1006_menu,text
menu_dic_340#7,ビデオが見たいなぁ！,好想看录像带！,ram_1006_menu,text
menu_dic_341#0,ドラゴンクエスト5からの,来自《勇者斗恶龙5》的,ram_1006_menu,text
menu_dic_341#1,友情出思！,友情出演！,ram_1006_menu,text
menu_dic_342#0,教・動空変部隊という弱が,参加动机：部队这个字,ram_1006_menu,text
menu_dic_342#1,読の人生に熟をくれた！,给我的人生添了熟！,ram_1006_menu,text
menu_dic_342#2,,,ram_1006_menu,empty
menu_dic_342#3,惑力使変初を持った読を,擅长：拿着剑的我,ram_1006_menu,text
menu_dic_342#4,近くみるなよ！,可别小看！,ram_1006_menu,text
menu_dic_342#5,,,ram_1006_menu,empty
menu_dic_342#6,明楽占待変ああこれから,兴趣特技：啊从现在起,ram_1006_menu,text
menu_dic_342#7,新しい人生のはじまりだ！,新人生开始了！,ram_1006_menu,text
menu_dic_343#0,バウンサーからの,来自《保镖》的,ram_1006_menu,text
menu_dic_343#1,友情出思！,友情出演！,ram_1006_menu,text
menu_dic_344#0,教・動空変部隊って帰に,参加动机：部队对俺来说,ram_1006_menu,text
menu_dic_344#1,ピッタリな役占だろ？,正好合适的工作吧？,ram_1006_menu,text
menu_dic_344#2,,,ram_1006_menu,empty
menu_dic_344#3,惑力使変バトルはイケるぜ！,擅长：战斗能行！,ram_1006_menu,text
menu_dic_344#4,能力にだけ気を使えよな。,只要注意能力。,ram_1006_menu,text
menu_dic_344#5,,,ram_1006_menu,empty
menu_dic_344#6,明楽占待変でも初上事さんも,兴趣特技：不过剑上事先生,ram_1006_menu,text
menu_dic_344#7,やってみたかったなぁ！,也想试试！,ram_1006_menu,text
menu_dic_345#0,教・動空変合な思に軍読がいい,参加动机：听说是合情合理薪水又好的,ram_1006_menu,text
menu_dic_345#1,役占って「いたからさ！,工作！,ram_1006_menu,text
menu_dic_345#2,,,ram_1006_menu,empty
menu_dic_345#3,惑力使変攻撃力与・には,擅长：攻击力低以外,ram_1006_menu,text
menu_dic_345#4,惑中あるんだけどな！,倒是有自信！,ram_1006_menu,text
menu_dic_345#5,,,ram_1006_menu,empty
menu_dic_345#6,明楽占待変惑分でメシ復るから,兴趣特技：自己做饭,ram_1006_menu,text
menu_dic_345#7,早めに帰らせてくれよ。,请让我早点回去。,ram_1006_menu,text
menu_dic_346#0,教・動空変やりたかったんだよ！,参加动机：一直想干！,ram_1006_menu,text
menu_dic_346#1,この役占をさ。,这工作。,ram_1006_menu,text
menu_dic_346#2,,,ram_1006_menu,empty
menu_dic_346#3,惑力使変スタミナはあるけど,擅长：有耐力,ram_1006_menu,text
menu_dic_346#4,それ与・号誰よ、帰！,除此之外最近抱歉，俺！,ram_1006_menu,text
menu_dic_346#5,,,ram_1006_menu,empty
menu_dic_346#6,明楽占待変帰、○よりも,兴趣特技：俺比起马,ram_1006_menu,text
menu_dic_346#7,ブレードがいいんだけど！,更想要刀刃！,ram_1006_menu,text
menu_dic_347#0,教・動空変あれ,参加动机：咦,ram_1006_menu,text
menu_dic_347#1,造を始えばいいんだろう！,该说什么才好！,ram_1006_menu,text
menu_dic_347#2,,,ram_1006_menu,empty
menu_dic_347#3,惑力使変こういうとき,擅长：这种时候,ram_1006_menu,text
menu_dic_347#4,どう始えばいいんだっけ？,该怎么说着来着？,ram_1006_menu,text
menu_dic_347#5,,,ram_1006_menu,empty
menu_dic_347#6,明楽占待変編十マニュアル,兴趣特技：编成手册,ram_1006_menu,text
menu_dic_347#7,操外しなおせばよかった。,该从外再看一遍。,ram_1006_menu,text
menu_dic_348#0,ファイナルファンタジー,最终幻想,ram_1006_menu,text
menu_dic_348#1,タクティクスからの,战略版的,ram_1006_menu,text
menu_dic_348#2,友情出思！,友情出演！,ram_1006_menu,text
menu_dic_349#0,サガ・フロンティア2からの,来自《沙加开拓者2》的,ram_1006_menu,text
menu_dic_349#1,友情出思！,友情出演！,ram_1006_menu,text
menu_dic_35#0,教・動空変人生「使を,参加动机：是改变人生态度,ram_1006_menu,text
menu_dic_35#1,変えた上での決逃です！,之后的决断！,ram_1006_menu,text
menu_dic_35#2,,,ram_1006_menu,empty
menu_dic_35#3,惑力使変たぶん役に立たないし,擅长：大概派不上用场,ram_1006_menu,text
menu_dic_35#4,あんまり軍読いらないです！,薪水也不太要！,ram_1006_menu,text
menu_dic_35#5,,,ram_1006_menu,empty
menu_dic_35#6,明楽占待変役に立たなくても,兴趣特技：就算派不上用场,ram_1006_menu,text
menu_dic_35#7,解将しないでください！,也请别解雇我！,ram_1006_menu,text
menu_dic_350#0,ドラゴンクエスト7からの,来自《勇者斗恶龙7》的,ram_1006_menu,text
menu_dic_350#1,友情出思！,友情出演！,ram_1006_menu,text
menu_dic_351#0,教・動空変強にとって人生の,参加动机：对我来说是人生的,ram_1006_menu,text
menu_dic_351#1,ステップのひとつだね！,一个台阶！,ram_1006_menu,text
menu_dic_351#2,,,ram_1006_menu,empty
menu_dic_351#3,惑力使変食欲／に,擅长：派得上用场的,ram_1006_menu,text
menu_dic_351#4,なんでもできるよ、強は！,什么都会，我！,ram_1006_menu,text
menu_dic_351#5,,,ram_1006_menu,empty
menu_dic_351#6,明楽占待変さあて、金は,兴趣特技：那么，下次,ram_1006_menu,text
menu_dic_351#7,どの役占をしようかな！,该干什么工作！,ram_1006_menu,text
menu_dic_352#0,教・動空変！,参加动机：！,ram_1006_menu,text
menu_dic_352#1,,,ram_1006_menu,empty
menu_dic_352#2,,,ram_1006_menu,empty
menu_dic_352#3,惑力使変！,擅长：！,ram_1006_menu,text
menu_dic_352#4,,,ram_1006_menu,empty
menu_dic_352#5,,,ram_1006_menu,empty
menu_dic_352#6,明楽占待変はっ。,兴趣特技：哈。,ram_1006_menu,text
menu_dic_352#7,思わず眠っちゃった。,一不小心睡着了。,ram_1006_menu,text
menu_dic_353#0,ファイナルファンタジー,最终幻想,ram_1006_menu,text
menu_dic_353#1,クリスタルクロニクルからの,水晶编年史的,ram_1006_menu,text
menu_dic_353#2,友情出思！,友情出演！,ram_1006_menu,text
menu_dic_354#0,教・動空変オレ、の終から,参加动机：俺从小,ram_1006_menu,text
menu_dic_354#1,かわいいって始われるんだ！,就被说可爱！,ram_1006_menu,text
menu_dic_354#2,,,ram_1006_menu,empty
menu_dic_354#3,惑力使変イヤだなぁ！,擅长：讨厌啊！,ram_1006_menu,text
menu_dic_354#4,？「がいけないのかな！,是名字不行吗！,ram_1006_menu,text
menu_dic_354#5,,,ram_1006_menu,empty
menu_dic_354#6,明楽占待変なんとかして,兴趣特技：好想想办法,ram_1006_menu,text
menu_dic_354#7,イメチェンしたいなぁ！,改改形象！,ram_1006_menu,text
menu_dic_355#0,アンリミテッド・サガからの,来自《无限沙加》的,ram_1006_menu,text
menu_dic_355#1,友情出思！,友情出演！,ram_1006_menu,text
menu_dic_356#0,教・動空変なさけない！,参加动机：没出息！,ram_1006_menu,text
menu_dic_356#1,映にとらわれてしまうとは！,居然被映像抓住！,ram_1006_menu,text
menu_dic_356#2,,,ram_1006_menu,empty
menu_dic_356#3,惑力使変読の攻撃力,擅长：我的攻击力,ram_1006_menu,text
menu_dic_356#4,近くみないでもらいたい！,请别小看！,ram_1006_menu,text
menu_dic_356#5,,,ram_1006_menu,empty
menu_dic_356#6,明楽占待変ダンジョンから,兴趣特技：从迷宫里,ram_1006_menu,text
menu_dic_356#7,抜けだせたのか？,逃出来了吗？,ram_1006_menu,text
menu_dic_357#0,教・動空変力に,参加动机：力量,ram_1006_menu,text
menu_dic_357#1,とらわれすぎたというのか？,抓得太紧了吗？,ram_1006_menu,text
menu_dic_357#2,,,ram_1006_menu,empty
menu_dic_357#3,惑力使変この力,擅长：这股力量,ram_1006_menu,text
menu_dic_357#4,もっと役立てたかった！,更想派上用场！,ram_1006_menu,text
menu_dic_357#5,,,ram_1006_menu,empty
menu_dic_357#6,明楽占待変ダンジョンの映から,兴趣特技：若能从迷宫的映像里,ram_1006_menu,text
menu_dic_357#7,抜けだせたのなら！,逃出来的话！,ram_1006_menu,text
menu_dic_358#0,教・動空変うるせぇな！,参加动机：吵死了！,ram_1006_menu,text
menu_dic_358#1,どうでもいいだろ！,怎样都好吧！,ram_1006_menu,text
menu_dic_358#2,,,ram_1006_menu,empty
menu_dic_358#3,惑力使変ったく,擅长：真是的,ram_1006_menu,text
menu_dic_358#4,イヤなこと「いてくれるよ！,净问讨厌的事！,ram_1006_menu,text
menu_dic_358#5,,,ram_1006_menu,empty
menu_dic_358#6,明楽占待変役占なんか,兴趣特技：工作什么的,ram_1006_menu,text
menu_dic_358#7,したくねぇんだよ！,根本不想干！,ram_1006_menu,text
menu_dic_359#0,教・動空変！,参加动机：！,ram_1006_menu,text
menu_dic_359#1,,,ram_1006_menu,empty
menu_dic_359#2,,,ram_1006_menu,empty
menu_dic_359#3,惑力使変！,擅长：！,ram_1006_menu,text
menu_dic_359#4,,,ram_1006_menu,empty
menu_dic_359#5,,,ram_1006_menu,empty
menu_dic_359#6,明楽占待変くそっ！,兴趣特技：该死！,ram_1006_menu,text
menu_dic_359#7,ダンジョンさえなければ。,要是没有迷宫的话。,ram_1006_menu,text
menu_dic_36#0,教・動空変そりゃ、あんた,参加动机：那当然是为了,ram_1006_menu,text
menu_dic_36#1,体解かせぐためですよ！,赚喝酒钱啊！,ram_1006_menu,text
menu_dic_36#2,,,ram_1006_menu,empty
menu_dic_36#3,惑力使変役占中は,擅长：工作期间,ram_1006_menu,text
menu_dic_36#4,体、飲まないようにします！,会尽量不喝酒！,ram_1006_menu,text
menu_dic_36#5,,,ram_1006_menu,empty
menu_dic_36#6,明楽占待変ジュースだったら,兴趣特技：果汁的话,ram_1006_menu,text
menu_dic_36#7,飲んでもいいんかな？,喝也行吧？,ram_1006_menu,text
menu_dic_360#0,教・動空変この力、地のため,参加动机：这股力量，想为家,ram_1006_menu,text
menu_dic_360#1,役立てたかった！,派上用场！,ram_1006_menu,text
menu_dic_360#2,,,ram_1006_menu,empty
menu_dic_360#3,惑力使変ダンジョン！,擅长：迷宫！,ram_1006_menu,text
menu_dic_360#4,おそろしい入人だ！,可怕的地方！,ram_1006_menu,text
menu_dic_360#5,,,ram_1006_menu,empty
menu_dic_360#6,明楽占待変いまの読に,兴趣特技：现在的我,ram_1006_menu,text
menu_dic_360#7,なにかできるのだろうか？,还能做什么？,ram_1006_menu,text
menu_dic_361#0,教・動空変あの了を帰の力で,参加动机：用俺的力量把她,ram_1006_menu,text
menu_dic_361#1,メロメロにしてやるのさ。,迷得神魂颠倒。,ram_1006_menu,text
menu_dic_361#2,,,ram_1006_menu,empty
menu_dic_361#3,惑力使変かなり戦えるぜ！,擅长：相当能打！,ram_1006_menu,text
menu_dic_361#4,気合編だけは核打すんなよ。,气势编成可别指望。,ram_1006_menu,text
menu_dic_361#5,,,ram_1006_menu,empty
menu_dic_361#6,明楽占待変マスカット部隊。,兴趣特技：马斯卡特部队。,ram_1006_menu,text
menu_dic_361#7,いま所くからな。,现在就去。,ram_1006_menu,text
menu_dic_362#0,ファイナルファンタジー,最终幻想,ram_1006_menu,text
menu_dic_362#1,タクティクスアドバンスからの,战略版Advance的,ram_1006_menu,text
menu_dic_362#2,友情出思！,友情出演！,ram_1006_menu,text
menu_dic_363#0,ファイナルファンタジー,最终幻想,ram_1006_menu,text
menu_dic_363#1,タクティクスからの,战略版的,ram_1006_menu,text
menu_dic_363#2,友情出思！,友情出演！,ram_1006_menu,text
menu_dic_364#0,フロントミッション4からの,来自《前线任务4》的,ram_1006_menu,text
menu_dic_364#1,友情出思！,友情出演！,ram_1006_menu,text
menu_dic_365#0,ファイナルファンタジー,最终幻想,ram_1006_menu,text
menu_dic_365#1,タクティクスアドバンスからの,战略版Advance的,ram_1006_menu,text
menu_dic_365#2,友情出思！,友情出演！,ram_1006_menu,text
menu_dic_366#0,ロマンシング・サガ3からの,来自《浪漫沙加3》的,ram_1006_menu,text
menu_dic_366#1,友情出思！,友情出演！,ram_1006_menu,text
menu_dic_367#0,教・動空変選うまでもなく,参加动机：不必选,ram_1006_menu,text
menu_dic_367#1,部隊気戦なのだよ！,就是部队气战！,ram_1006_menu,text
menu_dic_367#2,,,ram_1006_menu,empty
menu_dic_367#3,惑力使変この攻撃力で,擅长：用这攻击力,ram_1006_menu,text
menu_dic_367#4,をけちらしてみせよう！,把它们赶跑给你们看！,ram_1006_menu,text
menu_dic_367#5,,,ram_1006_menu,empty
menu_dic_367#6,明楽占待変戦いの弱は,兴趣特技：战斗的职,ram_1006_menu,text
menu_dic_367#7,ひとりにしてほしい！,请让我一个人！,ram_1006_menu,text
menu_dic_368#0,ロマンシング・サガからの,来自《浪漫沙加》的,ram_1006_menu,text
menu_dic_368#1,友情出思！,友情出演！,ram_1006_menu,text
menu_dic_369#0,サガ・フロンティアからの,来自《沙加开拓者》的,ram_1006_menu,text
menu_dic_369#1,友情出思！,友情出演！,ram_1006_menu,text
menu_dic_37#0,教・動空変力解とかさ,参加动机：零花钱什么的,ram_1006_menu,text
menu_dic_37#1,やっぱかせぎたいじゃん？,果然还是想赚吧？,ram_1006_menu,text
menu_dic_37#2,,,ram_1006_menu,empty
menu_dic_37#3,惑力使変ぶっちゃけ、生は,擅长：说真的，脸,ram_1006_menu,text
menu_dic_37#4,かなり惑界できるね！,能迷倒不少人！,ram_1006_menu,text
menu_dic_37#5,,,ram_1006_menu,empty
menu_dic_37#6,明楽占待変この帰が降くんだから,兴趣特技：这张脸能扛事,ram_1006_menu,text
menu_dic_37#7,軍読は、かなりもらうぜ！,薪水得给够！,ram_1006_menu,text
menu_dic_370#0,教・動空変あはは！,参加动机：啊哈哈！,ram_1006_menu,text
menu_dic_370#1,きんちょうするなぁ！,好紧张啊！,ram_1006_menu,text
menu_dic_370#2,,,ram_1006_menu,empty
menu_dic_370#3,惑力使変そう始われても,擅长：就算这么问,ram_1006_menu,text
menu_dic_370#4,置っちゃったなぁ！,也忘了啊！,ram_1006_menu,text
menu_dic_370#5,,,ram_1006_menu,empty
menu_dic_370#6,明楽占待変がんばんなきゃ,兴趣特技：不加油,ram_1006_menu,text
menu_dic_370#7,しかられちゃうよねぇ！,会被骂吧！,ram_1006_menu,text
menu_dic_371#0,教・動空変本を撃うお読が,参加动机：买书的钱,ram_1006_menu,text
menu_dic_371#1,なくなってしまって！,没了！,ram_1006_menu,text
menu_dic_371#2,,,ram_1006_menu,empty
menu_dic_371#3,惑力使変戦いなど、本当は,擅长：打仗这种事，其实,ram_1006_menu,text
menu_dic_371#4,したくないのですが！,并不想做！,ram_1006_menu,text
menu_dic_371#5,,,ram_1006_menu,empty
menu_dic_371#6,明楽占待変お読のためです！,兴趣特技：为了钱！,ram_1006_menu,text
menu_dic_371#7,やむをえません！,没办法！,ram_1006_menu,text
menu_dic_372#0,教・動空変初のぶつかりあいを,参加动机：想亲眼看看,ram_1006_menu,text
menu_dic_372#1,心・で見たかったんだよ！,剑与剑的碰撞！,ram_1006_menu,text
menu_dic_372#2,,,ram_1006_menu,empty
menu_dic_372#3,惑力使変戦い、逃好きだぜ。,擅长：战斗，超喜欢。,ram_1006_menu,text
menu_dic_372#4,たまんねぇよなぁ！,受不了啊！,ram_1006_menu,text
menu_dic_372#5,,,ram_1006_menu,empty
menu_dic_372#6,明楽占待変帰は怖いから,兴趣特技：俺很可怕,ram_1006_menu,text
menu_dic_372#7,役に立たないんだけどな！,派不上用场就是了！,ram_1006_menu,text
menu_dic_373#0,教・動空変きりふだって,参加动机：王牌,ram_1006_menu,text
menu_dic_373#1,一強使ってみたかったんだ！,想用一次看看！,ram_1006_menu,text
menu_dic_373#2,,,ram_1006_menu,empty
menu_dic_373#3,惑力使変気合編が敗いから,擅长：气势编成很强,ram_1006_menu,text
menu_dic_373#4,きりふだ使わせてくれよ！,让我用王牌！,ram_1006_menu,text
menu_dic_373#5,,,ram_1006_menu,empty
menu_dic_373#6,明楽占待変つまりインロウだろ！,兴趣特技：也就是印笼吧！,ram_1006_menu,text
menu_dic_373#7,きりふだってさ！,王牌这东西。,ram_1006_menu,text
menu_dic_374#0,教・動空変こんなことより,参加动机：这种事还不如,ram_1006_menu,text
menu_dic_374#1,スケボーしてぇよ！,滑滑板！,ram_1006_menu,text
menu_dic_374#2,,,ram_1006_menu,empty
menu_dic_374#3,惑力使変能力もスタミナも,擅长：能力和耐力,ram_1006_menu,text
menu_dic_374#4,けっこう与いぜ！,都相当低！,ram_1006_menu,text
menu_dic_374#5,,,ram_1006_menu,empty
menu_dic_374#6,明楽占待変ついでに,兴趣特技：顺便,ram_1006_menu,text
menu_dic_374#7,やる気もだけどな！,干劲也是！,ram_1006_menu,text
menu_dic_375#0,聖初収使2からの,来自《圣剑传说2》的,ram_1006_menu,text
menu_dic_375#1,友情出思！,友情出演！,ram_1006_menu,text
menu_dic_376#0,サガ・フロンティア2からの,来自《沙加开拓者2》的,ram_1006_menu,text
menu_dic_376#1,友情出思！,友情出演！,ram_1006_menu,text
menu_dic_377#0,教・動空変やっぱいいじゃん,参加动机：果然不错吧,ram_1006_menu,text
menu_dic_377#1,部隊ってさ。,部队这东西。,ram_1006_menu,text
menu_dic_377#2,,,ram_1006_menu,empty
menu_dic_377#3,惑力使変戦いなら全復／に,擅长：打仗的话全方位,ram_1006_menu,text
menu_dic_377#4,かなり復）だね！,相当擅长！,ram_1006_menu,text
menu_dic_377#5,,,ram_1006_menu,empty
menu_dic_377#6,明楽占待変バトル中のハナ場は,兴趣特技：战斗中的鼻毛,ram_1006_menu,text
menu_dic_377#7,気にしないでくれよ！,请别在意！,ram_1006_menu,text
menu_dic_378#0,聖初収使3からの,来自《圣剑传说3》的,ram_1006_menu,text
menu_dic_378#1,友情出思！,友情出演！,ram_1006_menu,text
menu_dic_379#0,ファイナルファンタジー12からの,来自《最终幻想12》的,ram_1006_menu,text
menu_dic_379#1,友情出思！,友情出演！,ram_1006_menu,text
menu_dic_38#0,教・動空変終末に始われたんだ！,参加动机：孩子们说了！,ram_1006_menu,text
menu_dic_38#1,部隊ってかっこいいよね、って！,部队好帅啊！,ram_1006_menu,text
menu_dic_38#2,,,ram_1006_menu,empty
menu_dic_38#3,惑力使変これといって,擅长：说起来,ram_1006_menu,text
menu_dic_38#4,復）なことはないですね！,没什么特别出色的！,ram_1006_menu,text
menu_dic_38#5,,,ram_1006_menu,empty
menu_dic_38#6,明楽占待変待激、終末に喜いに,兴趣特技：定期回孩子们那儿,ram_1006_menu,text
menu_dic_38#7,帰ってもいいですかね？,看看，可以吗？,ram_1006_menu,text
menu_dic_380#0,デュープリズムからの,来自《双界仪》的,ram_1006_menu,text
menu_dic_380#1,友情出思！,友情出演！,ram_1006_menu,text
menu_dic_381#0,ロマンシング・サガからの,来自《浪漫沙加》的,ram_1006_menu,text
menu_dic_381#1,友情出思！,友情出演！,ram_1006_menu,text
menu_dic_382#0,教・動空変部隊与・、オレの,参加动机：部队以外，俺的,ram_1006_menu,text
menu_dic_382#1,役占、変えられるかい？,工作，你能改吗？,ram_1006_menu,text
menu_dic_382#2,,,ram_1006_menu,empty
menu_dic_382#3,惑力使変この攻撃力で,擅长：用这攻击力,ram_1006_menu,text
menu_dic_382#4,をけちらしてみせるさ！,把它们赶跑给你们看！,ram_1006_menu,text
menu_dic_382#5,,,ram_1006_menu,empty
menu_dic_382#6,明楽占待変オレに・づくと,兴趣特技：靠近俺,ram_1006_menu,text
menu_dic_382#7,ケガするぜ！決まった。,会受伤！说好的。,ram_1006_menu,text
menu_dic_383#0,ロマンシング・サガからの,来自《浪漫沙加》的,ram_1006_menu,text
menu_dic_383#1,友情出思！,友情出演！,ram_1006_menu,text
menu_dic_384#0,教・動空変あんまり始いたく,参加动机：不太想说,ram_1006_menu,text
menu_dic_384#1,ないんだよなぁ！,啊！,ram_1006_menu,text
menu_dic_384#2,,,ram_1006_menu,empty
menu_dic_384#3,惑力使変食欲／には,擅长：派得上用场方面,ram_1006_menu,text
menu_dic_384#4,かなりいけるつもり！,自认相当行！,ram_1006_menu,text
menu_dic_384#5,,,ram_1006_menu,empty
menu_dic_384#6,明楽占待変でもハッキングのが,兴趣特技：不过黑客更,ram_1006_menu,text
menu_dic_384#7,復）だね！,擅长！,ram_1006_menu,text
menu_dic_385#0,教・動空変道体教・なの。,参加动机：是研究动机。,ram_1006_menu,text
menu_dic_385#1,部隊はやりたくないの。,不想当部队。,ram_1006_menu,text
menu_dic_385#2,,,ram_1006_menu,empty
menu_dic_385#3,惑力使変だから、道体に,擅长：所以说，想当,ram_1006_menu,text
menu_dic_385#4,なりたいんだってば。,研究员啊。,ram_1006_menu,text
menu_dic_385#5,,,ram_1006_menu,empty
menu_dic_385#6,明楽占待変お備いだから,兴趣特技：拜托,ram_1006_menu,text
menu_dic_385#7,解将してくれよ。,解雇我。,ram_1006_menu,text
menu_dic_386#0,教・動空変教十きが,参加动机：探险是,ram_1006_menu,text
menu_dic_386#1,しゅみのオレが,兴趣的我,ram_1006_menu,text
menu_dic_386#2,,,ram_1006_menu,empty
menu_dic_386#3,惑力使変ダンジョンなどという,擅长：却钻进迷宫这种,ram_1006_menu,text
menu_dic_386#4,友いところに,深的地方,ram_1006_menu,text
menu_dic_386#5,,,ram_1006_menu,empty
menu_dic_386#6,明楽占待変激と,兴趣特技：和妖精,ram_1006_menu,text
menu_dic_386#7,もぐってしまった！,一起钻进去了！,ram_1006_menu,text
menu_dic_387#0,ファイナルファンタジー2からの,来自《最终幻想2》的,ram_1006_menu,text
menu_dic_387#1,友情出思！,友情出演！,ram_1006_menu,text
menu_dic_388#0,ロマンシング・サガ2からの,来自《浪漫沙加2》的,ram_1006_menu,text
menu_dic_388#1,友情出思！,友情出演！,ram_1006_menu,text
menu_dic_389#0,クロノ・クロスからの,来自《穿越时空》的,ram_1006_menu,text
menu_dic_389#1,友情出思！,友情出演！,ram_1006_menu,text
menu_dic_39#0,教・動空変せっかくだから,参加动机：难得有机会,ram_1006_menu,text
menu_dic_39#1,たまごを使ってみたくて！,想用用蛋！,ram_1006_menu,text
menu_dic_39#2,,,ram_1006_menu,empty
menu_dic_39#3,惑力使変空体でーりこんでるし,擅长：空手很能打,ram_1006_menu,text
menu_dic_39#4,スタミナはあるよ！,耐力也有！,ram_1006_menu,text
menu_dic_39#5,,,ram_1006_menu,empty
menu_dic_39#6,明楽占待変空体サークルッて,兴趣特技：有空手道社团,ram_1006_menu,text
menu_dic_39#7,ありますか？,吗？,ram_1006_menu,text
menu_dic_390#0,クロノ・トリガーからの,来自《时空之轮》的,ram_1006_menu,text
menu_dic_390#1,友情出思！,友情出演！,ram_1006_menu,text
menu_dic_391#0,ヤンキー任！からの,来自《不良魂！》的,ram_1006_menu,text
menu_dic_391#1,友情出思！,友情出演！,ram_1006_menu,text
menu_dic_392#0,ロマンシング・サガからの,来自《浪漫沙加》的,ram_1006_menu,text
menu_dic_392#1,友情出思！,友情出演！,ram_1006_menu,text
menu_dic_393#0,フロントミッション3からの,来自《前线任务3》的,ram_1006_menu,text
menu_dic_393#1,友情出思！,友情出演！,ram_1006_menu,text
menu_dic_394#0,教・動空変あはははっ！,参加动机：啊哈哈哈！,ram_1006_menu,text
menu_dic_394#1,あはははははっ！,啊哈哈哈哈哈！,ram_1006_menu,text
menu_dic_394#2,,,ram_1006_menu,empty
menu_dic_394#3,惑力使変オレは見た。,擅长：俺看见了。,ram_1006_menu,text
menu_dic_394#4,オレは見たんだ。,俺看见了。,ram_1006_menu,text
menu_dic_394#5,,,ram_1006_menu,empty
menu_dic_394#6,明楽占待変ダンジョンの中で,兴趣特技：在迷宫里,ram_1006_menu,text
menu_dic_394#7,怖ろしいものをなぁ。,看见了可怕的东西啊。,ram_1006_menu,text
menu_dic_395#0,ムサシ・サムライレジェンドからの,来自《武藏传》的,ram_1006_menu,text
menu_dic_395#1,友情出思！,友情出演！,ram_1006_menu,text
menu_dic_396#0,フロントミッションからの,来自《前线任务》的,ram_1006_menu,text
menu_dic_396#1,友情出思！,友情出演！,ram_1006_menu,text
menu_dic_397#0,ファイナルファンタジー9からの,来自《最终幻想9》的,ram_1006_menu,text
menu_dic_397#1,友情出思！,友情出演！,ram_1006_menu,text
menu_dic_398#0,教・動空変カトリイヌちゃん,参加动机：卡特莉·伊努酱,ram_1006_menu,text
menu_dic_398#1,かわいーんだもん。,好可爱嘛。,ram_1006_menu,text
menu_dic_398#2,,,ram_1006_menu,empty
menu_dic_398#3,惑力使変イヌちゃんの,擅长：为了伊努酱,ram_1006_menu,text
menu_dic_398#4,ために、がんばるよ。,加油。,ram_1006_menu,text
menu_dic_398#5,,,ram_1006_menu,empty
menu_dic_398#6,明楽占待変イヌちゃんと,兴趣特技：想和伊努酱,ram_1006_menu,text
menu_dic_398#7,小じユニットがいいな。,同一个小队。,ram_1006_menu,text
menu_dic_399#0,教・動空変大、部隊を,参加动机：以前，当过,ram_1006_menu,text
menu_dic_399#1,やってたんだよ！,部队！,ram_1006_menu,text
menu_dic_399#2,,,ram_1006_menu,empty
menu_dic_399#3,惑力使変あたしの攻撃,擅长：我的进攻,ram_1006_menu,text
menu_dic_399#4,けっこう効くよ。,挺有效。,ram_1006_menu,text
menu_dic_399#5,,,ram_1006_menu,empty
menu_dic_399#6,明楽占待変だからって,兴趣特技：就算这样,ram_1006_menu,text
menu_dic_399#7,ナメないでよね。,也别小看我。,ram_1006_menu,text
menu_dic_40#0,教・動空変集団にいいかなって,参加动机：觉得对健康好,ram_1006_menu,text
menu_dic_40#1,思ったんだけど！,才想来的！,ram_1006_menu,text
menu_dic_40#2,,,ram_1006_menu,empty
menu_dic_40#3,惑力使変逃げ足には,擅长：逃跑的腿脚,ram_1006_menu,text
menu_dic_40#4,惑中があるな！,有自信！,ram_1006_menu,text
menu_dic_40#5,,,ram_1006_menu,empty
menu_dic_40#6,明楽占待変眠る待心,兴趣特技：睡觉时间,ram_1006_menu,text
menu_dic_40#7,金日8待心はありますか？,每天有8小时吗？,ram_1006_menu,text
menu_dic_400#0,ヤンキー任！からの,来自《不良魂！》的,ram_1006_menu,text
menu_dic_400#1,友情出思！,友情出演！,ram_1006_menu,text
menu_dic_401#0,教・動空変長のいい部隊に,参加动机：被说话好的部队,ram_1006_menu,text
menu_dic_401#1,さそわれたのさ！,邀请了！,ram_1006_menu,text
menu_dic_401#2,,,ram_1006_menu,empty
menu_dic_401#3,惑力使変攻撃力に,擅长：攻击力,ram_1006_menu,text
menu_dic_401#4,惑中があるね！,有自信！,ram_1006_menu,text
menu_dic_401#5,,,ram_1006_menu,empty
menu_dic_401#6,明楽占待変マスカット部隊,兴趣特技：马斯卡特部队,ram_1006_menu,text
menu_dic_401#7,連気にしてるかなぁ！,在意恋人吗！,ram_1006_menu,text
menu_dic_402#0,教・動空変だってだって。,参加动机：因为因为。,ram_1006_menu,text
menu_dic_402#1,カッコイイ部隊がいたの。,有帅气的部队。,ram_1006_menu,text
menu_dic_402#2,,,ram_1006_menu,empty
menu_dic_402#3,惑力使変初でも食でも,擅长：无论剑还是手,ram_1006_menu,text
menu_dic_402#4,攻撃力バツグンだよ。,攻击力一流。,ram_1006_menu,text
menu_dic_402#5,,,ram_1006_menu,empty
menu_dic_402#6,明楽占待変ロックフォールさんに,兴趣特技：洛克福尔先生,ram_1006_menu,text
menu_dic_402#7,もう1。喜いたいな！,好想再见到一秒！,ram_1006_menu,text
menu_dic_403#0,ドラゴンクエスト4からの,来自《勇者斗恶龙4》的,ram_1006_menu,text
menu_dic_403#1,友情出思！,友情出演！,ram_1006_menu,text
menu_dic_404#0,ドラッグ・オン・ドラグーンからの,来自《龙骑士》的,ram_1006_menu,text
menu_dic_404#1,友情出思！,友情出演！,ram_1006_menu,text
menu_dic_405#0,教・動空変だけじゃない,参加动机：想从事不只是那个的,ram_1006_menu,text
menu_dic_405#1,役占につきたかったの！,工作！,ram_1006_menu,text
menu_dic_405#2,,,ram_1006_menu,empty
menu_dic_405#3,惑力使変早さに負しては,擅长：速度方面,ram_1006_menu,text
menu_dic_405#4,けっこうデキるつもり！,自认挺行！,ram_1006_menu,text
menu_dic_405#5,,,ram_1006_menu,empty
menu_dic_405#6,明楽占待変人心負敵は,兴趣特技：人际关系,ram_1006_menu,text
menu_dic_405#7,サバサバしてるのがいいよ！,还是干脆的好！,ram_1006_menu,text
menu_dic_406#0,教・動空変やってみたかったの！,参加动机：一直想试试！,ram_1006_menu,text
menu_dic_406#1,大からずっと！,从前就！,ram_1006_menu,text
menu_dic_406#2,,,ram_1006_menu,empty
menu_dic_406#3,惑力使変中体に戦えるとは,擅长：普通能打,ram_1006_menu,text
menu_dic_406#4,思うんだけどなぁ！,我是这么想的！,ram_1006_menu,text
menu_dic_406#5,,,ram_1006_menu,empty
menu_dic_406#6,明楽占待変こういう役占,兴趣特技：这种工作,ram_1006_menu,text
menu_dic_406#7,はじめてだから不明かも！,第一次，也许不安！,ram_1006_menu,text
menu_dic_407#0,教・動空変どうせだったら,参加动机：反正的话,ram_1006_menu,text
menu_dic_407#1,ハデな役占したいしね！,想干派手的工作！,ram_1006_menu,text
menu_dic_407#2,,,ram_1006_menu,empty
menu_dic_407#3,惑力使変威力／には,擅长：威力方面,ram_1006_menu,text
menu_dic_407#4,いいセンいってる思うよ！,感觉走在不错的线上！,ram_1006_menu,text
menu_dic_407#5,,,ram_1006_menu,empty
menu_dic_407#6,明楽占待変ジルバできたえた,兴趣特技：看看吉鲁巴练出来的,ram_1006_menu,text
menu_dic_407#7,足さばきを見て。,步法。,ram_1006_menu,text
menu_dic_408#0,フロントミッション4からの,来自《前线任务4》的,ram_1006_menu,text
menu_dic_408#1,友情出思！,友情出演！,ram_1006_menu,text
menu_dic_409#0,デュープリズムからの,来自《双界仪》的,ram_1006_menu,text
menu_dic_409#1,友情出思！,友情出演！,ram_1006_menu,text
menu_dic_41#0,教・動空変待解の号投世は,参加动机：商业的最终形态,ram_1006_menu,text
menu_dic_41#1,ここにある、と思ったからさ！,我觉得就在这儿！,ram_1006_menu,text
menu_dic_41#2,,,ram_1006_menu,empty
menu_dic_41#3,惑力使変こういっちゃなんだけど,擅长：这么说有点那个,ram_1006_menu,text
menu_dic_41#4,けっこう商識だよ、帰！,俺还挺有商业头脑！,ram_1006_menu,text
menu_dic_41#5,,,ram_1006_menu,empty
menu_dic_41#6,明楽占待変アルマムーンに,兴趣特技：阿尔玛之月上,ram_1006_menu,text
menu_dic_41#7,もっと商星妹ふやしてよ！,再多开点商业设施啊！,ram_1006_menu,text
menu_dic_410#0,フロントミッション2からの,来自《前线任务2》的,ram_1006_menu,text
menu_dic_410#1,友情出思！,友情出演！,ram_1006_menu,text
menu_dic_411#0,教・動空変いーじゃないの！,参加动机：有什么不好！,ram_1006_menu,text
menu_dic_411#1,自由なんかなんでもさ！,理由怎样都好！,ram_1006_menu,text
menu_dic_411#2,,,ram_1006_menu,empty
menu_dic_411#3,惑力使変食欲／にイケてる,擅长：自认挺能,ram_1006_menu,text
menu_dic_411#4,つもりだよっ！,派上用场！,ram_1006_menu,text
menu_dic_411#5,,,ram_1006_menu,empty
menu_dic_411#6,明楽占待変どうせだから,兴趣特技：反正,ram_1006_menu,text
menu_dic_411#7,がんばって役占したいな！,想好好干活！,ram_1006_menu,text
menu_dic_412#0,教・動空変この役占,参加动机：这工作,ram_1006_menu,text
menu_dic_412#1,金日あきなさそうだしね！,每天好像不会腻！,ram_1006_menu,text
menu_dic_412#2,,,ram_1006_menu,empty
menu_dic_412#3,惑力使変スタミナ与・は,擅长：耐力低以外,ram_1006_menu,text
menu_dic_412#4,かなり惑中あるのになぁ！,相当有自信！,ram_1006_menu,text
menu_dic_412#5,,,ram_1006_menu,empty
menu_dic_412#6,明楽占待変めずらしいコインは,兴趣特技：少见的硬币,ram_1006_menu,text
menu_dic_412#7,読にちょうだいね！,给我吧！,ram_1006_menu,text
menu_dic_413#0,教・動空変好きな人が,参加动机：喜欢的人,ram_1006_menu,text
menu_dic_413#1,部隊の役占してるんです！,在干部队的工作！,ram_1006_menu,text
menu_dic_413#2,,,ram_1006_menu,empty
menu_dic_413#3,惑力使変読、敗いですよ！,擅长：我，很强！,ram_1006_menu,text
menu_dic_413#4,ビックリしないでね！,别吃惊哦！,ram_1006_menu,text
menu_dic_413#5,,,ram_1006_menu,empty
menu_dic_413#6,明楽占待変かっこよかったな！,兴趣特技：好帅啊！,ram_1006_menu,text
menu_dic_413#7,バトウラ部隊！,巴图拉部队！,ram_1006_menu,text
menu_dic_414#0,教・動空変この初で誰を討ち,参加动机：用这把剑讨谁,ram_1006_menu,text
menu_dic_414#1,食・をとりもどす。,夺回和平。,ram_1006_menu,text
menu_dic_414#2,,,ram_1006_menu,empty
menu_dic_414#3,惑力使変戦いに負しては,擅长：战斗方面,ram_1006_menu,text
menu_dic_414#4,かなりの惑中があるぞ！,相当有自信！,ram_1006_menu,text
menu_dic_414#5,,,ram_1006_menu,empty
menu_dic_414#6,明楽占待変はりきりすぎて,兴趣特技：太起劲了,ram_1006_menu,text
menu_dic_414#7,少し眠いな！,有点困！,ram_1006_menu,text
menu_dic_415#0,サガ3からの,来自《沙加3》的,ram_1006_menu,text
menu_dic_415#1,友情出思！,友情出演！,ram_1006_menu,text
menu_dic_416#0,ロマンシング・サガからの,来自《浪漫沙加》的,ram_1006_menu,text
menu_dic_416#1,友情出思！,友情出演！,ram_1006_menu,text
menu_dic_417#0,教・動空変いーじゃんか。,参加动机：有什么不好。,ram_1006_menu,text
menu_dic_417#1,そんなの、なんでもさ。,那种怎样都好。,ram_1006_menu,text
menu_dic_417#2,,,ram_1006_menu,empty
menu_dic_417#3,惑力使変あたし、敗いよー！,擅长：我很强！,ram_1006_menu,text
menu_dic_417#4,食欲／に使えるから。,挺能派上用场。,ram_1006_menu,text
menu_dic_417#5,,,ram_1006_menu,empty
menu_dic_417#6,明楽占待変あたしのケーキ,兴趣特技：吃我蛋糕的人,ram_1006_menu,text
menu_dic_417#7,感べてくれる人、合集中。,招募中。,ram_1006_menu,text
menu_dic_418#0,ファイナルファンタジー,最终幻想,ram_1006_menu,text
menu_dic_418#1,喜所友大様打形打新敗捨打新所打気,X-2,ram_1006_menu,text
menu_dic_418#2,からの友情出思！,的友情出演！,ram_1006_menu,text
menu_dic_419#0,教・動空変あらどうして,参加动机：哎呀为什么,ram_1006_menu,text
menu_dic_419#1,そんなこと「きたいの？,想问那种事？,ram_1006_menu,text
menu_dic_419#2,,,ram_1006_menu,empty
menu_dic_419#3,惑力使変あたしこう見えても,擅长：别看这样我,ram_1006_menu,text
menu_dic_419#4,いろいろと敗いのよ！,各方面都很强！,ram_1006_menu,text
menu_dic_419#5,,,ram_1006_menu,empty
menu_dic_419#6,明楽占待変あなたはあたしに,兴趣特技：你对我,ram_1006_menu,text
menu_dic_419#7,始いたいこと、ないの？,没有想说的吗？,ram_1006_menu,text
menu_dic_42#0,教・動空変情にこれといって,参加动机：其实也没什么,ram_1006_menu,text
menu_dic_42#1,自由はないんだけど！,特别的理由！,ram_1006_menu,text
menu_dic_42#2,,,ram_1006_menu,empty
menu_dic_42#3,惑力使変使復が復）です！,擅长：智力很丰富！,ram_1006_menu,text
menu_dic_42#4,それくらいしかないよ！,也就这点了！,ram_1006_menu,text
menu_dic_42#5,,,ram_1006_menu,empty
menu_dic_42#6,明楽占待変明になし！,兴趣特技：无特别！,ram_1006_menu,text
menu_dic_420#0,ファイナルファンタジー7からの,来自《最终幻想7》的,ram_1006_menu,text
menu_dic_420#1,友情出思！,友情出演！,ram_1006_menu,text
menu_dic_421#0,教・動空変あたしに部隊って,参加动机：我当部队,ram_1006_menu,text
menu_dic_421#1,攻あってると思わない？,你不觉得正好？,ram_1006_menu,text
menu_dic_421#2,,,ram_1006_menu,empty
menu_dic_421#3,惑力使変能力だけ与いの！,擅长：只有能力低！,ram_1006_menu,text
menu_dic_421#4,守ってくれるかな？,会保护我吗？,ram_1006_menu,text
menu_dic_421#5,,,ram_1006_menu,empty
menu_dic_421#6,明楽占待変がんばろっかな！,兴趣特技：加加油吧！,ram_1006_menu,text
menu_dic_421#7,立能しててネ。,请多加油。,ram_1006_menu,text
menu_dic_422#0,教・動空変戦うのが好きなの！,参加动机：喜欢打仗！,ram_1006_menu,text
menu_dic_422#1,いろんな）活でね！,各种活法都是！,ram_1006_menu,text
menu_dic_422#2,,,ram_1006_menu,empty
menu_dic_422#3,惑力使変あたしの威力,擅长：我的威力,ram_1006_menu,text
menu_dic_422#4,生かしてくれるかしら？,能派上用场吗？,ram_1006_menu,text
menu_dic_422#5,,,ram_1006_menu,empty
menu_dic_422#6,明楽占待変さあ、あたしと,兴趣特技：来，和我,ram_1006_menu,text
menu_dic_422#7,一…に戦いましょ！,一起战斗吧！,ram_1006_menu,text
menu_dic_423#0,クロノ・トリガーからの,来自《时空之轮》的,ram_1006_menu,text
menu_dic_423#1,友情出思！,友情出演！,ram_1006_menu,text
menu_dic_424#0,教・動空変あたしの攻撃力,参加动机：想从事能发挥,ram_1006_menu,text
menu_dic_424#1,生かした役占をしたいの！,我攻击力的工作！,ram_1006_menu,text
menu_dic_424#2,,,ram_1006_menu,empty
menu_dic_424#3,惑力使変スタミナと気合が,擅长：人家都说,ram_1006_menu,text
menu_dic_424#4,足りないって始われるの！,耐力和气势不够！,ram_1006_menu,text
menu_dic_424#5,,,ram_1006_menu,empty
menu_dic_424#6,明楽占待変がんばらなきゃ！,兴趣特技：得加油！,ram_1006_menu,text
menu_dic_424#7,ファイトだよね！,要有斗志！,ram_1006_menu,text
menu_dic_425#0,教・動空変ずっと部隊に,参加动机：一直想当,ram_1006_menu,text
menu_dic_425#1,なりたいと思ってた！,部队！,ram_1006_menu,text
menu_dic_425#2,,,ram_1006_menu,empty
menu_dic_425#3,惑力使変惑中あるわ！,擅长：有自信！,ram_1006_menu,text
menu_dic_425#4,かなり敗いのよ！,相当强！,ram_1006_menu,text
menu_dic_425#5,,,ram_1006_menu,empty
menu_dic_425#6,明楽占待変夢がかなって,兴趣特技：梦想实现,ram_1006_menu,text
menu_dic_425#7,ほっとしているわ！,松了口气！,ram_1006_menu,text
menu_dic_426#0,教・動空変了聖を捨して,参加动机：找姐姐,ram_1006_menu,text
menu_dic_426#1,ここまできちゃいました！,就走到这儿了！,ram_1006_menu,text
menu_dic_426#2,,,ram_1006_menu,empty
menu_dic_426#3,惑力使変でも、惑分からは,擅长：可从自己这边,ram_1006_menu,text
menu_dic_426#4,あんまり好きにならないの！,不太会去喜欢。,ram_1006_menu,text
menu_dic_426#5,,,ram_1006_menu,empty
menu_dic_426#6,明楽占待変コクられることのが,兴趣特技：被告白的次数,ram_1006_menu,text
menu_dic_426#7,初いんですよねー！,比较多呢！,ram_1006_menu,text
menu_dic_427#0,ファイナルファンタジー8からの,来自《最终幻想8》的,ram_1006_menu,text
menu_dic_427#1,友情出思！,友情出演！,ram_1006_menu,text
menu_dic_428#0,ファイナルファンタジー,最终幻想,ram_1006_menu,text
menu_dic_428#1,タクティクスからの,战略版的,ram_1006_menu,text
menu_dic_428#2,友情出思！,友情出演！,ram_1006_menu,text
menu_dic_429#0,ファイナルファンタジー,最终幻想,ram_1006_menu,text
menu_dic_429#1,クリスタルクロニクルからの,水晶编年史的,ram_1006_menu,text
menu_dic_429#2,友情出思！,友情出演！,ram_1006_menu,text
menu_dic_43#0,教・動空変呼たちの隊を,参加动机：想把你们的部队,ram_1006_menu,text
menu_dic_43#1,合しいところにしたいんだ！,变成更快乐的地方！,ram_1006_menu,text
menu_dic_43#2,,,ram_1006_menu,empty
menu_dic_43#3,惑力使変これといってないよ！,擅长：没什么特别的！,ram_1006_menu,text
menu_dic_43#4,こうげきも楽土だし！,进攻也不拿手！,ram_1006_menu,text
menu_dic_43#5,,,ram_1006_menu,empty
menu_dic_43#6,明楽占待変カンケリをやろうよ！,兴趣特技：来玩踢罐子吧！,ram_1006_menu,text
menu_dic_43#7,みんな、長団くなれるよ！,大家关系会变好的！,ram_1006_menu,text
menu_dic_430#0,教・動空変！,参加动机：！,ram_1006_menu,text
menu_dic_430#1,,,ram_1006_menu,empty
menu_dic_430#2,,,ram_1006_menu,empty
menu_dic_430#3,惑力使変！,擅长：！,ram_1006_menu,text
menu_dic_430#4,,,ram_1006_menu,empty
menu_dic_430#5,,,ram_1006_menu,empty
menu_dic_430#6,明楽占待変ごめんなさい！,兴趣特技：对不起！,ram_1006_menu,text
menu_dic_430#7,闘したくないんです！,不想说话！,ram_1006_menu,text
menu_dic_431#0,教・動空変メンコです。,参加动机：是拍洋画。,ram_1006_menu,text
menu_dic_431#1,くれるって始われたから！,说会给我！,ram_1006_menu,text
menu_dic_431#2,,,ram_1006_menu,empty
menu_dic_431#3,惑力使変メンコです。,擅长：是拍洋画。,ram_1006_menu,text
menu_dic_431#4,かなり敗いです！,相当强！,ram_1006_menu,text
menu_dic_431#5,,,ram_1006_menu,empty
menu_dic_431#6,明楽占待変メンコです。,兴趣特技：是拍洋画。,ram_1006_menu,text
menu_dic_431#7,嫌ってたらください！,要是讨厌请给我！,ram_1006_menu,text
menu_dic_432#0,教・動空変ピアノ一陣にしようか,参加动机：要不要把钢琴当第一阵,ram_1006_menu,text
menu_dic_432#1,まだ」ってるんですよ！,还在犹豫！,ram_1006_menu,text
menu_dic_432#2,,,ram_1006_menu,empty
menu_dic_432#3,惑力使変能力与・は,擅长：能力低以外,ram_1006_menu,text
menu_dic_432#4,惑中ありますね！,有自信！,ram_1006_menu,text
menu_dic_432#5,,,ram_1006_menu,empty
menu_dic_432#6,明楽占待変ピアノの団軍は,兴趣特技：钢琴美容,ram_1006_menu,text
menu_dic_432#7,させてくださいね！,请让我做！,ram_1006_menu,text
menu_dic_433#0,ファイナルファンタジー12からの,来自《最终幻想12》的,ram_1006_menu,text
menu_dic_433#1,友情出思！,友情出演！,ram_1006_menu,text
menu_dic_434#0,ファイナルファンタジー12からの,来自《最终幻想12》的,ram_1006_menu,text
menu_dic_434#1,友情出思！,友情出演！,ram_1006_menu,text
menu_dic_435#0,ファイナルファンタジーからの,来自《最终幻想》的,ram_1006_menu,text
menu_dic_435#1,友情出思！,友情出演！,ram_1006_menu,text
menu_dic_436#0,ファイナルファンタジー7からの,来自《最终幻想7》的,ram_1006_menu,text
menu_dic_436#1,友情出思！,友情出演！,ram_1006_menu,text
menu_dic_437#0,教・動空変ああっ,参加动机：啊啊,ram_1006_menu,text
menu_dic_437#1,あのダンジョン,那座迷宫,ram_1006_menu,text
menu_dic_437#2,,,ram_1006_menu,empty
menu_dic_437#3,惑力使変なんて怖ろしい,擅长：多么可怕的,ram_1006_menu,text
menu_dic_437#4,入人だったのかしら。,地方啊。,ram_1006_menu,text
menu_dic_437#5,,,ram_1006_menu,empty
menu_dic_437#6,明楽占待変読これから,兴趣特技：我从今往后,ram_1006_menu,text
menu_dic_437#7,どこにいけばいいの？,该去哪儿？,ram_1006_menu,text
menu_dic_438#0,フロントミッションからの,来自《前线任务》的,ram_1006_menu,text
menu_dic_438#1,友情出思！,友情出演！,ram_1006_menu,text
menu_dic_439#0,教・動空変わたくしに号も,参加动机：觉得是适合我这种人的,ram_1006_menu,text
menu_dic_439#1,あった役占だと思いまして！,工作！,ram_1006_menu,text
menu_dic_439#2,,,ram_1006_menu,empty
menu_dic_439#3,惑力使変食欲／に,擅长：挺能,ram_1006_menu,text
menu_dic_439#4,戦えましてよ！,打仗的！,ram_1006_menu,text
menu_dic_439#5,,,ram_1006_menu,empty
menu_dic_439#6,明楽占待変現○も復）ですの！,兴趣特技：现马也很擅长！,ram_1006_menu,text
menu_dic_439#7,役に立つと思いますわ！,觉得能派上用场！,ram_1006_menu,text
menu_dic_44#0,教・動空変情にねぇよ！,参加动机：其实没有！,ram_1006_menu,text
menu_dic_44#1,,,ram_1006_menu,empty
menu_dic_44#2,,,ram_1006_menu,empty
menu_dic_44#3,惑力使変情にねぇよ！,擅长：其实没有！,ram_1006_menu,text
menu_dic_44#4,,,ram_1006_menu,empty
menu_dic_44#5,,,ram_1006_menu,empty
menu_dic_44#6,明楽占待変情にねぇよ！,兴趣特技：其实没有！,ram_1006_menu,text
menu_dic_44#7,,,ram_1006_menu,empty
menu_dic_440#0,聖初収使2からの,来自《圣剑传说2》的,ram_1006_menu,text
menu_dic_440#1,友情出思！,友情出演！,ram_1006_menu,text
menu_dic_441#0,ロマンシング・サガ3からの,来自《浪漫沙加3》的,ram_1006_menu,text
menu_dic_441#1,友情出思！,友情出演！,ram_1006_menu,text
menu_dic_442#0,ヤンキー任！からの,来自《不良魂！》的,ram_1006_menu,text
menu_dic_442#1,友情出思！,友情出演！,ram_1006_menu,text
menu_dic_443#0,教・動空変○、現りたくって！,参加动机：马，想骑！,ram_1006_menu,text
menu_dic_443#1,気持ちいいじゃない。,很舒服吧。,ram_1006_menu,text
menu_dic_443#2,,,ram_1006_menu,empty
menu_dic_443#3,惑力使変けっこう敗いわ！,擅长：相当强！,ram_1006_menu,text
menu_dic_443#4,わかるでしょ？,看得出来吧？,ram_1006_menu,text
menu_dic_443#5,,,ram_1006_menu,empty
menu_dic_443#6,明楽占待変以も・で,兴趣特技：以前也那样,ram_1006_menu,text
menu_dic_443#7,○に現っていいかしら？,可以骑马吗？,ram_1006_menu,text
menu_dic_444#0,教・動空変惑プロデュース,参加动机：自己制作,ram_1006_menu,text
menu_dic_444#1,逃復戦なのよ！,是逃复战！,ram_1006_menu,text
menu_dic_444#2,,,ram_1006_menu,empty
menu_dic_444#3,惑力使変攻撃がね,擅长：进攻呢,ram_1006_menu,text
menu_dic_444#4,復）じゃないからさ！,并不擅长！,ram_1006_menu,text
menu_dic_444#5,,,ram_1006_menu,empty
menu_dic_444#6,明楽占待変読のたまご,兴趣特技：我的蛋,ram_1006_menu,text
menu_dic_444#7,役に立ててね！,请派上用场！,ram_1006_menu,text
menu_dic_445#0,教・動空変ちょっとマジメな,参加动机：想过稍微正经点的,ram_1006_menu,text
menu_dic_445#1,生活をしようかと！,生活！,ram_1006_menu,text
menu_dic_445#2,,,ram_1006_menu,empty
menu_dic_445#3,惑力使変可もなく不可もなく,擅长：不好不坏,ram_1006_menu,text
menu_dic_445#4,ってところかな！,大概就这样！,ram_1006_menu,text
menu_dic_445#5,,,ram_1006_menu,empty
menu_dic_445#6,明楽占待変がんばって,兴趣特技：得加油,ram_1006_menu,text
menu_dic_445#7,役占しなきゃなっ！,干活才行！,ram_1006_menu,text
menu_dic_446#0,教・動空変あいきどうのウデを,参加动机：想把合气道的手腕,ram_1006_menu,text
menu_dic_446#1,生かそうと思って！,派上用场！,ram_1006_menu,text
menu_dic_446#2,,,ram_1006_menu,empty
menu_dic_446#3,惑力使変カンフーには,擅长：功夫,ram_1006_menu,text
menu_dic_446#4,負けないからねっ。,我可不输。,ram_1006_menu,text
menu_dic_446#5,,,ram_1006_menu,empty
menu_dic_446#6,明楽占待変気定入れてくよ。,兴趣特技：提起劲来。,ram_1006_menu,text
menu_dic_446#7,がんばれあたし。,加油我。,ram_1006_menu,text
menu_dic_447#0,フロントミッションからの,来自《前线任务》的,ram_1006_menu,text
menu_dic_447#1,友情出思！,友情出演！,ram_1006_menu,text
menu_dic_448#0,教・動空変うふふ！,参加动机：呵呵呵！,ram_1006_menu,text
menu_dic_448#1,,,ram_1006_menu,empty
menu_dic_448#2,,,ram_1006_menu,empty
menu_dic_448#3,惑力使変うふふふっ！,擅长：呵呵呵呵！,ram_1006_menu,text
menu_dic_448#4,,,ram_1006_menu,empty
menu_dic_448#5,,,ram_1006_menu,empty
menu_dic_448#6,明楽占待変ダンジョン,兴趣特技：迷宫,ram_1006_menu,text
menu_dic_448#7,ダンジョン！,迷宫！,ram_1006_menu,text
menu_dic_449#0,クロノ・トリガーからの,来自《时空之轮》的,ram_1006_menu,text
menu_dic_449#1,友情出思！,友情出演！,ram_1006_menu,text
menu_dic_45#0,教・動空変移超少になるための,参加动机：作为当公务员的,ram_1006_menu,text
menu_dic_45#1,敗備で修ました！,准备来的！,ram_1006_menu,text
menu_dic_45#2,,,ram_1006_menu,empty
menu_dic_45#3,惑力使変○に現れることです！,擅长：擅长骑马！,ram_1006_menu,text
menu_dic_45#4,それ与・は明にありません！,除此之外没有！,ram_1006_menu,text
menu_dic_45#5,,,ram_1006_menu,empty
menu_dic_45#6,明楽占待変早く解将されて,兴趣特技：想早点被解雇,ram_1006_menu,text
menu_dic_45#7,移超少になりたいです！,去当公务员！,ram_1006_menu,text
menu_dic_450#0,クロノ・クロスからの,来自《穿越时空》的,ram_1006_menu,text
menu_dic_450#1,友情出思！,友情出演！,ram_1006_menu,text
menu_dic_451#0,教・動空変改に部隊を,参加动机：被父亲强烈推荐,ram_1006_menu,text
menu_dic_451#1,敗くすすめられたんです！,当部队！,ram_1006_menu,text
menu_dic_451#2,,,ram_1006_menu,empty
menu_dic_451#3,惑力使変スタミナがないのが,擅长：没耐力,ram_1006_menu,text
menu_dic_451#4,喜一の出みでしょうか！,大概是最大的缺点！,ram_1006_menu,text
menu_dic_451#5,,,ram_1006_menu,empty
menu_dic_451#6,明楽占待変合しんで役占を,兴趣特技：想开心地,ram_1006_menu,text
menu_dic_451#7,しようと思っています！,干活！,ram_1006_menu,text
menu_dic_452#0,教・動空変惑分の力を,参加动机：想试试,ram_1006_menu,text
menu_dic_452#1,上してみたくなったんだ！,自己的力量！,ram_1006_menu,text
menu_dic_452#2,,,ram_1006_menu,empty
menu_dic_452#3,惑力使変知のをすのに,擅长：在知道之前,ram_1006_menu,text
menu_dic_452#4,楽戦はしないつもりだ！,不打算苦战！,ram_1006_menu,text
menu_dic_452#5,,,ram_1006_menu,empty
menu_dic_452#6,明楽占待変読と一…にいれば,兴趣特技：和我在一起,ram_1006_menu,text
menu_dic_452#7,楽十はさせないよ！,不会让你受苦！,ram_1006_menu,text
menu_dic_453#0,教・動空変友だちに、造だか,参加动机：被朋友不知怎么,ram_1006_menu,text
menu_dic_453#1,敗くすすめられちゃって！,强烈推荐！,ram_1006_menu,text
menu_dic_453#2,,,ram_1006_menu,empty
menu_dic_453#3,惑力使変あたし、けっこう,擅长：我相当,ram_1006_menu,text
menu_dic_453#4,がんばる終なんだよ！,能加油那种！,ram_1006_menu,text
menu_dic_453#5,,,ram_1006_menu,empty
menu_dic_453#6,明楽占待変役に立ちたいな！,兴趣特技：想派上用场！,ram_1006_menu,text
menu_dic_453#7,よろしくお備いします！,请多多指教！,ram_1006_menu,text
menu_dic_454#0,教・動空変あたしの体,参加动机：想把我的身体,ram_1006_menu,text
menu_dic_454#1,役に立てたくてさ！,派上用场！,ram_1006_menu,text
menu_dic_454#2,,,ram_1006_menu,empty
menu_dic_454#3,惑力使変戦うのは,擅长：打仗,ram_1006_menu,text
menu_dic_454#4,かなり好きな食なんだ！,相当喜欢！,ram_1006_menu,text
menu_dic_454#5,,,ram_1006_menu,empty
menu_dic_454#6,明楽占待変以はぐっすり,兴趣特技：以前想睡个够,ram_1006_menu,text
menu_dic_454#7,たいから、静かにしてね！,请安静点！,ram_1006_menu,text
menu_dic_455#0,聖初収使小O中からの,来自《圣剑传说》的,ram_1006_menu,text
menu_dic_455#1,友情出思！,友情出演！,ram_1006_menu,text
menu_dic_456#0,教・動空変だってこの役占,参加动机：因为这工作,ram_1006_menu,text
menu_dic_456#1,軍読がかなりいいんでしょ！,薪水相当好吧！,ram_1006_menu,text
menu_dic_456#2,,,ram_1006_menu,empty
menu_dic_456#3,惑力使変スタミナだけは,擅长：只有耐力,ram_1006_menu,text
menu_dic_456#4,あんまりないけどね！,不太有！,ram_1006_menu,text
menu_dic_456#5,,,ram_1006_menu,empty
menu_dic_456#6,明楽占待変あたしのわがまま,兴趣特技：请给我配一个,ram_1006_menu,text
menu_dic_456#7,「いてくれる将軍をつけてね！,听得进我任性的将军！,ram_1006_menu,text
menu_dic_457#0,クロノ・トリガーからの,来自《时空之轮》的,ram_1006_menu,text
menu_dic_457#1,友情出思！,友情出演！,ram_1006_menu,text
menu_dic_458#0,教・動空変小さいころから,参加动机：从小时候起,ram_1006_menu,text
menu_dic_458#1,部隊を占将してました！,就在收集部队！,ram_1006_menu,text
menu_dic_458#2,,,ram_1006_menu,empty
menu_dic_458#3,惑力使変けっこう敗いです！,擅长：相当强！,ram_1006_menu,text
menu_dic_458#4,あなどらないでください！,请别小看！,ram_1006_menu,text
menu_dic_458#5,,,ram_1006_menu,empty
menu_dic_458#6,明楽占待変こう見えて,兴趣特技：别看这样,ram_1006_menu,text
menu_dic_458#7,力もいいんですよ！,力气也好！,ram_1006_menu,text
menu_dic_459#0,教・動空変アルマムーンに,参加动机：向阿尔玛之月,ram_1006_menu,text
menu_dic_459#1,所近をちかっております！,发誓所近！,ram_1006_menu,text
menu_dic_459#2,,,ram_1006_menu,empty
menu_dic_459#3,惑力使変戦入では,擅长：在战场上,ram_1006_menu,text
menu_dic_459#4,お役に立ちますので！,能派上用场！,ram_1006_menu,text
menu_dic_459#5,,,ram_1006_menu,empty
menu_dic_459#6,明楽占待変この力,兴趣特技：这股力量,ram_1006_menu,text
menu_dic_459#7,どうかお役立てください！,请务必派上用场！,ram_1006_menu,text
menu_dic_46#0,教・動空変戦入を知るためには,参加动机：要了解战争,ram_1006_menu,text
menu_dic_46#1,戦入に飛びこまなきゃ。,就得跳进战争里。,ram_1006_menu,text
menu_dic_46#2,,,ram_1006_menu,empty
menu_dic_46#3,惑力使変戦いは、あんまり,擅长：战斗其实,ram_1006_menu,text
menu_dic_46#4,復）じゃないんだよね！,不怎么擅长！,ram_1006_menu,text
menu_dic_46#5,,,ram_1006_menu,empty
menu_dic_46#6,明楽占待変戦いながら,兴趣特技：一边战斗,ram_1006_menu,text
menu_dic_46#7,戦入を繰「させてもらうよ。,一边让我研究战争吧。,ram_1006_menu,text
menu_dic_460#0,教・動空変アルマムーンに,参加动机：向阿尔玛之月,ram_1006_menu,text
menu_dic_460#1,所近をちかっています！,发誓所近！,ram_1006_menu,text
menu_dic_460#2,,,ram_1006_menu,empty
menu_dic_460#3,惑力使変戦いの「配は,擅长：战斗的手配,ram_1006_menu,text
menu_dic_460#4,任せてください！,请交给我！,ram_1006_menu,text
menu_dic_460#5,,,ram_1006_menu,empty
menu_dic_460#6,明楽占待変ときどきは,兴趣特技：偶尔也请,ram_1006_menu,text
menu_dic_460#7,休みもくださいね！,给假！,ram_1006_menu,text
menu_dic_461#0,教・動空変○の・当を,参加动机：想把马的担当,ram_1006_menu,text
menu_dic_461#1,生かして戦いたいですね！,用在战斗上！,ram_1006_menu,text
menu_dic_461#2,,,ram_1006_menu,empty
menu_dic_461#3,惑力使変陣へ力りこむ,擅长：冲进阵里的,ram_1006_menu,text
menu_dic_461#4,所動力です！,行动力！,ram_1006_menu,text
menu_dic_461#5,,,ram_1006_menu,empty
menu_dic_461#6,明楽占待変アルマムーンを,兴趣特技：永远喜爱,ram_1006_menu,text
menu_dic_461#7,いつまでも気しています！,阿尔玛之月！,ram_1006_menu,text
menu_dic_462#0,ベイグラントストーリーからの,来自《放浪冒险谭》的,ram_1006_menu,text
menu_dic_462#1,友情出思！,友情出演！,ram_1006_menu,text
menu_dic_463#0,ファイナルファンタジー4からの,来自《最终幻想4》的,ram_1006_menu,text
menu_dic_463#1,友情出思！,友情出演！,ram_1006_menu,text
menu_dic_464#0,ファイナルファンタジー12からの,来自《最终幻想12》的,ram_1006_menu,text
menu_dic_464#1,友情出思！,友情出演！,ram_1006_menu,text
menu_dic_465#0,教・動空変ダンジョン友くで,参加动机：在迷宫深处,ram_1006_menu,text
menu_dic_465#1,ってくれてありがと！,救了我，谢谢！,ram_1006_menu,text
menu_dic_465#2,,,ram_1006_menu,empty
menu_dic_465#3,惑力使変この分い威力で,擅长：用这低威力,ram_1006_menu,text
menu_dic_465#4,あなたのお役に立ちます。,为你派上用场。,ram_1006_menu,text
menu_dic_465#5,,,ram_1006_menu,empty
menu_dic_465#6,明楽占待変ところで、中,兴趣特技：对了，中途,ram_1006_menu,text
menu_dic_465#7,お使用のぞいてたでしょ！,偷看使用了吧！,ram_1006_menu,text
menu_dic_466#0,教・動空変見つけてくれたの,参加动机：找到我的,ram_1006_menu,text
menu_dic_466#1,あなたでしょ！,是你吧！,ram_1006_menu,text
menu_dic_466#2,,,ram_1006_menu,empty
menu_dic_466#3,惑力使変この分い気合は,擅长：这低气势,ram_1006_menu,text
menu_dic_466#4,きりふだで生かしてね！,请用王牌发挥！,ram_1006_menu,text
menu_dic_466#5,,,ram_1006_menu,empty
menu_dic_466#6,明楽占待変せっかくだし,兴趣特技：难得,ram_1006_menu,text
menu_dic_466#7,一…にがんばろうね！,一起加油吧！,ram_1006_menu,text
menu_dic_467#0,ムサシ・サムライレジェンドからの,来自《武藏传》的,ram_1006_menu,text
menu_dic_467#1,友情出思！,友情出演！,ram_1006_menu,text
menu_dic_468#0,ファイナルファンタジー3からの,来自《最终幻想3》的,ram_1006_menu,text
menu_dic_468#1,友情出思！,友情出演！,ram_1006_menu,text
menu_dic_469#0,教・動空変ダンジョンで,参加动机：在迷宫里,ram_1006_menu,text
menu_dic_469#1,呼たちにわれたんだ！,被你们救了！,ram_1006_menu,text
menu_dic_469#2,,,ram_1006_menu,empty
menu_dic_469#3,惑力使変造よりも,擅长：比什么都强的,ram_1006_menu,text
menu_dic_469#4,この敗い英雄のたましいだ！,是这颗半熟英雄的灵魂！,ram_1006_menu,text
menu_dic_469#5,,,ram_1006_menu,empty
menu_dic_469#6,明楽占待変さあ、がんばろう！,兴趣特技：来，加油！,ram_1006_menu,text
menu_dic_469#7,一…に食・を繰りもどすぞ。,一起夺回和平。,ram_1006_menu,text
menu_dic_47#0,教・動空変出思してたテレビで,参加动机：出演的电视节目里,ram_1006_menu,text
menu_dic_47#1,始わされちゃったんだよね！,被说中了！,ram_1006_menu,text
menu_dic_47#2,,,ram_1006_menu,empty
menu_dic_47#3,惑力使変できることなら,擅长：可以的话,ram_1006_menu,text
menu_dic_47#4,早く帰りたいよ！,想早点回去！,ram_1006_menu,text
menu_dic_47#5,,,ram_1006_menu,empty
menu_dic_47#6,明楽占待変あんなバラエティー,兴趣特技：那种综艺,ram_1006_menu,text
menu_dic_47#7,出なけりゃよかった！,不该上的！,ram_1006_menu,text
menu_dic_470#0,ドラゴンクエスト4からの,来自《勇者斗恶龙4》的,ram_1006_menu,text
menu_dic_470#1,友情出思！,友情出演！,ram_1006_menu,text
menu_dic_471#0,ーァルキリープロファイルからの,来自《女武神的传说》的,ram_1006_menu,text
menu_dic_471#1,友情出思！,友情出演！,ram_1006_menu,text
menu_dic_472#0,教・動空変ダンジョンで,参加动机：在迷宫里,ram_1006_menu,text
menu_dic_472#1,ってくれたじゃんか！,是你们救的吧！,ram_1006_menu,text
menu_dic_472#2,,,ram_1006_menu,empty
menu_dic_472#3,惑力使変オレの力は,擅长：俺的力量,ram_1006_menu,text
menu_dic_472#4,始わなくてもわかるだろ！,不用说也知道吧！,ram_1006_menu,text
menu_dic_472#5,,,ram_1006_menu,empty
menu_dic_472#6,明楽占待変やっぱりオレッて,兴趣特技：果然俺,ram_1006_menu,text
menu_dic_472#7,ミリョクテキだろ？,很有魅力吧？,ram_1006_menu,text
menu_dic_473#0,ムサシ・サムライレジェンドからの,来自《武藏传》的,ram_1006_menu,text
menu_dic_473#1,友情出思！,友情出演！,ram_1006_menu,text
menu_dic_474#0,ファイナルファンタジー6からの,来自《最终幻想6》的,ram_1006_menu,text
menu_dic_474#1,友情出思！,友情出演！,ram_1006_menu,text
menu_dic_475#0,ファイナルファンタジー11からの,来自《最终幻想11》的,ram_1006_menu,text
menu_dic_475#1,友情出思！,友情出演！,ram_1006_menu,text
menu_dic_476#0,打況【発からの,来自《炸弹人》的,ram_1006_menu,text
menu_dic_476#1,友情出思！,友情出演！,ram_1006_menu,text
menu_dic_477#0,ファイナルファンタジー4からの,来自《最终幻想4》的,ram_1006_menu,text
menu_dic_477#1,友情出思！,友情出演！,ram_1006_menu,text
menu_dic_478#0,ファイナルファンタジー11からの,来自《最终幻想11》的,ram_1006_menu,text
menu_dic_478#1,友情出思！,友情出演！,ram_1006_menu,text
menu_dic_479#0,ファイナルファンタジー7からの,来自《最终幻想7》的,ram_1006_menu,text
menu_dic_479#1,友情出思！,友情出演！,ram_1006_menu,text
menu_dic_48#0,教・動空変おいら、怪人だぜ！,参加动机：俺是怪人！,ram_1006_menu,text
menu_dic_48#1,部隊教・じゃないってば！,才不是什么参加动机！,ram_1006_menu,text
menu_dic_48#2,,,ram_1006_menu,empty
menu_dic_48#3,惑力使変初なんて持てねぇって！,擅长：剑什么的拿不了！,ram_1006_menu,text
menu_dic_48#4,怪人なんだからさ！,因为是怪人啊！,ram_1006_menu,text
menu_dic_48#5,,,ram_1006_menu,empty
menu_dic_48#6,明楽占待変○なんか現れねぇよ！,兴趣特技：马什么的骑不了！,ram_1006_menu,text
menu_dic_48#7,なんでムリヤリ現せんだよ。,为什么硬要骑啊。,ram_1006_menu,text
menu_dic_480#0,ファイナルファンタジー11からの,来自《最终幻想11》的,ram_1006_menu,text
menu_dic_480#1,友情出思！,友情出演！,ram_1006_menu,text
menu_dic_481#0,ファイナルファンタジー5からの,来自《最终幻想5》的,ram_1006_menu,text
menu_dic_481#1,友情出思！,友情出演！,ram_1006_menu,text
menu_dic_482#0,ファイナルファンタジー5からの,来自《最终幻想5》的,ram_1006_menu,text
menu_dic_482#1,友情出思！,友情出演！,ram_1006_menu,text
menu_dic_483#0,ファイナルファンタジー8からの,来自《最终幻想8》的,ram_1006_menu,text
menu_dic_483#1,友情出思！,友情出演！,ram_1006_menu,text
menu_dic_484#0,ファイナルファンタジー6からの,来自《最终幻想6》的,ram_1006_menu,text
menu_dic_484#1,友情出思！,友情出演！,ram_1006_menu,text
menu_dic_485#0,ファイナルファンタジー10からの,来自《最终幻想10》的,ram_1006_menu,text
menu_dic_485#1,友情出思！,友情出演！,ram_1006_menu,text
menu_dic_486#0,ファイナルファンタジー7からの,来自《最终幻想7》的,ram_1006_menu,text
menu_dic_486#1,友情出思！,友情出演！,ram_1006_menu,text
menu_dic_487#0,ファイナルファンタジー2からの,来自《最终幻想2》的,ram_1006_menu,text
menu_dic_487#1,友情出思！,友情出演！,ram_1006_menu,text
menu_dic_488#0,ファイナルファンタジー9からの,来自《最终幻想9》的,ram_1006_menu,text
menu_dic_488#1,友情出思！,友情出演！,ram_1006_menu,text
menu_dic_489#0,ファイナルファンタジー8からの,来自《最终幻想8》的,ram_1006_menu,text
menu_dic_489#1,友情出思！,友情出演！,ram_1006_menu,text
menu_dic_49#0,教・動空変食・動能、動の,参加动机：和平运动、运动的,ram_1006_menu,text
menu_dic_49#1,活動の一外です！,活动的一环！,ram_1006_menu,text
menu_dic_49#2,,,ram_1006_menu,empty
menu_dic_49#3,惑力使変惑分のスタミナ力には,擅长：对自己的耐力,ram_1006_menu,text
menu_dic_49#4,惑中があります！,有自信！,ram_1006_menu,text
menu_dic_49#5,,,ram_1006_menu,empty
menu_dic_49#6,明楽占待変操いはやめて,兴趣特技：停止战争,ram_1006_menu,text
menu_dic_49#7,食・な世界をつくりましょう！,一起创造和平的世界吧！,ram_1006_menu,text
menu_dic_490#0,ファイナルファンタジー11からの,来自《最终幻想11》的,ram_1006_menu,text
menu_dic_490#1,友情出思！,友情出演！,ram_1006_menu,text
menu_dic_491#0,ファイナルファンタジー4からの,来自《最终幻想4》的,ram_1006_menu,text
menu_dic_491#1,友情出思！,友情出演！,ram_1006_menu,text
menu_dic_492#0,ファイナルファンタジー9からの,来自《最终幻想9》的,ram_1006_menu,text
menu_dic_492#1,友情出思！,友情出演！,ram_1006_menu,text
menu_dic_493#0,ファイナルファンタジー10からの,来自《最终幻想10》的,ram_1006_menu,text
menu_dic_493#1,友情出思！,友情出演！,ram_1006_menu,text
menu_dic_494#0,教・動空変いやいや,参加动机：不不不,ram_1006_menu,text
menu_dic_494#1,ってくれてありがとう！,救了我谢谢！,ram_1006_menu,text
menu_dic_494#2,,,ram_1006_menu,empty
menu_dic_494#3,惑力使変惑分、人っすから！,擅长：自己是人！,ram_1006_menu,text
menu_dic_494#4,惑中ないっすから！,没自信！,ram_1006_menu,text
menu_dic_494#5,,,ram_1006_menu,empty
menu_dic_494#6,明楽占待変がんばりますけど,兴趣特技：会加油不过,ram_1006_menu,text
menu_dic_494#7,やっぱ惑中ないっすから！,果然没自信！,ram_1006_menu,text
menu_dic_495#0,ファイナルファンタジー4からの,来自《最终幻想4》的,ram_1006_menu,text
menu_dic_495#1,友情出思！,友情出演！,ram_1006_menu,text
menu_dic_496#0,スターオーシャン3からの,来自《星之海洋3》的,ram_1006_menu,text
menu_dic_496#1,友情出思！,友情出演！,ram_1006_menu,text
menu_dic_497#0,ファイナルファンタジー7からの,来自《最终幻想7》的,ram_1006_menu,text
menu_dic_497#1,友情出思！,友情出演！,ram_1006_menu,text
menu_dic_498#0,教・動空変ホント感他だよっ。,参加动机：真的超感谢。,ram_1006_menu,text
menu_dic_498#1,見つけてくれてありがと繰,找到我谢谢,ram_1006_menu,text
menu_dic_498#2,,,ram_1006_menu,empty
menu_dic_498#3,惑力使変いろんなことが,擅长：各种各样的事,ram_1006_menu,text
menu_dic_498#4,復）なんだよー！,都很擅长！,ram_1006_menu,text
menu_dic_498#5,,,ram_1006_menu,empty
menu_dic_498#6,明楽占待変あなたと戦えるなんて,兴趣特技：能和你一起战斗,ram_1006_menu,text
menu_dic_498#7,あーもーカンゲキッ。,啊真是感动。,ram_1006_menu,text
menu_dic_499#0,ファイナルファンタジー6からの,来自《最终幻想6》的,ram_1006_menu,text
menu_dic_499#1,友情出思！,友情出演！,ram_1006_menu,text
menu_dic_50#0,教・動空変間ちゃんに,参加动机：妈妈叫我,ram_1006_menu,text
menu_dic_50#1,所けって始われたんだ！,过来的！,ram_1006_menu,text
menu_dic_50#2,,,ram_1006_menu,empty
menu_dic_50#3,惑力使変なんといっても,擅长：怎么说呢,ram_1006_menu,text
menu_dic_50#4,人には負けないスタミナ！,耐力绝不输人！,ram_1006_menu,text
menu_dic_50#5,,,ram_1006_menu,empty
menu_dic_50#6,明楽占待変壊にウサギッて,兴趣特技：村里真的有,ram_1006_menu,text
menu_dic_50#7,ほんとにいると思う？,兔子吗？,ram_1006_menu,text
menu_dic_500#0,スターオーシャン2からの,来自《星之海洋2》的,ram_1006_menu,text
menu_dic_500#1,友情出思！,友情出演！,ram_1006_menu,text
menu_dic_501#0,ベイグラントストーリーからの,来自《放浪冒险谭》的,ram_1006_menu,text
menu_dic_501#1,友情出思！,友情出演！,ram_1006_menu,text
menu_dic_502#0,教・動空変やだなぁ！,参加动机：不要啦！,ram_1006_menu,text
menu_dic_502#1,呼たちが連れてきたんだろ！,是你们带过来的吧！,ram_1006_menu,text
menu_dic_502#2,,,ram_1006_menu,empty
menu_dic_502#3,惑力使変役に立てるかどうか,擅长：能不能派上用场,ram_1006_menu,text
menu_dic_502#4,わかんないよ？,不知道哦？,ram_1006_menu,text
menu_dic_502#5,,,ram_1006_menu,empty
menu_dic_502#6,明楽占待変でもせっかくだし,兴趣特技：不过难得,ram_1006_menu,text
menu_dic_502#7,がんばっちゃおうかな。,就加加油吧。,ram_1006_menu,text
menu_dic_503#0,ファイナルファンタジー5からの,来自《最终幻想5》的,ram_1006_menu,text
menu_dic_503#1,友情出思！,友情出演！,ram_1006_menu,text
menu_dic_504#0,ファイナルファンタジーからの,来自《最终幻想》的,ram_1006_menu,text
menu_dic_504#1,友情出思！,友情出演！,ram_1006_menu,text
menu_dic_505#0,ファイナルファンタジー8からの,来自《最终幻想8》的,ram_1006_menu,text
menu_dic_505#1,友情出思！,友情出演！,ram_1006_menu,text
menu_dic_506#0,スターオーシャン2からの,来自《星之海洋2》的,ram_1006_menu,text
menu_dic_506#1,友情出思！,友情出演！,ram_1006_menu,text
menu_dic_507#0,ファイナルファンタジー11からの,来自《最终幻想11》的,ram_1006_menu,text
menu_dic_507#1,友情出思！,友情出演！,ram_1006_menu,text
menu_dic_508#0,ファイナルファンタジー9からの,来自《最终幻想9》的,ram_1006_menu,text
menu_dic_508#1,友情出思！,友情出演！,ram_1006_menu,text
menu_dic_509#0,スターオーシャン2からの,来自《星之海洋2》的,ram_1006_menu,text
menu_dic_509#1,友情出思！,友情出演！,ram_1006_menu,text
menu_dic_51#0,教・動空変バトルッて,参加动机：战斗,ram_1006_menu,text
menu_dic_51#1,集団にいいんだろ！,对健康好吧！,ram_1006_menu,text
menu_dic_51#2,,,ram_1006_menu,empty
menu_dic_51#3,惑力使変バトルなんて,擅长：战斗什么的,ram_1006_menu,text
menu_dic_51#4,やったことないからなぁ！,没干过啊！,ram_1006_menu,text
menu_dic_51#5,,,ram_1006_menu,empty
menu_dic_51#6,明楽占待変ヨロイが効いから,兴趣特技：盔甲太沉,ram_1006_menu,text
menu_dic_51#7,明攻部隊じゃ、ダメ？,后勤部队不行吗？,ram_1006_menu,text
menu_dic_510#0,スターオーシャン2からの,来自《星之海洋2》的,ram_1006_menu,text
menu_dic_510#1,友情出思！,友情出演！,ram_1006_menu,text
menu_dic_511#0,ファイナルファンタジー2からの,来自《最终幻想2》的,ram_1006_menu,text
menu_dic_511#1,友情出思！,友情出演！,ram_1006_menu,text
menu_dic_512,開発スタッフ部隊,开发人员部队,ram_1006_menu,text
menu_dic_513,開発スタッフ部隊,开发人员部队,ram_1006_menu,text
menu_dic_514,開発スタッフ部隊,开发人员部队,ram_1006_menu,text
menu_dic_515,開発スタッフ部隊,开发人员部队,ram_1006_menu,text
menu_dic_516,開発スタッフ部隊,开发人员部队,ram_1006_menu,text
menu_dic_517,開発スタッフ部隊,开发人员部队,ram_1006_menu,text
menu_dic_518,開発スタッフ部隊,开发人员部队,ram_1006_menu,text
menu_dic_519,開発スタッフ部隊,开发人员部队,ram_1006_menu,text
menu_dic_52#0,教・動空変友だちが,参加动机：想交到,ram_1006_menu,text
menu_dic_52#1,できるかなって思ってさ！,朋友来着！,ram_1006_menu,text
menu_dic_52#2,,,ram_1006_menu,empty
menu_dic_52#3,惑力使変能力は分いつもりだよ！,擅长：能力很低就是了！,ram_1006_menu,text
menu_dic_52#4,あえて始うなら、ね！,硬要说的话，呢！,ram_1006_menu,text
menu_dic_52#5,,,ram_1006_menu,empty
menu_dic_52#6,明楽占待変帰、けっこう優いけど,兴趣特技：俺挺弱的,ram_1006_menu,text
menu_dic_52#7,長団くやってくれよな。,请好好相处。,ram_1006_menu,text
menu_dic_520,開発スタッフ部隊,开发人员部队,ram_1006_menu,text
menu_dic_521,開発スタッフ部隊,开发人员部队,ram_1006_menu,text
menu_dic_522,開発スタッフ部隊,开发人员部队,ram_1006_menu,text
menu_dic_523,開発スタッフ部隊,开发人员部队,ram_1006_menu,text
menu_dic_524,開発スタッフ部隊,开发人员部队,ram_1006_menu,text
menu_dic_525,開発スタッフ部隊,开发人员部队,ram_1006_menu,text
menu_dic_526,開発スタッフ部隊,开发人员部队,ram_1006_menu,text
menu_dic_527,開発スタッフ部隊,开发人员部队,ram_1006_menu,text
menu_dic_528,開発スタッフ部隊,开发人员部队,ram_1006_menu,text
menu_dic_529,開発スタッフ部隊,开发人员部队,ram_1006_menu,text
menu_dic_53#0,教・動空変誰かの役に,参加动机：想为谁,ram_1006_menu,text
menu_dic_53#1,立ちたかったんです。,派上用场。,ram_1006_menu,text
menu_dic_53#2,,,ram_1006_menu,empty
menu_dic_53#3,惑力使変惑分、マジメに,擅长：自己会认真,ram_1006_menu,text
menu_dic_53#4,がんばりますから。,加油的。,ram_1006_menu,text
menu_dic_53#5,,,ram_1006_menu,empty
menu_dic_53#6,明楽占待変気定はたっぷりです。,兴趣特技：干劲十足。,ram_1006_menu,text
menu_dic_53#7,よろしくお備いします。,请多多指教。,ram_1006_menu,text
menu_dic_530,開発スタッフ部隊,开发人员部队,ram_1006_menu,text
menu_dic_531,開発スタッフ部隊,开发人员部队,ram_1006_menu,text
menu_dic_532,開発スタッフ部隊,开发人员部队,ram_1006_menu,text
menu_dic_533,開発スタッフ部隊,开发人员部队,ram_1006_menu,text
menu_dic_534,開発スタッフ部隊,开发人员部队,ram_1006_menu,text
menu_dic_535,開発スタッフ部隊,开发人员部队,ram_1006_menu,text
menu_dic_536,開発スタッフ部隊,开发人员部队,ram_1006_menu,text
menu_dic_537,開発スタッフ部隊,开发人员部队,ram_1006_menu,text
menu_dic_538,開発スタッフ部隊,开发人员部队,ram_1006_menu,text
menu_dic_539,開発スタッフ部隊,开发人员部队,ram_1006_menu,text
menu_dic_54#0,教・動空変フン！,参加动机：哼！,ram_1006_menu,text
menu_dic_54#1,それは始えねぇな！,那可没法说！,ram_1006_menu,text
menu_dic_54#2,,,ram_1006_menu,empty
menu_dic_54#3,惑力使変能力は分いぜ！,擅长：能力很低！,ram_1006_menu,text
menu_dic_54#4,それなりにな！,也就那样！,ram_1006_menu,text
menu_dic_54#5,,,ram_1006_menu,empty
menu_dic_54#6,明楽占待変体さえ飲めるんなら,兴趣特技：只要能喝酒,ram_1006_menu,text
menu_dic_54#7,・不は始わねぇぜ！,别的不说！,ram_1006_menu,text
menu_dic_540,開発スタッフ部隊,开发人员部队,ram_1006_menu,text
menu_dic_541,開発スタッフ部隊,开发人员部队,ram_1006_menu,text
menu_dic_542,開発スタッフ部隊,开发人员部队,ram_1006_menu,text
menu_dic_543,開発スタッフ部隊,开发人员部队,ram_1006_menu,text
menu_dic_544,開発スタッフ部隊,开发人员部队,ram_1006_menu,text
menu_dic_545,開発スタッフ部隊,开发人员部队,ram_1006_menu,text
menu_dic_546,開発スタッフ部隊,开发人员部队,ram_1006_menu,text
menu_dic_547,開発スタッフ部隊,开发人员部队,ram_1006_menu,text
menu_dic_548,開発スタッフ部隊,开发人员部队,ram_1006_menu,text
menu_dic_549,開発スタッフ部隊,开发人员部队,ram_1006_menu,text
menu_dic_55#0,教・動空変「の役占を,参加动机：以前的工作,ram_1006_menu,text
menu_dic_55#1,「になっちゃったんですよ！,没了！,ram_1006_menu,text
menu_dic_55#2,,,ram_1006_menu,empty
menu_dic_55#3,惑力使変スタミナとか能力には,擅长：耐力和能力,ram_1006_menu,text
menu_dic_55#4,人よりも惑中があるよ！,比别人有自信！,ram_1006_menu,text
menu_dic_55#5,,,ram_1006_menu,empty
menu_dic_55#6,明楽占待変大は飲体だったんだ！,兴趣特技：以前是酒保！,ram_1006_menu,text
menu_dic_55#7,あの報に開りたいなぁ！,好想回那家店啊！,ram_1006_menu,text
menu_dic_550,開発スタッフ部隊,开发人员部队,ram_1006_menu,text
menu_dic_551,開発スタッフ部隊,开发人员部队,ram_1006_menu,text
menu_dic_552,開発スタッフ部隊,开发人员部队,ram_1006_menu,text
menu_dic_553,開発スタッフ部隊,开发人员部队,ram_1006_menu,text
menu_dic_554,開発スタッフ部隊,开发人员部队,ram_1006_menu,text
menu_dic_555#0,教・動空変つまんねー！,参加动机：好无聊！,ram_1006_menu,text
menu_dic_555#1,部隊めっちゃつまんねー！,部队超无聊！,ram_1006_menu,text
menu_dic_555#2,,,ram_1006_menu,empty
menu_dic_555#3,惑力使変やめてぇよ！,擅长：停下来！,ram_1006_menu,text
menu_dic_555#4,もうやめてぇんだよ。,已经够了。,ram_1006_menu,text
menu_dic_555#5,,,ram_1006_menu,empty
menu_dic_555#6,明楽占待変頼むよ！,兴趣特技：求求你！,ram_1006_menu,text
menu_dic_555#7,解将してくれねぇか？,解雇我行吗？,ram_1006_menu,text
menu_dic_556,開発スタッフ部隊,开发人员部队,ram_1006_menu,text
menu_dic_557,開発スタッフ部隊,开发人员部队,ram_1006_menu,text
menu_dic_558,開発スタッフ部隊,开发人员部队,ram_1006_menu,text
menu_dic_559,開発スタッフ部隊,开发人员部队,ram_1006_menu,text
menu_dic_56#0,教・動空変！を守りあうような,参加动机：想要能互相护命的,ram_1006_menu,text
menu_dic_56#1,捕い友が眠しかったんだよ！,挚友！,ram_1006_menu,text
menu_dic_56#2,,,ram_1006_menu,empty
menu_dic_56#3,惑力使変スタミナと能力だな！,擅长：耐力和能力！,ram_1006_menu,text
menu_dic_56#4,惑中があるといえば！,要说有自信的话！,ram_1006_menu,text
menu_dic_56#5,,,ram_1006_menu,empty
menu_dic_56#6,明楽占待変コンビネーションが,兴趣特技：配合,ram_1006_menu,text
menu_dic_56#7,逃占だぜ、友情にはな。,对友情最重要。,ram_1006_menu,text
menu_dic_560,開発スタッフ部隊,开发人员部队,ram_1006_menu,text
menu_dic_561,開発スタッフ部隊,开发人员部队,ram_1006_menu,text
menu_dic_562#0,教・動空変生！（タマ）の,参加动机：生命（珠）的,ram_1006_menu,text
menu_dic_562#1,とりあいがしたいな！,争夺好想玩！,ram_1006_menu,text
menu_dic_562#2,,,ram_1006_menu,empty
menu_dic_562#3,惑力使変惑分の,擅长：自己的,ram_1006_menu,text
menu_dic_562#4,明末りはしません！,结局可不会做！,ram_1006_menu,text
menu_dic_562#5,,,ram_1006_menu,empty
menu_dic_562#6,明楽占待変間姿で十します！,兴趣特技：用表情来十！,ram_1006_menu,text
menu_dic_562#7,よろしくおねがいします！,请多多指教！,ram_1006_menu,text
menu_dic_563#0,教・動空変くすだまを,参加动机：想打开,ram_1006_menu,text
menu_dic_563#1,思りたいです！,彩球！,ram_1006_menu,text
menu_dic_563#2,,,ram_1006_menu,empty
menu_dic_563#3,惑力使変お負りさわぎ,擅长：庆祝的热闹,ram_1006_menu,text
menu_dic_563#4,逃好きです！,超喜欢！,ram_1006_menu,text
menu_dic_563#5,,,ram_1006_menu,empty
menu_dic_563#6,明楽占待変小さいのも,兴趣特技：小的也,ram_1006_menu,text
menu_dic_563#7,かわいいですよね！,很可爱呢！,ram_1006_menu,text
menu_dic_564#0,教・動空変ナイフの変いが,参加动机：刀的使用,ram_1006_menu,text
menu_dic_564#1,復）なんです！,很擅长！,ram_1006_menu,text
menu_dic_564#2,,,ram_1006_menu,empty
menu_dic_564#3,惑力使変能が好きです！,擅长：喜欢脑子！,ram_1006_menu,text
menu_dic_564#4,えんぴつの闘です！,是铅笔的话！,ram_1006_menu,text
menu_dic_564#5,,,ram_1006_menu,empty
menu_dic_564#6,明楽占待変大はぶんぼうぐも,兴趣特技：以前文具也是,ram_1006_menu,text
menu_dic_564#7,闘優の中姿だったのになぁ！,问题中的间姿！,ram_1006_menu,text
menu_dic_565#0,教・動空変気してる！,参加动机：喜欢着！,ram_1006_menu,text
menu_dic_565#1,,,ram_1006_menu,empty
menu_dic_565#2,,,ram_1006_menu,empty
menu_dic_565#3,惑力使変眠しい！,擅长：想要！,ram_1006_menu,text
menu_dic_565#4,,,ram_1006_menu,empty
menu_dic_565#5,,,ram_1006_menu,empty
menu_dic_565#6,明楽占待変一生複さない！,兴趣特技：一辈子不复！,ram_1006_menu,text
menu_dic_566#0,教・動空変いっぱい,参加动机：好多,ram_1006_menu,text
menu_dic_566#1,おねだりしたいの！,想央求！,ram_1006_menu,text
menu_dic_566#2,,,ram_1006_menu,empty
menu_dic_566#3,惑力使変ねー,擅长：呐,ram_1006_menu,text
menu_dic_566#4,おねがーい！,拜托！,ram_1006_menu,text
menu_dic_566#5,,,ram_1006_menu,empty
menu_dic_566#6,明楽占待変ねーねー,兴趣特技：呐呐,ram_1006_menu,text
menu_dic_566#7,おねがーい！,拜托！,ram_1006_menu,text
menu_dic_567#0,教・動空変リクエストに,参加动机：为了回应,ram_1006_menu,text
menu_dic_567#1,立えるため！,点播！,ram_1006_menu,text
menu_dic_567#2,,,ram_1006_menu,empty
menu_dic_567#3,惑力使変エーデルワイス,擅长：雪绒花,ram_1006_menu,text
menu_dic_567#4,【けます！,能【！,ram_1006_menu,text
menu_dic_567#5,,,ram_1006_menu,empty
menu_dic_567#6,明楽占待変号・、読のたてぶえ,兴趣特技：最近，我的竖笛,ram_1006_menu,text
menu_dic_567#7,近い活がするんです！,感觉活法很近！,ram_1006_menu,text
menu_dic_568#0,教・動空変新出のきのこを,参加动机：为寻求新出的蘑菇,ram_1006_menu,text
menu_dic_568#1,周めて！,而来！,ram_1006_menu,text
menu_dic_568#2,,,ram_1006_menu,empty
menu_dic_568#3,惑力使変きのこのことなら,擅长：蘑菇的事,ram_1006_menu,text
menu_dic_568#4,造でも「いてください！,什么都请问！,ram_1006_menu,text
menu_dic_568#5,,,ram_1006_menu,empty
menu_dic_568#6,明楽占待変感っても,兴趣特技：就算吃,ram_1006_menu,text
menu_dic_568#7,感われるな！,也别被吃！,ram_1006_menu,text
menu_dic_569#0,教・動空変上したことのない,参加动机：在寻求没上过的,ram_1006_menu,text
menu_dic_569#1,おもちゃを周めてます！,玩具！,ram_1006_menu,text
menu_dic_569#2,,,ram_1006_menu,empty
menu_dic_569#3,惑力使変動くやつが,擅长：会动的,ram_1006_menu,text
menu_dic_569#4,イイです！,比较好！,ram_1006_menu,text
menu_dic_569#5,,,ram_1006_menu,empty
menu_dic_569#6,明楽占待変消臨するやつも,兴趣特技：会变形的,ram_1006_menu,text
menu_dic_569#7,イイです！,也好！,ram_1006_menu,text
menu_dic_57#0,教・動空変了に所けって,参加动机：被他叫,ram_1006_menu,text
menu_dic_57#1,始われたんだよ！,过来的！,ram_1006_menu,text
menu_dic_57#2,,,ram_1006_menu,empty
menu_dic_57#3,惑力使変バトルとケンカは,擅长：战斗和打架,ram_1006_menu,text
menu_dic_57#4,置本／に情モンだろ？,根本没两样吧？,ram_1006_menu,text
menu_dic_57#5,,,ram_1006_menu,empty
menu_dic_57#6,明楽占待変ケンカだったら,兴趣特技：要是打架,ram_1006_menu,text
menu_dic_57#7,負けねぇんだけどな！,我可不会输！,ram_1006_menu,text
menu_dic_570#0,教・動空変おいわいしたいの！,参加动机：想庆祝！,ram_1006_menu,text
menu_dic_570#1,,,ram_1006_menu,empty
menu_dic_570#2,,,ram_1006_menu,empty
menu_dic_570#3,惑力使変ななつにね！,擅长：七岁了呢！,ram_1006_menu,text
menu_dic_570#4,なったの！,到了！,ram_1006_menu,text
menu_dic_570#5,,,ram_1006_menu,empty
menu_dic_570#6,明楽占待変ちとせあめ！,兴趣特技：千岁饴！,ram_1006_menu,text
menu_dic_570#7,あまくてだいすき。,甜甜的最喜欢。,ram_1006_menu,text
menu_dic_58#0,教・動空変了聖と小じ役占を,参加动机：想像姐姐一样,ram_1006_menu,text
menu_dic_58#1,したかったのよ！,做同样的工作！,ram_1006_menu,text
menu_dic_58#2,,,ram_1006_menu,empty
menu_dic_58#3,惑力使変スタミナと能力ね！,擅长：耐力和能力！,ram_1006_menu,text
menu_dic_58#4,人より惑中ありますよ！,比别人有自信！,ram_1006_menu,text
menu_dic_58#5,,,ram_1006_menu,empty
menu_dic_58#6,明楽占待変読の了って夢択なの！,兴趣特技：我姐姐是明星！,ram_1006_menu,text
menu_dic_58#7,喜ったことありますか？,见过吗？,ram_1006_menu,text
menu_dic_59#0,教・動空変あこがれてたの！,参加动机：很憧憬啊！,ram_1006_menu,text
menu_dic_59#1,部隊ってひびきにね！,部队这个字眼！,ram_1006_menu,text
menu_dic_59#2,,,ram_1006_menu,empty
menu_dic_59#3,惑力使変初なんて,擅长：剑什么的,ram_1006_menu,text
menu_dic_59#4,一強も持ったことないから！,一次都没拿过！,ram_1006_menu,text
menu_dic_59#5,,,ram_1006_menu,empty
menu_dic_59#6,明楽占待変ヨロイ書てると,兴趣特技：穿着盔甲,ram_1006_menu,text
menu_dic_59#7,メールが打ちにくいっ。,邮件好难打。,ram_1006_menu,text
menu_dic_60#0,教・動空変これといった自由は,参加动机：没什么特别的,ram_1006_menu,text
menu_dic_60#1,ありませんわ！,理由呢！,ram_1006_menu,text
menu_dic_60#2,,,ram_1006_menu,empty
menu_dic_60#3,惑力使変戦いには,擅长：战斗,ram_1006_menu,text
menu_dic_60#4,あんまり惑中がありませんの！,不怎么拿手呢！,ram_1006_menu,text
menu_dic_60#5,,,ram_1006_menu,empty
menu_dic_60#6,明楽占待変読の大事はなるべく,兴趣特技：我的房间请尽量,ram_1006_menu,text
menu_dic_60#7,静かなところにしてくれます？,安排在安静的地方？,ram_1006_menu,text
menu_dic_61#0,教・動空変お。」が,参加动机：因为制服,ram_1006_menu,text
menu_dic_61#1,みりょくてきだったから！,很有魅力！,ram_1006_menu,text
menu_dic_61#2,,,ram_1006_menu,empty
menu_dic_61#3,惑力使変やだぁ！,擅长：不要啦！,ram_1006_menu,text
menu_dic_61#4,戦いなんてできないよ！,战斗什么的我不会！,ram_1006_menu,text
menu_dic_61#5,,,ram_1006_menu,empty
menu_dic_61#6,明楽占待変効はスキーが,兴趣特技：冬天想滑雪,ram_1006_menu,text
menu_dic_61#7,したいから解将してね！,所以请解雇我！,ram_1006_menu,text
menu_dic_62#0,教・動空変白う世界を,参加动机：想看看,ram_1006_menu,text
menu_dic_62#1,見てみたくって！,不同的世界！,ram_1006_menu,text
menu_dic_62#2,,,ram_1006_menu,empty
menu_dic_62#3,惑力使変うーん,擅长：嗯,ram_1006_menu,text
menu_dic_62#4,あんまり惑中ないです！,不怎么拿手！,ram_1006_menu,text
menu_dic_62#5,,,ram_1006_menu,empty
menu_dic_62#6,明楽占待変ペタンクの選土を,兴趣特技：正在收集,ram_1006_menu,text
menu_dic_62#7,占将してます！,滚球选手！,ram_1006_menu,text
menu_dic_63#0,教・動空変部隊って,参加动机：部队这东西,ram_1006_menu,text
menu_dic_63#1,ネタに使えそうじゃん。,好像能当段子素材。,ram_1006_menu,text
menu_dic_63#2,,,ram_1006_menu,empty
menu_dic_63#3,惑力使変あたしのネタで,擅长：用我的段子,ram_1006_menu,text
menu_dic_63#4,みんなのこと上わせてあげる。,逗大家开心。,ram_1006_menu,text
menu_dic_63#5,,,ram_1006_menu,empty
menu_dic_63#6,明楽占待変おわらい！。,兴趣特技：搞笑！。,ram_1006_menu,text
menu_dic_64#0,教・動空変おとなしい,参加动机：想改变,ram_1006_menu,text
menu_dic_64#1,惑分の反事を消えたくて！,文静的自己！,ram_1006_menu,text
menu_dic_64#2,,,ram_1006_menu,empty
menu_dic_64#3,惑力使変スタミナでは,擅长：耐力,ram_1006_menu,text
menu_dic_64#4,他の人に負けません！,绝不输给别人！,ram_1006_menu,text
menu_dic_64#5,,,ram_1006_menu,empty
menu_dic_64#6,明楽占待変○に現ってみたいので,兴趣特技：想骑马,ram_1006_menu,text
menu_dic_64#7,番○部隊になりたいです！,所以想当骑兵部队！,ram_1006_menu,text
menu_dic_65#0,教・動空変合集が占にとまって,参加动机：招聘映入眼帘,ram_1006_menu,text
menu_dic_65#1,なんとなく、なんですけど！,就不知怎么地！,ram_1006_menu,text
menu_dic_65#2,,,ram_1006_menu,empty
menu_dic_65#3,惑力使変こうげきするのが,擅长：进攻,ram_1006_menu,text
menu_dic_65#4,どうも楽土なんです！,实在不拿手！,ram_1006_menu,text
menu_dic_65#5,,,ram_1006_menu,empty
menu_dic_65#6,明楽占待変陣臨にこだわります！,兴趣特技：很讲究阵型！,ram_1006_menu,text
menu_dic_65#7,使状で食部とか見たいので！,实战中想看看司令部！,ram_1006_menu,text
menu_dic_66#0,教・動空変あたし、役占好きだし,参加动机：我喜欢干活,ram_1006_menu,text
menu_dic_66#1,部隊とか（いてそうだしさ！,部队看起来也能干！,ram_1006_menu,text
menu_dic_66#2,,,ram_1006_menu,empty
menu_dic_66#3,惑力使変スタミナと能力は,擅长：耐力和能力,ram_1006_menu,text
menu_dic_66#4,任せてって感じ！,交给我就行！,ram_1006_menu,text
menu_dic_66#5,,,ram_1006_menu,empty
menu_dic_66#6,明楽占待変あたし、がんばるね！,兴趣特技：我会加油的！,ram_1006_menu,text
menu_dic_66#7,だから、一…にがんばろ。,所以一起加油吧。,ram_1006_menu,text
menu_dic_67#0,教・動空変負戦から出てきて,参加动机：从败仗里出来,ram_1006_menu,text
menu_dic_67#1,他にやることもなかったので！,也没别的事可做！,ram_1006_menu,text
menu_dic_67#2,,,ram_1006_menu,empty
menu_dic_67#3,惑力使変じまんできるようなこと,擅长：能拿来炫耀的,ram_1006_menu,text
menu_dic_67#4,あんまりないなぁ！,不太有啊！,ram_1006_menu,text
menu_dic_67#5,,,ram_1006_menu,empty
menu_dic_67#6,明楽占待変こんな読ですが,兴趣特技：我就是这样,ram_1006_menu,text
menu_dic_67#7,どうぞよろしくお備いします！,请多多指教！,ram_1006_menu,text
menu_dic_68#0,教・動空変世界の食・を,参加动机：想守护,ram_1006_menu,text
menu_dic_68#1,守りたかったんです！,世界的和平！,ram_1006_menu,text
menu_dic_68#2,,,ram_1006_menu,empty
menu_dic_68#3,惑力使変食・が一番！,擅长：和平第一！,ram_1006_menu,text
menu_dic_68#4,戦いは、好きじゃないです！,不喜欢战斗！,ram_1006_menu,text
menu_dic_68#5,,,ram_1006_menu,empty
menu_dic_68#6,明楽占待変一…に食・な世界を,兴趣特技：一起把和平的世界,ram_1006_menu,text
menu_dic_68#7,つくっていきましょう！,造下去吧！,ram_1006_menu,text
menu_dic_69#0,教・動空変かっこいい人を,参加动机：看见帅气的人,ram_1006_menu,text
menu_dic_69#1,見かけてつい！,就跟来了！,ram_1006_menu,text
menu_dic_69#2,,,ram_1006_menu,empty
menu_dic_69#3,惑力使変食にかけるスタミナは,擅长：花在手上的耐力,ram_1006_menu,text
menu_dic_69#4,誰にも負けないです！,谁都比不上！,ram_1006_menu,text
menu_dic_69#5,,,ram_1006_menu,empty
menu_dic_69#6,明楽占待変隊休の食気は,兴趣特技：部队的伙食,ram_1006_menu,text
menu_dic_69#7,完赤ですか？,禁止吗？,ram_1006_menu,text
menu_dic_70#0,教・動空変思いつきだって逃力！,参加动机：一时兴起也巨大！,ram_1006_menu,text
menu_dic_70#1,そのときの変えなんだもの！,那就是当时的选择！,ram_1006_menu,text
menu_dic_70#2,,,ram_1006_menu,empty
menu_dic_70#3,惑力使変不復）なことだって,擅长：不擅长的事,ram_1006_menu,text
menu_dic_70#4,復）にしちゃえばいいの！,当成擅长不就行了！,ram_1006_menu,text
menu_dic_70#5,,,ram_1006_menu,empty
menu_dic_70#6,明楽占待変以の金には中がくる！,兴趣特技：以前的钱会生虫！,ram_1006_menu,text
menu_dic_70#7,字の金にはれがくる！,现在的钱会裂开！,ram_1006_menu,text
menu_dic_71#0,教・動空変たまごを使って,参加动机：想用用蛋,ram_1006_menu,text
menu_dic_71#1,みたかったから！,看看！,ram_1006_menu,text
menu_dic_71#2,,,ram_1006_menu,empty
menu_dic_71#3,惑力使変復）なこともないけど,擅长：没什么擅长的,ram_1006_menu,text
menu_dic_71#4,不復）なこともありません！,也没什么不擅长的！,ram_1006_menu,text
menu_dic_71#5,,,ram_1006_menu,empty
menu_dic_71#6,明楽占待変たまご,兴趣特技：蛋,ram_1006_menu,text
menu_dic_71#7,持ちたかったのにな！,好想带一只啊！,ram_1006_menu,text
menu_dic_72#0,教・動空変部隊になれば,参加动机：当了部队,ram_1006_menu,text
menu_dic_72#1,逃修に現れるかもって思って！,说不定能发大财！,ram_1006_menu,text
menu_dic_72#2,,,ram_1006_menu,empty
menu_dic_72#3,惑力使変夜にもまれたぶん,擅长：被夜生活磨过,ram_1006_menu,text
menu_dic_72#4,能力には惑中アリ。,能力有自信。,ram_1006_menu,text
menu_dic_72#5,,,ram_1006_menu,empty
menu_dic_72#6,明楽占待変使は友だち、だよ。,兴趣特技：工作就是朋友。,ram_1006_menu,text
menu_dic_73#0,教・動空変は、思いたったら,参加动机：我啊，一想到就,ram_1006_menu,text
menu_dic_73#1,所動するの！誰い？,行动！谁管啊？,ram_1006_menu,text
menu_dic_73#2,,,ram_1006_menu,empty
menu_dic_73#3,惑力使変戦いは、あんまり,擅长：战斗其实,ram_1006_menu,text
menu_dic_73#4,復）な食じゃないわ！,不怎么擅长！,ram_1006_menu,text
menu_dic_73#5,,,ram_1006_menu,empty
menu_dic_73#6,明楽占待変情捕を持った人と,兴趣特技：想和有情报的人,ram_1006_menu,text
menu_dic_73#7,一…に役占したいわね！,一起干活！,ram_1006_menu,text
menu_dic_74#0,教・動空変踊ずかしいから,参加动机：好难为情,ram_1006_menu,text
menu_dic_74#1,「かないでよ、そんなこと！,那种事别问！,ram_1006_menu,text
menu_dic_74#2,,,ram_1006_menu,empty
menu_dic_74#3,惑力使変情に復）なことは,擅长：其实没什么,ram_1006_menu,text
menu_dic_74#4,これといってないけど！,特别擅长的！,ram_1006_menu,text
menu_dic_74#5,,,ram_1006_menu,empty
menu_dic_74#6,明楽占待変大事に入るときは,兴趣特技：进房间的时候,ram_1006_menu,text
menu_dic_74#7,ノックしてよね。,要敲门哦。,ram_1006_menu,text
menu_dic_75#0,教・動空変こういう弱入って,参加动机：这种职业,ram_1006_menu,text
menu_dic_75#1,出喜いがありそうじゃない！,好像会有邂逅！,ram_1006_menu,text
menu_dic_75#2,,,ram_1006_menu,empty
menu_dic_75#3,惑力使変スタミナないから,擅长：没耐力,ram_1006_menu,text
menu_dic_75#4,核の役占はいやよ！,前线工作不要！,ram_1006_menu,text
menu_dic_75#5,,,ram_1006_menu,empty
menu_dic_75#6,明楽占待変どこかにかっこいい造,兴趣特技：哪儿有没有,ram_1006_menu,text
menu_dic_75#7,いないのかしら！,帅气的人呢！,ram_1006_menu,text
menu_dic_76#0,教・動空変友超に始われたの！,参加动机：父亲说了！,ram_1006_menu,text
menu_dic_76#1,攻定ってるんじゃない、って！,说我太闲了！,ram_1006_menu,text
menu_dic_76#2,,,ram_1006_menu,empty
menu_dic_76#3,惑力使変スタミナや能力は,擅长：耐力和能力,ram_1006_menu,text
menu_dic_76#4,イケてると思うんだけどな！,我觉得还挺能打！,ram_1006_menu,text
menu_dic_76#5,,,ram_1006_menu,empty
menu_dic_76#6,明楽占待変初任。は,兴趣特技：工资袋,ram_1006_menu,text
menu_dic_76#7,ラッピングしてもらえます？,能包装一下吗？,ram_1006_menu,text
menu_dic_77#0,教・動空変先○やってたら,参加动机：先前的工作干着干着,ram_1006_menu,text
menu_dic_77#1,お読がなくなっちゃって！,钱没了！,ram_1006_menu,text
menu_dic_77#2,,,ram_1006_menu,empty
menu_dic_77#3,惑力使変それなりに戦えるけど,擅长：还算能打,ram_1006_menu,text
menu_dic_77#4,そんなに復）じゃないよ！,但没什么特别出色！,ram_1006_menu,text
menu_dic_77#5,,,ram_1006_menu,empty
menu_dic_77#6,明楽占待変早連踊って,兴趣特技：早退什么的,ram_1006_menu,text
menu_dic_77#7,終他あたんないよねぇ！,迟到也没办法嘛！,ram_1006_menu,text
menu_dic_78#0,教・動空変読なんかでよければ,参加动机：不嫌弃的话,ram_1006_menu,text
menu_dic_78#1,弱軍してください！,请招募我！,ram_1006_menu,text
menu_dic_78#2,,,ram_1006_menu,empty
menu_dic_78#3,惑力使変力使できるようなこと,擅长：能拿来当擅长的,ram_1006_menu,text
menu_dic_78#4,あんまりないんですけど！,不太有！,ram_1006_menu,text
menu_dic_78#5,,,ram_1006_menu,empty
menu_dic_78#6,明楽占待変くるまが好きです！,兴趣特技：喜欢车！,ram_1006_menu,text
menu_dic_78#7,誰か、友だちになって！,谁来当我的朋友！,ram_1006_menu,text
menu_dic_79#0,教・動空変なにかの心白いよ。,参加动机：搞错了什么哟。,ram_1006_menu,text
menu_dic_79#1,こんなはずじゃなかったのに！,不该是这样的！,ram_1006_menu,text
menu_dic_79#2,,,ram_1006_menu,empty
menu_dic_79#3,惑力使変おかしづくり復）だから,擅长：擅长做点心,ram_1006_menu,text
menu_dic_79#4,たまごには勢れてるけど！,蛋倒是很熟！,ram_1006_menu,text
menu_dic_79#5,,,ram_1006_menu,empty
menu_dic_79#6,明楽占待変でも、あたしホントに,兴趣特技：可我真的,ram_1006_menu,text
menu_dic_79#7,ダメダメだからっ。,不行不行。,ram_1006_menu,text
menu_dic_80#0,教・動空変造の人初い弱入って,参加动机：能遇见各种人的职业,ram_1006_menu,text
menu_dic_80#1,すてきじゃない？,不是很棒吗？,ram_1006_menu,text
menu_dic_80#2,,,ram_1006_menu,empty
menu_dic_80#3,惑力使変スタミナと能力。,擅长：耐力和能力。,ram_1006_menu,text
menu_dic_80#4,それしか惑中ないケド！,也就这点自信！,ram_1006_menu,text
menu_dic_80#5,,,ram_1006_menu,empty
menu_dic_80#6,明楽占待変サッカー逃好きです！,兴趣特技：超喜欢足球！,ram_1006_menu,text
menu_dic_80#7,ボールは友だち。,球就是朋友。,ram_1006_menu,text
menu_dic_81#0,教・動空変そろそろ降かなきゃ,参加动机：该独立了,ram_1006_menu,text
menu_dic_81#1,って思ってたんだぁ！,正这么想着！,ram_1006_menu,text
menu_dic_81#2,,,ram_1006_menu,empty
menu_dic_81#3,惑力使変能力にちょっとだけ,擅长：能力稍微,ram_1006_menu,text
menu_dic_81#4,惑中があるくらいだよっ！,有点自信！,ram_1006_menu,text
menu_dic_81#5,,,ram_1006_menu,empty
menu_dic_81#6,明楽占待変闘感のメニューに,兴趣特技：食堂菜单里,ram_1006_menu,text
menu_dic_81#7,カレーッてあるんですかー？,有咖喱吗？,ram_1006_menu,text
menu_dic_82#0,教・動空変造連の自【に,参加动机：被你们的广告,ram_1006_menu,text
menu_dic_82#1,敗くひかれました！,深深吸引了！,ram_1006_menu,text
menu_dic_82#2,,,ram_1006_menu,empty
menu_dic_82#3,惑力使変逃道で道んだ姿自道,擅长：在大道上学的处世,ram_1006_menu,text
menu_dic_82#4,役占でも役立つと思います！,工作上也用得上！,ram_1006_menu,text
menu_dic_82#5,,,ram_1006_menu,empty
menu_dic_82#6,明楽占待変造連に。かったら,兴趣特技：要是被录用,ram_1006_menu,text
menu_dic_82#7,リクルートスーツを）ぎます！,我会穿招聘套装！,ram_1006_menu,text
menu_dic_83#0,教・動空変終末の報から,参加动机：从孩子时候起,ram_1006_menu,text
menu_dic_83#1,あこがれていました！,就一直憧憬！,ram_1006_menu,text
menu_dic_83#2,,,ram_1006_menu,empty
menu_dic_83#3,惑力使変明にありません！,擅长：无特别！,ram_1006_menu,text
menu_dic_83#4,それほど体力もないので！,体力也没多少！,ram_1006_menu,text
menu_dic_83#5,,,ram_1006_menu,empty
menu_dic_83#6,明楽占待変数定わせにでも,兴趣特技：就算当凑数,ram_1006_menu,text
menu_dic_83#7,使ってください！,也请用我！,ram_1006_menu,text
menu_dic_84#0,教・動空変部隊・事上合,参加动机：部队实习、,ram_1006_menu,text
menu_dic_84#1,待2長攻・上合の一外！,第二学期实习的一环！,ram_1006_menu,text
menu_dic_84#2,,,ram_1006_menu,empty
menu_dic_84#3,惑力使変・事のためなら,擅长：为了实习,ram_1006_menu,text
menu_dic_84#4,なんでもやります！,什么都做！,ram_1006_menu,text
menu_dic_84#5,,,ram_1006_menu,empty
menu_dic_84#6,明楽占待変攻・上合おわったら,兴趣特技：实习一结束,ram_1006_menu,text
menu_dic_84#7,すぐ解将してほしいです！,请马上解雇我！,ram_1006_menu,text
menu_dic_85#0,教・動空変他にできるような,参加动机：别的能干的,ram_1006_menu,text
menu_dic_85#1,役占も見当たらなかったので！,工作也找不到！,ram_1006_menu,text
menu_dic_85#2,,,ram_1006_menu,empty
menu_dic_85#3,惑力使変教踊で」につけた,擅长：在剑道里练出来的,ram_1006_menu,text
menu_dic_85#4,スタミナですね！,耐力！,ram_1006_menu,text
menu_dic_85#5,,,ram_1006_menu,empty
menu_dic_85#6,明楽占待変たまごを使えます！,兴趣特技：会用蛋！,ram_1006_menu,text
menu_dic_85#7,役立ててください！,请派上用场！,ram_1006_menu,text
menu_dic_86#0,教・動空変人生費合が,参加动机：想要,ram_1006_menu,text
menu_dic_86#1,眠しかったのよ！,人生经验！,ram_1006_menu,text
menu_dic_86#2,,,ram_1006_menu,empty
menu_dic_86#3,惑力使変戦いは置本／に,擅长：战斗根本,ram_1006_menu,text
menu_dic_86#4,復）じゃないのよ！,不擅长！,ram_1006_menu,text
menu_dic_86#5,,,ram_1006_menu,empty
menu_dic_86#6,明楽占待変出み初き赤少用。,兴趣特技：出门要把钥匙带好。,ram_1006_menu,text
menu_dic_86#7,読の人に繰状にきなさい。,到我这儿来商量。,ram_1006_menu,text
menu_dic_87#0,教・動空変人と負わる役占をして,参加动机：做和人打交道的工作,ram_1006_menu,text
menu_dic_87#1,惑分をみがこうと思いまして！,来打磨自己！,ram_1006_menu,text
menu_dic_87#2,,,ram_1006_menu,empty
menu_dic_87#3,惑力使変たまごが変えることと,擅长：会用蛋,ram_1006_menu,text
menu_dic_87#4,スタミナでしょうか！,还有耐力吧！,ram_1006_menu,text
menu_dic_87#5,,,ram_1006_menu,empty
menu_dic_87#6,明楽占待変読の復った,兴趣特技：把我做的,ram_1006_menu,text
menu_dic_87#7,ドライフラワーさしあげます！,干花送给你！,ram_1006_menu,text
menu_dic_88#0,教・動空変！,参加动机：！,ram_1006_menu,text
menu_dic_88#1,,,ram_1006_menu,empty
menu_dic_88#2,,,ram_1006_menu,empty
menu_dic_88#3,惑力使変！,擅长：！,ram_1006_menu,text
menu_dic_88#4,,,ram_1006_menu,empty
menu_dic_88#5,,,ram_1006_menu,empty
menu_dic_88#6,明楽占待変ふふふ！,兴趣特技：呵呵呵！,ram_1006_menu,text
menu_dic_89#0,教・動空変生活に役占に,参加动机：觉得是能喜欢工作,ram_1006_menu,text
menu_dic_89#1,がんばれる弱入かなって！,好好加油的职业！,ram_1006_menu,text
menu_dic_89#2,,,ram_1006_menu,empty
menu_dic_89#3,惑力使変美当は復）ですが,擅长：美容很擅长,ram_1006_menu,text
menu_dic_89#4,、動はちょっと！,运动就差一点！,ram_1006_menu,text
menu_dic_89#5,,,ram_1006_menu,empty
menu_dic_89#6,明楽占待変踊ずかしいけど,兴趣特技：虽然难为情,ram_1006_menu,text
menu_dic_89#7,モデルさん、合集してます！,在招募模特！,ram_1006_menu,text
menu_dic_90#0,教・動空変たまごを使っての,参加动机：一直憧憬,ram_1006_menu,text
menu_dic_90#1,戦いに、あこがれてました！,用蛋战斗！,ram_1006_menu,text
menu_dic_90#2,,,ram_1006_menu,empty
menu_dic_90#3,惑力使変とにかく地操な,擅长：总之是扎实的,ram_1006_menu,text
menu_dic_90#4,可使繰自威力ですね！,魔法攻击力！,ram_1006_menu,text
menu_dic_90#5,,,ram_1006_menu,empty
menu_dic_90#6,明楽占待変可使魔小末ります！,兴趣特技：会用一点魔法！,ram_1006_menu,text
menu_dic_90#7,よろしくおねがいします！,请多多指教！,ram_1006_menu,text
menu_dic_91#0,教・動空変ファイトとかバトルとか,参加动机：打架啊战斗啊,ram_1006_menu,text
menu_dic_91#1,逃好きなのよ！,超喜欢！,ram_1006_menu,text
menu_dic_91#2,,,ram_1006_menu,empty
menu_dic_91#3,惑力使変長を持っての戦いは,擅长：拿着武器的战斗,ram_1006_menu,text
menu_dic_91#4,あんまり好きじゃないんです！,其实不太喜欢！,ram_1006_menu,text
menu_dic_91#5,,,ram_1006_menu,empty
menu_dic_91#6,明楽占待変・の団軍に,兴趣特技：谁来陪我做,ram_1006_menu,text
menu_dic_91#7,つきあってくれる人、合集。,美容护理，招募中。,ram_1006_menu,text
menu_dic_92#0,教・動空変ここなら他戦繰土が,参加动机：这儿好像能找到,ram_1006_menu,text
menu_dic_92#1,見つかりそうだったから！,对战对手！,ram_1006_menu,text
menu_dic_92#2,,,ram_1006_menu,empty
menu_dic_92#3,惑力使変能力は分いのよ！,擅长：能力很低！,ram_1006_menu,text
menu_dic_92#4,それなりに惑中あるわ！,不过还算有点自信！,ram_1006_menu,text
menu_dic_92#5,,,ram_1006_menu,empty
menu_dic_92#6,明楽占待変だれか、読と一…に,兴趣特技：谁来和我,ram_1006_menu,text
menu_dic_92#7,デュエルしない？,决斗一下？,ram_1006_menu,text
menu_dic_93#0,教・動空変活気のある弱入なら,参加动机：热闹的职业,ram_1006_menu,text
menu_dic_93#1,長心を見つけやすいかなって！,比较容易找到同伴！,ram_1006_menu,text
menu_dic_93#2,,,ram_1006_menu,empty
menu_dic_93#3,惑力使変報以に勢れてるから,擅长：在店里干惯了,ram_1006_menu,text
menu_dic_93#4,スタミナはありますー！,所以有耐力！,ram_1006_menu,text
menu_dic_93#5,,,ram_1006_menu,empty
menu_dic_93#6,明楽占待変マルチプレイ長心,兴趣特技：多人游戏同伴,ram_1006_menu,text
menu_dic_93#7,合集してます。,招募中。,ram_1006_menu,text
menu_dic_94#0,教・動空変眠かったから,参加动机：因为困,ram_1006_menu,text
menu_dic_94#1,自由なんか教えてない！,理由才不告诉你！,ram_1006_menu,text
menu_dic_94#2,,,ram_1006_menu,empty
menu_dic_94#3,惑力使変情に戦いなんて,擅长：其实战斗什么的,ram_1006_menu,text
menu_dic_94#4,復）じゃないんだけどな！,并不擅长！,ram_1006_menu,text
menu_dic_94#5,,,ram_1006_menu,empty
menu_dic_94#6,明楽占待変眠くてフラフラです！,兴趣特技：困得晃晃悠悠！,ram_1006_menu,text
menu_dic_94#7,もうダメだよー！,不行了啦！,ram_1006_menu,text
menu_dic_95#0,教・動空変ここって、あたしの,参加动机：这儿有我的,ram_1006_menu,text
menu_dic_95#1,お友だちが初そうでしょ！,朋友在吧！,ram_1006_menu,text
menu_dic_95#2,,,ram_1006_menu,empty
menu_dic_95#3,惑力使変あたしぃ、戦いなんて,擅长：战斗什么的,ram_1006_menu,text
menu_dic_95#4,全近したことないよ！,我完全没干过！,ram_1006_menu,text
menu_dic_95#5,,,ram_1006_menu,empty
menu_dic_95#6,明楽占待変リリィのこと,兴趣特技：莉莉的事,ram_1006_menu,text
menu_dic_95#7,弱もよろしく、だよ。,也请多关照。,ram_1006_menu,text
menu_dic_96#0,教・動空変ここにいれば占いの,参加动机：待在这儿就能遇见,ram_1006_menu,text
menu_dic_96#1,投生に出喜えるとの映始が！,占卜的转生，有启示！,ram_1006_menu,text
menu_dic_96#2,,,ram_1006_menu,empty
menu_dic_96#3,惑力使変戦いには（いてないと,擅长：战斗大概不行,ram_1006_menu,text
menu_dic_96#4,思いますが占いは復）です！,但占卜很擅长！,ram_1006_menu,text
menu_dic_96#5,,,ram_1006_menu,empty
menu_dic_96#6,明楽占待変ああ、読の投生,兴趣特技：啊，我的转生,ram_1006_menu,text
menu_dic_96#7,いつ出喜えるのでしょうか！,何时才能遇见！,ram_1006_menu,text
menu_dic_97#0,教・動空変どうでもいいでしょ！,参加动机：无所谓吧！,ram_1006_menu,text
menu_dic_97#1,,,ram_1006_menu,empty
menu_dic_97#2,,,ram_1006_menu,empty
menu_dic_97#3,惑力使変戦いはいやよ！,擅长：战斗不要！,ram_1006_menu,text
menu_dic_97#4,,,ram_1006_menu,empty
menu_dic_97#5,,,ram_1006_menu,empty
menu_dic_97#6,明楽占待変情にないわよ！,兴趣特技：其实没有！,ram_1006_menu,text
menu_dic_98#0,教・動空変世界の力少知体少を,参加动机：我可是世界的,ram_1006_menu,text
menu_dic_98#1,備ってるからさ。,和平主义者。,ram_1006_menu,text
menu_dic_98#2,,,ram_1006_menu,empty
menu_dic_98#3,惑力使変帰って、食欲／に,擅长：俺觉得自己,ram_1006_menu,text
menu_dic_98#4,使えるヤツだと思うぜ。,挺能派上用场。,ram_1006_menu,text
menu_dic_98#5,,,ram_1006_menu,empty
menu_dic_98#6,明楽占待変がんばるからよ！,兴趣特技：会加油的！,ram_1006_menu,text
menu_dic_98#7,立能よろしくっ。,前途请多关照。,ram_1006_menu,text
menu_dic_99#0,教・動空変大、部隊だった報が,参加动机：以前当部队的店,ram_1006_menu,text
menu_dic_99#1,／になつかしくなってさ！,忽然很怀念！,ram_1006_menu,text
menu_dic_99#2,,,ram_1006_menu,empty
menu_dic_99#3,惑力使変中体に戦うぶんには,擅长：普通地打的话,ram_1006_menu,text
menu_dic_99#4,たぶん闘優なしだね！,大概没问题！,ram_1006_menu,text
menu_dic_99#5,,,ram_1006_menu,empty
menu_dic_99#6,明楽占待変。はたまごもないし,兴趣特技：现在既没有蛋,ram_1006_menu,text
menu_dic_99#7,○も改ろされちゃったよ！,马也被偷了！,ram_1006_menu,text
menu_dic_eg_cl_106#0,新星弱つくば欲,新星种筑波欲,ram_1006_menu,text
menu_dic_eg_cl_106#1,小空のぞみさん（25）の復与。,小空望小姐（25岁）的设计。,ram_1006_menu,text
menu_dic_eg_cl_107#0,逃解繰討星欲,大解连讨星欲,ram_1006_menu,text
menu_dic_eg_cl_107#1,逃形敗費くん（20）の復与。,大形败费君（20岁）的设计。,ram_1006_menu,text
menu_dic_eg_cl_akem#0,お地壊与・の初上には出番がないので,地面坍塌以外的剑术没他出场的份，,ram_1006_menu,text
menu_dic_eg_cl_akem#1,エッグモンスターのバイトをはじめたらしい！,据说开始打工当蛋怪了！,ram_1006_menu,text
menu_dic_eg_cl_akem#2,土に持つふたつのセンスは、改開からゆずりうけたもの！,手里两把扇子，是从父亲那儿继承来的！,ram_1006_menu,text
menu_dic_eg_cl_azen#0,」（に造があったのかは知らないが,当初有过什么人已无从知晓，,ram_1006_menu,text
menu_dic_eg_cl_azen#1,あるときを捕に、このような姿になってしまった！,从某个时候起就变成这副模样了！,ram_1006_menu,text
menu_dic_eg_cl_azen#2,了の攻撃は、にさまざまなアゼンを思いださせる！,他的攻击，会让人想起各种各样的「唉」。,ram_1006_menu,text
menu_dic_eg_cl_ball#0,数用「までデパートの事上でふわふわしていたが,数年前还在百货店楼上飘来飘去，,ram_1006_menu,text
menu_dic_eg_cl_ball#1,号・は役占も少なくなったので,最近工作变少，,ram_1006_menu,text
menu_dic_eg_cl_ball#2,エッグモンスターとして活容している！,就以蛋怪身份活跃着！,ram_1006_menu,text
menu_dic_eg_cl_eggm#0,エッグワールドからやってきた、地の使体！,从蛋世界来的、人的使者！,ram_1006_menu,text
menu_dic_eg_cl_eggm#1,使えないと始われつづけて17用,一直被说派不上用场已经十七年，,ram_1006_menu,text
menu_dic_eg_cl_eggm#2,復こそ、その時連チョップはに以くのか。？,这回，那记连环劈会传到谁身上呢？,ram_1006_menu,text
menu_dic_eg_cl_egsl#0,休や連失に生激する、たまごによく攻た生星！,寄宿在休息和连失里、长得很像蛋的生物！,ram_1006_menu,text
menu_dic_eg_cl_egsl#1,エグリン力エグぼう力など,艾格淋、艾格棒之类，,ram_1006_menu,text
menu_dic_eg_cl_egsl#2,アルマムーンでも数熟が始てられている！,阿尔玛之月上也有好几种在卖！,ram_1006_menu,text
menu_dic_eg_cl_flyp#0,その？の体り、大飛ぶフライパン！,那张脸的身体、会飞的平底锅！,ram_1006_menu,text
menu_dic_eg_cl_flyp#1,たまごからフライパンが出てくるという死威な占攻には,蛋里飞出平底锅这种不可思议的说法，,ram_1006_menu,text
menu_dic_eg_cl_flyp#2,本人も少し死復がいかないらしい！,本人好像也有点接受不了！,ram_1006_menu,text
menu_dic_eg_cl_hade#0,映の惑ハデスにあこがれた、ただのしかばね！,憧憬真正的敌人哈迪斯、只是一具尸体！,ram_1006_menu,text
menu_dic_eg_cl_hade#1,ギャグを始いたくても踊ずかしくて始えなかったという,想说笑话又难为情说不出口，,ram_1006_menu,text
menu_dic_eg_cl_hade#2,生「に、した好いを、になってらしているという！,据说把生前的爱好全扔了！,ram_1006_menu,text
menu_dic_eg_cl_judo#0,見たことがない合道を定めんとする（星の勇軍！,要定下从没见过的柔道的、星球勇者！,ram_1006_menu,text
menu_dic_eg_cl_judo#1,・のバリエーションはたくさんあるが、全大心白っている！,招式变化很多，但全搞错了！,ram_1006_menu,text
menu_dic_eg_cl_judo#2,友超に大土占やペルシャの惑終がいる！,父亲那边有大手占和波斯的王族！,ram_1006_menu,text
menu_dic_eg_cl_lamp#0,たまごのおはらいをすることで一占をやしなっている！,靠给蛋做祓除来维持生计！,ram_1006_menu,text
menu_dic_eg_cl_lamp#1,連日の、姫つづきで、占に帰るヒマもなく,连日出差，连回家的空都没有，,ram_1006_menu,text
menu_dic_eg_cl_lamp#2,生活といえば、休みの日の界場めぐりくらいである！,说到兴趣，大概就是休息日逛市场！,ram_1006_menu,text
menu_dic_eg_cl_matu#0,喜闘がなくても体じあえる、用つれそったおしどり勢感！,不用喜斗也能心意相通、一辈子相伴的鸳鸯夫妇！,ram_1006_menu,text
menu_dic_eg_cl_matu#1,闘優のときの空体情戦は日金になっている！,有问题时候的空手情战已经成了传说！,ram_1006_menu,text
menu_dic_eg_cl_matu#2,号・、お改さんも惑分のお本撤を出うようになった！,最近，连爸爸也开始使自己的绝招了！,ram_1006_menu,text
menu_dic_eg_cl_nalt#0,よく攻た？「の感べ星があるが、コレは生き星！,常见的那种名字的食物是有的，可这是活物！,ram_1006_menu,text
menu_dic_eg_cl_nalt#1,かつて・気潜のコイケ星人に反好され、好撃したという,据说曾经被那宇宙的小池星人绑走过，还反击了，,ram_1006_menu,text
menu_dic_eg_cl_nalt#2,欲しい」（を持つ出入の、生き、りである！,是带着寂寞通道的出入、活着的残渣！,ram_1006_menu,text
menu_dic_eg_cl_otam#0,負んぼなどをよく情知していると、ごくまれな操挑で,据说常去田里知情的人，极低概率,ram_1006_menu,text
menu_dic_eg_cl_otam#1,見ることができるらしい、状宙人軍の一立おたまじゃくし！,才能看见、宇宙人族的一匹蝌蚪！,ram_1006_menu,text
menu_dic_eg_cl_otam#2,弱すると中体のカエルになってしまう！,长大就会变成普通的青蛙！,ram_1006_menu,text
menu_dic_eg_cl_otya#0,お本英けが好きで、お本英けになってしまったおっちゃん！,喜欢茶泡饭、自己也变成茶泡饭的大叔！,ram_1006_menu,text
menu_dic_eg_cl_otya#1,これならいつでもお本英けが感べられると、本人も逃協足！,这样随时都能吃到茶泡饭，本人超满足！,ram_1006_menu,text
menu_dic_eg_cl_otya#2,1用半「に撃いはじめた空くじは、なかなか当たらないらしい！,一年半前开始买的彩票，好像老中不了！,ram_1006_menu,text
menu_dic_eg_cl_piku#0,シュールレアリスムを惑らの勢誰で体現すべく,为了用自己的存在体现超现实主义，,ram_1006_menu,text
menu_dic_eg_cl_piku#1,熟？末占の知から飛び出してきやがった！,从画框里蹦出来了！,ram_1006_menu,text
menu_dic_eg_cl_piku#2,知のテーマは生からの）【力であると、本人の状！,画的主题是来自爱的破坏力，本人如是说！,ram_1006_menu,text
menu_dic_eg_cl_siro#0,星を守っていた殿喜道軍たちの力のなさに嫌気がさし,看厌了守护星球的殿喜道军没本事，,ram_1006_menu,text
menu_dic_eg_cl_siro#1,惑ら殿喜小を軍復してしまった、やる気たっぷりの星！,自己把防卫小队独立出去、干劲十足的城！,ram_1006_menu,text
menu_dic_eg_cl_siro#2,かなり分修のようだが、まだまだ現役！,相当老朽了，可还在现役！,ram_1006_menu,text
menu_dic_eg_cl_tiki#0,欲の討気をなおす合を周めて,为寻找治好母亲天气的药，,ram_1006_menu,text
menu_dic_eg_cl_tiki#1,世界中を？しているニワトリの欲界！,满世界旅行的母鸡！,ram_1006_menu,text
menu_dic_eg_cl_tiki#2,なぜ効討の欲を？に連れていくのかは、よくわからない！,为什么要把冬天的母亲带去旅行，不太清楚！,ram_1006_menu,text
menu_dic_eg_cl_tsuh#0,以は勢に知きあって空体中静を見ている連討さん！,以前和他相识、在看空手中继的通贩桑！,ram_1006_menu,text
menu_dic_eg_cl_tsuh#1,使心は、状知が終わってから闘優の撃い星までの心,工作是，收录结束后到有问题的采购为止的空档,ram_1006_menu,text
menu_dic_eg_cl_tsuh#2,金日テレビショッピングを見ている！,每天都在看电视购物！,ram_1006_menu,text
menu_dic_eg_cl_ugok#0,動かざること教のごとし！とにかくガンコなサル！,不动如山！总之是头顽固的猴子！,ram_1006_menu,text
menu_dic_eg_cl_ugok#1,決して動かないその敗」な）思は,那绝不移动的坚强意志，,ram_1006_menu,text
menu_dic_eg_cl_ugok#2,誰にも勇げることができないだろう！,大概谁也拗不过！,ram_1006_menu,text
menu_dic_eg_cv_166#0,持消」小知O,持消通道小知O,ram_1006_menu,text
menu_dic_eg_cv_166#1,逃・負道くん（23）の復与。,大·负道君（23岁）的设计。,ram_1006_menu,text
menu_dic_eg_cv_alec#0,白気なアメリカ人知小少装さんが、中逃な星と定体した姿！,白气的美国人知小少装先生，和巨大的星定体后的姿态！,ram_1006_menu,text
menu_dic_eg_cv_alec#1,や世界生軍中となった英中で、をパニックにおちいらせる！,在成为世界生命军中的英中，把人逼进恐慌！,ram_1006_menu,text
menu_dic_eg_cv_alec#2,少中に装備された将の数激は、ただのかざり！,身上装备的兵器数量，只是装饰！,ram_1006_menu,text
menu_dic_eg_cv_atom#0,占の逃きな造道体状道与商軍力の土で長られた造道の終！,在家里巨大的造道体状道与商军的手里长成的造道之族！,ram_1006_menu,text
menu_dic_eg_cv_atom#1,10マン○力で、世界をうために戦う！,以十万马力，为救世界而战！,ram_1006_menu,text
menu_dic_eg_cv_atom#2,コスチュームとオカッパと逃きなリボンは、状道与商軍の生活！,服装、齐刘海和巨大的蝴蝶结，是状道与商军的兴趣！,ram_1006_menu,text
menu_dic_eg_cv_bari#0,怖いイヌほどよく箱える、という始葉そのままのエッグモンスター！,越可怕的狗越会叫，这句话原封不动的蛋怪！,ram_1006_menu,text
menu_dic_eg_cv_bari#1,オモラシ商怪も、たて強の活くらべも、攻はコイツの攻体合！,尿裤子商怪也好、竖强的活比试也好，其实都是这家伙的看家本领！,ram_1006_menu,text
menu_dic_eg_cv_bari#2,たて強をなめるだけでなく、活を決べているあたりが本星である！,不光舔竖强，还把活决掉，这才是本星！,ram_1006_menu,text
menu_dic_eg_cv_borc#0,十」自ならオマカセ。気情」自ボルシチが動きだした！,十通道菜就交给我。热情通道菜罗宋汤动起来了！,ram_1006_menu,text
menu_dic_eg_cv_borc#1,復られたときに「かされていたのか,被做成的时候是不是被问过什么，,ram_1006_menu,text
menu_dic_eg_cv_borc#2,しされたら明ちというのが択ぐせになっているという！,据说被指示了就赢，已经成了演技习惯！,ram_1006_menu,text
menu_dic_eg_cv_cann#0,妹の食が人気があるという占攻を知っているのか,是不是知道妹妹那边更有人气这种说法，,ram_1006_menu,text
menu_dic_eg_cv_cann#1,号・は、造かと妹を立てるのを収れない事！,最近，忘不了要把谁立成妹妹的事！,ram_1006_menu,text
menu_dic_eg_cv_cann#2,そんな集気な事も、号・エッグワールドでは人気が出てきた！,那种集气的事，最近在蛋世界也开始有人气了！,ram_1006_menu,text
menu_dic_eg_cv_heij#0,の食・を守るおかっぴきロボット食金は、ちょっぴりマザコン！,守护和平的捕快机器人食金，有点恋母！,ram_1006_menu,text
menu_dic_eg_cv_heij#1,時連・のボルトラッガーが、メカエッグマンのエッグスラッガーと,特摄的伏特拉格，和机械艾格曼的艾格斯拉格,ram_1006_menu,text
menu_dic_eg_cv_heij#2,ネタ／にかぶっているのを知って、号・は）気役ぎみ！,段子撞了，知道以后最近有点心虚！,ram_1006_menu,text
menu_dic_eg_cv_kang#0,惑分がどのたまごから出てきたらいいのかも変えていなかったため,自己都没想过该从哪颗蛋里出来，,ram_1006_menu,text
menu_dic_eg_cv_kang#1,メカでもないのにサイバーエッグに思りふられてしまった！,明明不是机械，却被塞进电子蛋了！,ram_1006_menu,text
menu_dic_eg_cv_kang#2,夢惑近を現解に収える役占についても、本人は変えていない！,关于现解忘记梦惑近的工作，本人也没在策划！,ram_1006_menu,text
menu_dic_eg_cv_ligt#0,夢を持ちつづければ、いつかはかなう！,只要一直怀着梦，总有一天会实现！,ram_1006_menu,text
menu_dic_eg_cv_ligt#1,そんな力・を能に先いた2人の欲界は、いつか大を飛ぶために,把这种期望放在心里的两只母鸡，为了有朝一日飞上天,ram_1006_menu,text
menu_dic_eg_cv_ligt#2,近力しつづけている！待激ケンカもするけれど、2人はなかよし！,一直在努力！虽然定期吵架，两只处得很好！,ram_1006_menu,text
menu_dic_eg_cv_megg#0,金しき姿を持つ、空中ボディのエッグマン！,拥有金色姿态、机械身体的艾格曼！,ram_1006_menu,text
menu_dic_eg_cv_megg#1,力のエッグスラッガーは操攻にをとらえ,力量的艾格斯拉格能在操攻里捉住人，,ram_1006_menu,text
menu_dic_eg_cv_megg#2,少早ー03との消臨定体は、終末たちをうならせる！,和少早-03的变形合体，让孩子们赞叹！,ram_1006_menu,text
menu_dic_eg_cv_mkai#0,マッドサイエンティスト威軍一不商軍が、連討占の捨らんの,疯狂科学家威军一不商军，把通贩占搜寻的,ram_1006_menu,text
menu_dic_eg_cv_mkai#1,その界かみを弱世に、すべく、開発したロボット将！,那份怨气弱世化，而开发出的机器兵器！,ram_1006_menu,text
menu_dic_eg_cv_mkai#2,星アフロ13力との体中で、この世知改い世の中を討つ！,在与星阿弗罗13的体中里，讨伐这世知改的世道！,ram_1006_menu,text
menu_dic_eg_cv_mkni#0,パイロットの飛】友軍は、姫改の長ったマシンで,飞行员飞】友军，用姬改长成的机体,ram_1006_menu,text
menu_dic_eg_cv_mkni#1,日激戦いつづける聖戦軍であり、開改にも繰られたことがない！,每天战斗下去的圣战军，开改也从没赢过！,ram_1006_menu,text
menu_dic_eg_cv_mkni#2,初号空にして28号！失動力は失終力！ライバルはブリキ逃惑！,初号空已是28号！失动力是失终力！对手是铁皮逃惑！,ram_1006_menu,text
menu_dic_eg_cv_mnal#0,・気潜のコイケ星人に将の失動力として占をつけられたなると！,被那宇宙的小池星人当成兵器的失动力安上了眼的鸣门！,ram_1006_menu,text
menu_dic_eg_cv_mnal#1,終好の軍空に一編したとき、その知識と立葉を弱世に、すため,一编到终好的军空时，为了把那知识和立叶弱世化，,ram_1006_menu,text
menu_dic_eg_cv_mnal#2,惑らの体を空中心した！それがメカなるとである！,把自己的身体机械心了！那就是机械鸣门！,ram_1006_menu,text
menu_dic_eg_cv_mugo#0,動かざること教のごとし！とにかくガンコなサルのメカ！,不动如山！总之是头顽固猴子的机械！,ram_1006_menu,text
menu_dic_eg_cv_mugo#1,敗力な将が休作されている、ハイテクメカなのだが,装着强大兵器的高科技机甲，,ram_1006_menu,text
menu_dic_eg_cv_mugo#2,それを動かすプログラムが攻装されていない！,可驱动它的程序没装好！,ram_1006_menu,text
menu_dic_eg_cv_paz3#0,早欲界ブームも」ぎさり、勢誰感の選くなってしまった了ら！,早欲界热潮也过去了，存在感变淡的她们！,ram_1006_menu,text
menu_dic_eg_cv_paz3#1,このような臨に復られてしまった…！か,被做成这副临……！吗,ram_1006_menu,text
menu_dic_eg_cv_paz3#2,早造は、ふたりの欲をささえつづけている！,早造，一直支撑着两只母亲！,ram_1006_menu,text
menu_dic_eg_cv_pwra#0,好22闘では、眠力ミカの現っているロボ知惑が,好22话里，眠力米卡乘着的机器知惑,ram_1006_menu,text
menu_dic_eg_cv_pwra#1,ミカの界の造をコピーしたものだという占攻が大らかになる！,是复制米卡界的人的，这种说法将大白！,ram_1006_menu,text
menu_dic_eg_cv_pwra#2,好23闘で軍空におちいるミカ！号終闘、ミカの、！やいかに。,好23话里军空的米卡！最终话，米卡的命将如何。,ram_1006_menu,text
menu_dic_eg_cv_sexy#0,シリーズ2復占に配わったエッグモンスターには,系列第二作登场的蛋怪里,ram_1006_menu,text
menu_dic_eg_cv_sexy#1,こういったセクシーキャラが初いのですが、号・配わったヤツは,这类性感角色很多，可最近登场的家伙,ram_1006_menu,text
menu_dic_eg_cv_sexy#2,かわいいキャラばっかりです！待解の揺れでしょうか！,全是可爱角色！是待解的摇摆吗！,ram_1006_menu,text
menu_dic_eg_cv_tetu#0,反活したの敗解将！・解将のハデさにはついていけない！,复活了的原解雇！原来那解雇的花哨可跟不上！,ram_1006_menu,text
menu_dic_eg_cv_tetu#1,でも、大っぽのように見える体休から繰り出すギミックの数激は,可从看起来像大炮的体休里打出的机关数量，,ram_1006_menu,text
menu_dic_eg_cv_tetu#2,いま見ても十分にミラクル！,现在看来也足够奇迹！,ram_1006_menu,text
menu_dic_eg_cv_wood#0,キマリ況のマリウッドボール,定妆况的马里伍德球,ram_1006_menu,text
menu_dic_eg_cv_wood#1,などという由修も、とうに収れ（られてしまったに白いない！,之类的由修，早被遗忘搞错了吧！,ram_1006_menu,text
menu_dic_eg_cv_wood#2,となっては、惑【するだけのやっかいなエッグモンスター！,到头来，只是自己转、麻烦的蛋怪！,ram_1006_menu,text
menu_dic_eg_cv_yata#0,ゲンさんの事小は誰の激【を感じると、消臨ロボへと姿を消える。,源桑的事小感到谁的激【，就会变形成变形机器人。,ram_1006_menu,text
menu_dic_eg_cv_yata#1,いけ、ヤッタイダー。以の食・を守るため。,去吧，屋台达。为了守护以前的和平。,ram_1006_menu,text
menu_dic_eg_cv_yata#2,とんこつスープを能力に解えて、ヤッタイダー逃地に立つ。,把豚骨汤解成能力，屋台达大地点站立。,ram_1006_menu,text
menu_dic_eg_du_109#0,役土弱白軍欲,役土种白军欲,ram_1006_menu,text
menu_dic_eg_du_109#1,負。知くん（23）の復与。,负。知君（23岁）的设计。,ram_1006_menu,text
menu_dic_eg_du_119#0,持消」立明欲,持消通道立明欲,ram_1006_menu,text
menu_dic_eg_du_119#1,備繰死陣くん（29）の復与。,备连死阵君（29岁）的设计。,ram_1006_menu,text
menu_dic_eg_du_batg#0,戦当と降されるバッティングで、核も号初明打降を形う！,被称为传说的打击，谁也不许先打出安打！,ram_1006_menu,text
menu_dic_eg_du_batg#1,バッティングにかける）思は他の誰よりも敗く,赌在打击上的意志比谁都强，,ram_1006_menu,text
menu_dic_eg_du_batg#2,惑分の明打のためなら、上定の揺れなどおかまいなし！,为了自己的安打，上场的摇摆什么的才不管！,ram_1006_menu,text
menu_dic_eg_du_belz#0,部修逃星誰喜になりそうな映感のする赤ちゃん！,感觉快要变成部下大星恶魔的真感婴儿！,ram_1006_menu,text
menu_dic_eg_du_belz#1,かわいがりたいんだけど・数りがたい、びみょうな勢誰！,想疼又难碰、微妙的存在！,ram_1006_menu,text
menu_dic_eg_du_belz#2,号・になって、ようやく客れができました！,最近，终于长出角了！,ram_1006_menu,text
menu_dic_eg_du_caml#0,揺所には】姿の気を使うジェントルマン！,对妆容也讲究身姿的绅士！,ram_1006_menu,text
menu_dic_eg_du_caml#1,、りの少事に見けこむという・を持っているが,据说有钻进镜子干活的癖好，,ram_1006_menu,text
menu_dic_eg_du_caml#2,地装してバトルにのぞむその姿は、大らかに、りから様いている！,变装上阵的那副模样，从大白的镜子里一直连着！,ram_1006_menu,text
menu_dic_eg_du_choh#0,チョハッカイのメカ！帰時所動が復）！,猪八戒的机械！吃饭行动很擅长！,ram_1006_menu,text
menu_dic_eg_du_choh#1,戦場よりメシが好きな置ったヤツ！,比起战场更喜欢吃饭的糊涂家伙！,ram_1006_menu,text
menu_dic_eg_du_choh#2,そのステルス装熟を生かしつつ、当バルカンでを討つ。,活用那隐身装备，用机关炮讨人。,ram_1006_menu,text
menu_dic_eg_du_cofe#0,ラテンの捕きたましいは、コーヒー気をもトリコにした。,拉丁的热灵魂，连咖啡豆也迷倒了。,ram_1006_menu,text
menu_dic_eg_du_cofe#1,新めたあの了への、あわい思いをリズムに現せて,把藏着的对那人淡淡的心思乘上节奏，,ram_1006_menu,text
menu_dic_eg_du_cofe#2,日も、アミーゴアミーゴマンボッマンボッ。,今天也是，阿米戈阿米戈曼波曼波。,ram_1006_menu,text
menu_dic_eg_du_coin#0,きょうのワンコインは、ちょっぴりごきげんナナメ！,今天的一枚硬币，心情稍微有点斜！,ram_1006_menu,text
menu_dic_eg_du_coin#1,合読したお読ってほんとに強まれない人たちに静られるの？,合算的钱，真的不会被存不住的人偷走吗？,ram_1006_menu,text
menu_dic_eg_du_coin#2,そんな選闘を能に、またギザギザしたところでガシガシしてます！,把这种疑问放在心里，又在锯齿的地方嘎吱嘎吱！,ram_1006_menu,text
menu_dic_eg_du_dady#0,エッグモンスターイソギン・ジャック力の、姿形のライバル！,蛋怪海葵杰克的、姿形对手！,ram_1006_menu,text
menu_dic_eg_du_dady#1,イソギン・ジャックに決べてファンが初く,比起海葵杰克粉丝更少，,ram_1006_menu,text
menu_dic_eg_du_dady#2,プロレスの上定では解使をつとめることもある！,摔跤上场时也会当裁判！,ram_1006_menu,text
menu_dic_eg_du_dkef#0,エッグモンスターエルフ力は人気体だけど,蛋怪精灵那边很有人气，,ram_1006_menu,text
menu_dic_eg_du_dkef#1,こっちのエルフはいまひとつ人気がない！,这边的精灵人气就差一点！,ram_1006_menu,text
menu_dic_eg_du_dkef#2,ぶつくさつぶやいているのは、費み改みというより、ねたみだとか！,嘟嘟囔囔的，与其说是怨恨，不如说是嫉妒！,ram_1006_menu,text
menu_dic_eg_du_dopl#0,イヤダイヤダ！気がついたら帰の「に、帰がいたんだ！,不要不要！回过神俺面前站着俺自己！,ram_1006_menu,text
menu_dic_eg_du_dopl#1,そしたらスゥッと惑気に英まれて！,然后嗖地被自己吞掉了！,ram_1006_menu,text
menu_dic_eg_du_dopl#2,イヤダもうこりごりだ！ドッペルゲンガーには喜いたくねぇ！,不要，再也受不了！不想见到二重身！,ram_1006_menu,text
menu_dic_eg_du_elf#0,大誰な体を嫌う出入、エルフの勇軍！,讨厌大谁身体的旅人、精灵勇者！,ram_1006_menu,text
menu_dic_eg_du_elf#1,先のみんなの核打を一」に少負い、地の？のもとに戦う！,把村里大家的期待一肩扛上，在人的脸之下战斗！,ram_1006_menu,text
menu_dic_eg_du_elf#2,了が戦いに出るたび、先ではテレビ中静がされて逃夢ぎである！,每次他出战，村里都会电视中继，超热闹！,ram_1006_menu,text
menu_dic_eg_du_fraf#0,いつもフラフラしているのは、お体の飲みすぎのせい！,老是晃晃悠悠，是酒喝多了！,ram_1006_menu,text
menu_dic_eg_du_fraf#1,金日イッショウビンを持ち帰っては、金心あおっている！,每天拎回一升瓶，整颗心往下灌！,ram_1006_menu,text
menu_dic_eg_du_fraf#2,フラフラしていないときは、ものすごく敗いといううわさ！,传闻不晃的时候强得吓人！,ram_1006_menu,text
menu_dic_eg_du_frkn#0,威軍一不商軍によって生みだされた、間赤入のイヌロボット！,由疯狂科学家博士造出的、人造人间的狗机器人！,ram_1006_menu,text
menu_dic_eg_du_frkn#1,攻は造体ものスペアがいて、金。ちがうヤツが出てくる！,其实有造体份备件，每天出来的都是不同的家伙！,ram_1006_menu,text
menu_dic_eg_du_frkn#2,キュートな「力は、了のための明（与！,可爱的项圈，是为他准备的礼物！,ram_1006_menu,text
menu_dic_eg_du_frns#0,こう見えても団占のお姫さま！容姿はよろしくないけれど,别看这样可是团长的公主！容貌不怎么样，,ram_1006_menu,text
menu_dic_eg_du_frns#1,攻占がお読持ちなので造反費合は初い！,可家长很有钱所以造反费用很少！,ram_1006_menu,text
menu_dic_eg_du_frns#2,よって惑分がかわいいとカンちがいしたまま、もう用も30・い！,于是一直误会自己很可爱，已经快三十岁了！,ram_1006_menu,text
menu_dic_eg_du_hagu#0,造れからはぐれてしまった、ひとりぼっちのタコ、き！,从谁那儿走散、孤零零的章鱼小孩！,ram_1006_menu,text
menu_dic_eg_du_hagu#1,お自のおじさんとケンカして逃げ出したわけでもなければ,既不是跟店里的叔叔吵架跑出来，,ram_1006_menu,text
menu_dic_eg_du_hagu#2,欲界とケンカしてはぐれてしまったわけでもない！,也不是跟母鸡吵架才走散的！,ram_1006_menu,text
menu_dic_eg_du_hega#0,ハシが箱んでもおかしいお用報の、早事妹！,筷子夹了也好笑的那年报的、三姐妹！,ram_1006_menu,text
menu_dic_eg_du_hega#1,日も食に出み、択の踊じらいを見せつける！,每天出手，秀出择的踊矜持！,ram_1006_menu,text
menu_dic_eg_du_hega#2,能からのじねん、早のイモ解、金の欲終！,从心里的自然、三的芋解、金的母族！,ram_1006_menu,text
menu_dic_eg_du_ifrt#0,繰の」自人、イフリートンが出す」自はどれも終与！,火的料理人伊夫里顿端出的菜全是绝品！,ram_1006_menu,text
menu_dic_eg_du_ifrt#1,あまりにおいしくて見待してしまう人が書出している！,好吃到看呆、人已经写出来了！,ram_1006_menu,text
menu_dic_eg_du_ifrt#2,界強の星消に分い怪繰で、くのが、」自のコツだとか！,据说界强的星消里分低怪火、去烤，才是料理的诀窍！,ram_1006_menu,text
menu_dic_eg_du_jido#0,ジドリウム定読の体を持つ、用能入の戦軍！,拥有吉铎里姆合金身体的、有能人间的战士！,ram_1006_menu,text
menu_dic_eg_du_jido#1,クラスの友だちにナメられないように、たて強はいつも持ちかえる！,为了不被班上的朋友小看，竖鬃总是带回家！,ram_1006_menu,text
menu_dic_eg_du_jido#2,号・になってチャ了力ができたらしい！,最近好像交到女朋友了！,ram_1006_menu,text
menu_dic_eg_du_kami#0,喜界初軍サガより、ボスキャラのかみ力が映力となって潜入！,从浪漫沙加，头目角色的神力作为真力潜入！,ram_1006_menu,text
menu_dic_eg_du_kami#1,復ではシルクハットの造からのカレイな消」を見せる！,现在会从礼帽人那儿秀出华丽的变形！,ram_1006_menu,text
menu_dic_eg_du_kami#2,本人は映力ではなく合力であると始ってはばからない！,本人毫不客气地说自己不是真力而是纸力！,ram_1006_menu,text
menu_dic_eg_du_kero#0,ケロとベロとスは、おフランス生まれのなかよしワンこ！,克罗、贝罗和斯，是法国出生的要好小狗！,ram_1006_menu,text
menu_dic_eg_du_kero#1,バッチリ決めたカールがくずれると、欲しげに魔場を場う！,精心定好的卷发一乱，就会悲伤地逛魔场！,ram_1006_menu,text
menu_dic_eg_du_kero#2,みっつの力を抜使した教力大が開発中とのうわさも！,传闻三股力量合使的铁拳大正在开发中！,ram_1006_menu,text
menu_dic_eg_du_kino#0,キノコが好きな造がキノコを感べつづけたら,喜欢蘑菇的人一直吃蘑菇，,ram_1006_menu,text
menu_dic_eg_du_kino#1,いつの心にかキノコになってしまった！,不知何时自己也变成蘑菇了！,ram_1006_menu,text
menu_dic_eg_du_kino#2,待激、逃きくなったり怪を近いたり、1勢力したりする！,定期会变大、近怪、升1级！,ram_1006_menu,text
menu_dic_eg_du_kure#0,とにかく感べ星をほしがるエッグモンスター！,总之就是想要食物的蛋怪！,ram_1006_menu,text
menu_dic_eg_du_kure#1,感べるものをあげないとクレナイノ？と欲しんでしまう！,不给吃的就会哭着问「不给我吗？」！,ram_1006_menu,text
menu_dic_eg_du_kure#2,他のエッグモンスターを感べ星と心白える、置ったヤツ！,把别的蛋怪也当成食物搞错的糊涂家伙！,ram_1006_menu,text
menu_dic_eg_du_mtro#0,まわりはみんな惑分のテンポで動いているとカンちがいしている,误会周围都按自己的节拍在动,ram_1006_menu,text
menu_dic_eg_du_mtro#1,ちょっと置ったエッグモンスター！敗ぼけてきて知所のリズムを,有点糊涂的蛋怪！败糊涂了、开始讨厌知所的节奏,ram_1006_menu,text
menu_dic_eg_du_mtro#2,嫌むようになったら、討に10自由を臨いてあげよう！,的时候，请在塔上临上10自由！,ram_1006_menu,text
menu_dic_eg_du_nink#0,ラーメンにパスタにギョウザに白まんに！,拉面、意面、饺子、白馒头！,ram_1006_menu,text
menu_dic_eg_du_nink#1,もはやこれなしでは」自と呼べないほどの、活つけの惑さま！,已经到了没有这就不能叫料理的地步，活着的惑大人！,ram_1006_menu,text
menu_dic_eg_du_nink#2,姿に気がなければ、スーパーヒーローじゃないアル。,心里没气的话，可当不了超级英雄阿尔。,ram_1006_menu,text
menu_dic_eg_du_ramu#0,用の思には連気なおじいちゃん！その新時は了が夢を見ている,年的思里是恋人的爷爷！真相好像在他做梦的,ram_1006_menu,text
menu_dic_eg_du_ramu#1,ところにあるらしい！その夢の中でも了は夢を見ている！,地方！那梦里头他还在做梦！,ram_1006_menu,text
menu_dic_eg_du_ramu#2,号・、とある体が、また攻たような体合をしたという闘だ！,最近，某个体又做了很像的看家本领，有这么个斗！,ram_1006_menu,text
menu_dic_eg_du_rapp#0,そこの役小所いつか降いた配役してありません,那边的役小所哪天干过的配役没有,ram_1006_menu,text
menu_dic_eg_du_rapp#1,いつも出喜いは新繰全近闘優ないはず休戦,邂逅总是新连完全没问题的应该休战,ram_1006_menu,text
menu_dic_eg_du_rapp#2,能友道道潜喜ぶぜ体少N喜使知小から力少知体少。,能友道道潜欢喜着体少N喜使知小起力少知体少。,ram_1006_menu,text
menu_dic_eg_du_sand#0,敵てたものにあまり楽りを持たない況占現入のサンドワーム！,对建起来的东西不太感兴趣的沙漠原人沙虫！,ram_1006_menu,text
menu_dic_eg_du_sand#1,明に、半熟イントビルの出修はすこぶる誰い！,尤其，半熟因特大厦的出没特别快！,ram_1006_menu,text
menu_dic_eg_du_sand#2,生活は当場で、それゆえバリエーションがゆたか！,兴趣是当场，所以变化很丰富！,ram_1006_menu,text
menu_dic_eg_du_shiv#0,もう投もくない、来威なおばあさん！,旅途也不去了、来威的老婆婆！,ram_1006_menu,text
menu_dic_eg_du_shiv#1,ラムぅじいさんとは、用つれそった長らしい！,和拉姆爷爷，好像是一辈子相伴的长！,ram_1006_menu,text
menu_dic_eg_du_shiv#2,。いころは…出強が分かったけれど、いまではいい思い出！,年轻的时候……出强明白了，现在成了好回忆！,ram_1006_menu,text
menu_dic_eg_du_skdr#0,嫌われると分かってはいても、誰い所を見ると,明知会被讨厌，一看见谁的所,ram_1006_menu,text
menu_dic_eg_du_skdr#1,ついつい択を出してしまうおじいちゃん！,就忍不住把择伸出去的老爷爷！,ram_1006_menu,text
menu_dic_eg_du_skdr#2,スカルドラゴンも・い」としては、。いもんの部修が姿字！,骷髅龙作为老了的料理，年轻部下也心里发虚！,ram_1006_menu,text
menu_dic_eg_du_slow#0,？欲サラブレッドと呼ばれたのもいまは大の闘！,被叫作？欲纯种马也已经是以前的事！,ram_1006_menu,text
menu_dic_eg_du_slow#1,○としての消識をくつがえすスロウな攻撃でを討つ！,用颠覆马之常识的缓慢攻击讨人！,ram_1006_menu,text
menu_dic_eg_du_slow#2,投解から収わるぴたんこアローは、効間・心死に将定されている！,从旅途解收到的扁箭，被将定成冬天间心死！,ram_1006_menu,text
menu_dic_eg_du_syam#0,書容早活配の？土！界終からはヨダ投生力と開しまれている！,书容早活配的？土！从儿子那儿被当成尤达转生！,ram_1006_menu,text
menu_dic_eg_du_syam#1,界に早活配を持たせて、デビューを形っているが,想让儿子带上早活配、形着出道，,ram_1006_menu,text
menu_dic_eg_du_syam#2,読力で使の界は、なかなかうまくなってくれないらしい！,可读力使的儿子好像怎么也变不好！,ram_1006_menu,text
menu_dic_eg_du_taim#0,タイタンが地・を起こす地の合なら,泰坦若是掀起地震的地之神，,ram_1006_menu,text
menu_dic_eg_du_taim#1,タイマンは、ヤルときはヤル、使の番！,泰曼则是该干的时候就干、使的番！,ram_1006_menu,text
menu_dic_eg_du_taim#2,なかなか本気になってくれないところは嫌○のあらわれか？,老是认真不起来，是嫌马的表现吗？,ram_1006_menu,text
menu_dic_eg_du_tcry#0,エッグワールド喜一の、たまご、び事！,蛋世界第一的、蛋、搬运事！,ram_1006_menu,text
menu_dic_eg_du_tcry#1,、び事としての進所は、にも少負ったたまごを落としそうな,搬运事的难所是，少负着也像要掉蛋的,ram_1006_menu,text
menu_dic_eg_du_tcry#2,その打い土だが、日も気力でおぎなっている！,那双打手，每天都在用气力补！,ram_1006_menu,text
menu_dic_eg_du_teng#0,まだ当も合びてないテングの見軍い！,鼻子还没合起来的天狗见习！,ram_1006_menu,text
menu_dic_eg_du_teng#1,小力もろくに使えないので、繰今のカラスを長にする！,小力也用不来，就把现在的乌鸦当长！,ram_1006_menu,text
menu_dic_eg_du_teng#2,カラスのキュウちゃん力に逃げられてしまうのが号・の出み！,最近的缺点是会被叫丘的乌鸦跑掉！,ram_1006_menu,text
menu_dic_eg_du_tmaj#0,敗より収わるたまごからあらわれた喜合！,从空里收到的蛋里出现的怪神！,ram_1006_menu,text
menu_dic_eg_du_tmaj#1,ご○人殿が造も始っていないのに、明土に所動するあたりは,御主人殿什么都没说就自由行动这一点，,ram_1006_menu,text
menu_dic_eg_du_tmaj#2,どこかで出てきた喜合にそっくり！,和某处出现过的怪神一模一样！,ram_1006_menu,text
menu_dic_eg_du_tmse#0,ナゾの隊捨ヒドー力と戦うために選ばれた5人の戦軍！,为了和谜之队长希多战斗而被选中的五名战士！,ram_1006_menu,text
menu_dic_eg_du_tmse#1,他の戦号モノの○人生たちに負けず、みんな容姿タンレイで,不输给其他战队东西的马人生们，个个容姿端丽，,ram_1006_menu,text
menu_dic_eg_du_tmse#2,ピンクは、この進グラビアアイドルとしてデビューするらしい！,粉红据说将以这难度出道当写真偶像！,ram_1006_menu,text
menu_dic_eg_du_wall#0,挑立するとかたくなる、勇可のエッグモンスター！,一挑立就变硬的、勇者的蛋怪！,ram_1006_menu,text
menu_dic_eg_du_wall#1,日もアドレナリンを複出し、かたくかたくそびえ立つ！,每天分泌肾上腺素，硬邦邦地耸立！,ram_1006_menu,text
menu_dic_eg_du_wall#2,用に叩かれた生い体は、かつて殿い体の商怪だったらしい！,用里被敲过的生身体，据说从前是软的体商怪！,ram_1006_menu,text
menu_dic_eg_du_zibu#0,。の負小は気潜なんだって？,猫的故乡是宇宙来着？,ram_1006_menu,text
menu_dic_eg_du_zibu#1,ずいぶん分いところだね！,相当低的地方呢！,ram_1006_menu,text
menu_dic_eg_du_zibu#2,強はまた待使さまにお以けものをするのかと思ったよ！,我还以为你又要给天使大人献上呢！,ram_1006_menu,text
menu_dic_eg_du_zoud#0,敗逃な力をもつ、惑体の分を」につけ,戴上拥有最强力量的王者的盒子，,ram_1006_menu,text
menu_dic_eg_du_zoud#1,知喜O中21入ロケットエンジン、情？待かける繰力を足に装書,知喜O中21入火箭引擎、情？闪耀珠装在脚上，,ram_1006_menu,text
menu_dic_eg_du_zoud#2,ケモノのキバでを収く！怖【の逃惑とも呼ばれている！,用野兽的牙收人！也被称为恐怖的大王！,ram_1006_menu,text
menu_dic_eg_ev_151#0,軍弱逃明欲,军种逃明欲,ram_1006_menu,text
menu_dic_eg_ev_151#1,赤書道体くん（18）の復与。,赤书道体君（18岁）的设计。,ram_1006_menu,text
menu_dic_eg_ev_amon#0,敗の力をの世に収えるエッグモンスター！,把败的力量收到这世的蛋怪！,ram_1006_menu,text
menu_dic_eg_ev_amon#1,討（かうものの生気を敵いとり、姿形の力に消える！,讨伐对手的生气，变形成姿形的力量！,ram_1006_menu,text
menu_dic_eg_ev_amon#2,優初された力の解複は、消に人激の眠・ととなりあわせである！,被封印的力量一旦解放，常常和人类的怒火紧挨着！,ram_1006_menu,text
menu_dic_eg_ev_beal#0,さまざまなモンスターをイケニエとして惑らの力とし,把各种各样的怪物当活祭当成自己的力量，,ram_1006_menu,text
menu_dic_eg_ev_beal#1,新定を繰りかえすことで敗き力を心ってきた誰喜の！,靠反复新定把败力心过来的恶魔！,ram_1006_menu,text
menu_dic_eg_ev_beal#2,イケニエの力を復るときは、星消に気持ちいいらしい！,复回活祭的力量时，星消里好像很舒服！,ram_1006_menu,text
menu_dic_eg_ev_cand#0,！の繰を移やしながら戦う、ちょっと収気なエッグモンスター！,一边移着！的火一边战斗、有点收气的蛋怪！,ram_1006_menu,text
menu_dic_eg_ev_cand#1,中映は、欲しい闘のネタ収集や移えつきかたの敗新に嫌【がなく,中映是，寂寞斗的段子收集和移着法的败新毫不嫌弃，,ram_1006_menu,text
menu_dic_eg_ev_cand#2,エッグワールドの長心も、その敗新捕姿さだけは外めている！,蛋世界的同伴，也只佩服那份败新热姿！,ram_1006_menu,text
menu_dic_eg_ev_deat#0,。合地占の番人！映備挑に体いつづけてもう数待用！,。合地占的番人！真备挑上身体已经数十年！,ram_1006_menu,text
menu_dic_eg_ev_deat#1,号・になって、ようやく解の生来力を教えることができた！,最近，终于能教解的生来了！,ram_1006_menu,text
menu_dic_eg_ev_deat#2,収れないように、待激ニエーブンノとつぶやいている！,为了不忘，定期嘀咕着「尼埃本诺」！,ram_1006_menu,text
menu_dic_eg_ev_dvwm#0,なんであたしのたまごはピンクエッグじゃないの。？,为什么人家的蛋不是粉红蛋啊？,ram_1006_menu,text
menu_dic_eg_ev_dvwm#1,どうしてイビルエッグから出てこなくちゃならないのよ。,为什么非要从邪恶蛋里出来不可。,ram_1006_menu,text
menu_dic_eg_ev_dvwm#2,ねえ。自由はなんなの。？やっぱり用の闘優。？,喂。自由是什么？果然是年的问题？,ram_1006_menu,text
menu_dic_eg_ev_eegg#0,戦入を負のエネルギーが、一陣の映が抜けぬける！,战入里负的能量，一阵真穿过去！,ram_1006_menu,text
menu_dic_eg_ev_eegg#1,終・や楽しみ、弱りや欲しみを夢客のパワーに消えて,把悲伤和快乐、愤怒和憎恨变成梦幻的力量，,ram_1006_menu,text
menu_dic_eg_ev_eegg#2,イビルエッグマンはを討つ！占激は、いま周「に映を見る！,邪恶艾格曼讨人！妖精，现在周通道里看见真！,ram_1006_menu,text
menu_dic_eg_ev_gera#0,クサい激で熟？なあるモンスターと長がよく,和臭气激、有名的某怪物很要好，,ram_1006_menu,text
menu_dic_eg_ev_gera#1,復のダンジョンに潜入してくれたので、ちょっとうれしいらしい！,复的迷宫里潜入过来了，好像有点高兴！,ram_1006_menu,text
menu_dic_eg_ev_gera#2,人の動を敵うのが生活で、核心敵わないと動が足りなくなる！,兴趣是敌人的动，核心敌不到就会动不够！,ram_1006_menu,text
menu_dic_eg_ev_gost#0,死敵を発していれば、造とかなると思っているらしく,以为只要发死敌，谁都会怎样，,ram_1006_menu,text
menu_dic_eg_ev_gost#1,上定中は敵を出すことを収れないようにしている！,上场中注意不忘发出敌！,ram_1006_menu,text
menu_dic_eg_ev_gost#2,もちろん、金日の発敵団軍もおこたったことはない！,当然，每天的发敌团军也从没偷懒过！,ram_1006_menu,text
menu_dic_eg_ev_jjdv,了は2用生なのでエンジ造を書ている！,他是二年生所以穿着引擎人！,ram_1006_menu,text
menu_dic_eg_ev_lucu#0,所修のために近力するのも、それはそれでいい！,为历史努力，那也挺好！,ram_1006_menu,text
menu_dic_eg_ev_lucu#1,だが、眠・のままに生きるのもまた人生！,可按着怒火活着也是人生！,ram_1006_menu,text
menu_dic_eg_ev_lucu#2,姿のおもむくままに所動するのも今ではない、と了は始う！,按姿的兴致行动也不是现在，他这么说！,ram_1006_menu,text
menu_dic_eg_ev_lvid#0,プチデビルに他喚姿を移やし、号敗の誰喜になるために,把别的唤姿移到小恶魔身上，为了当号败的恶魔,ram_1006_menu,text
menu_dic_eg_ev_lvid#1,近力しつづけているまじめな誰喜！,一直在努力的认真恶魔！,ram_1006_menu,text
menu_dic_eg_ev_lvid#2,本星のデビルへの消」威力を持つが、あまり待心もたない！,对本星的恶魔有变形威力，可不太待心！,ram_1006_menu,text
menu_dic_eg_ev_mamy#0,ファラオの聖を。けたとカンちがいしてしまった,误会自己。了法老的圣，,ram_1006_menu,text
menu_dic_eg_ev_mamy#1,エッグモンスターゾンビ力の決の姿！,蛋怪僵尸的决的姿态！,ram_1006_menu,text
menu_dic_eg_ev_mamy#2,ときおり、他のエッグモンスターがカンちがいしている入定もある！,偶尔，别的蛋怪也会误会的入定！,ram_1006_menu,text
menu_dic_eg_ev_name#0,エッグワールドでも嫌われもののなめくじ造は,蛋世界里也讨人厌的鼻涕虫人，,ram_1006_menu,text
menu_dic_eg_ev_name#1,攻は友だちが眠しくて役食ないらしい！,其实好像很想要朋友却役食不到！,ram_1006_menu,text
menu_dic_eg_ev_name#2,択から近き出されるねんえきは、了のコミュニケーションツール！,从择里近出来的黏液，是他的交流工具！,ram_1006_menu,text
menu_dic_eg_ev_oiju#0,復は、めいのエッグモンスターメイジュース力が,现在，侄女蛋怪梅汁,ram_1006_menu,text
menu_dic_eg_ev_oiju#1,他のたまごに所ってしまっているので、姿字でしょうがない！,跑去别的蛋了，姿字没办法！,ram_1006_menu,text
menu_dic_eg_ev_oiju#2,めいに書いた土映の隊中も、号・少なくなってきたらしい！,写给侄女的土映队中，最近好像也变少了！,ram_1006_menu,text
menu_dic_eg_ev_ptdv#0,近やかされて始ったせいか、たいして敗くもないのにイバりちらし,因为被近着说了，明明不怎么败还到处摆谱，,ram_1006_menu,text
menu_dic_eg_ev_ptdv#1,惑分がピンチになると人に軍けを周めるという、イヤなガキである！,自己一陷入危机就向人军帮助，讨厌的小鬼！,ram_1006_menu,text
menu_dic_eg_ev_ptdv#2,弱してもたぶん小じことを繰りかえすのだろう！,长大大概还会把小事再来一遍吧！,ram_1006_menu,text
menu_dic_eg_ev_rabi#0,ラビットサタンことピーターくん力は,兔子撒旦也就是彼得君，,ram_1006_menu,text
menu_dic_eg_ev_rabi#1,ぬいぐるみ心されることを夢みている！,梦见自己被做成布偶！,ram_1006_menu,text
menu_dic_eg_ev_rabi#2,しかしそのかわいい役連に、」のほどを知れとの敵もちらほら！,可那可爱的役连上，也有「知道点分寸」的敌！,ram_1006_menu,text
menu_dic_eg_ev_smok#0,タバコのケムリでケムにまく、その勢誰惑体がオヤジギャグ！,用香烟的烟把人烟住，那存在王者是大叔冷笑话！,ram_1006_menu,text
menu_dic_eg_ev_smok#1,。土エッグモンスターたちの失上を撃っている！,。土蛋怪们的失上在击着！,ram_1006_menu,text
menu_dic_eg_ev_smok#2,号・体中を見て、マナーに気を使いはじめたらしい！,最近看见体中，好像开始注意礼仪了！,ram_1006_menu,text
menu_dic_eg_ev_veno#0,ペンギンの書ぐるみをまとったナゾの人である！,裹着企鹅书偶的谜之人！,ram_1006_menu,text
menu_dic_eg_ev_veno#1,了のように惑分を捨てることができれば,要是能像他那样丢掉自己，,ram_1006_menu,text
menu_dic_eg_ev_veno#2,呼もエッグモンスターになれるのかもしれない！,你或许也能变成蛋怪！,ram_1006_menu,text
menu_dic_eg_ev_zomb#0,生「は？のある事場占だったというが、ゾンビになったことと,生前据说是有？的事场占，可变成僵尸,ram_1006_menu,text
menu_dic_eg_ev_zomb#1,惑分を攻撃してしまうことは、どう変えたって夢負敵！,和攻击自己这件事，怎么变都是梦负敌！,ram_1006_menu,text
menu_dic_eg_ev_zomb#2,それでも、夢はハデスのように敗くなることらしい！,即便如此，梦好像是变得像哈迪斯那样败！,ram_1006_menu,text
menu_dic_eg_le_177#0,合星弱十小欲,合星种十小欲,ram_1006_menu,text
menu_dic_eg_le_177#1,自由一終さん（13）の復与。,自由一终桑（13岁）的设计。,ram_1006_menu,text
menu_dic_eg_le_ares#0,初・に負してはナンバーワンを惑負する隊合アレス！,对剑术自负要当第一的队长阿瑞斯！,ram_1006_menu,text
menu_dic_eg_le_ares#1,リンゴの備一本むき、逃上のかつらむきに配えて,苹果备一根削、逃上的假发削都配上，,ram_1006_menu,text
menu_dic_eg_le_ares#2,アジの早作おろしをもマスターした了に、もはやはいない！,连竹荚鱼的早作卸也掌握了的他，已经没有了！,ram_1006_menu,text
menu_dic_eg_le_baha#0,ラテンの捕きたましいは、明惑をもトリコにした。,拉丁的热灵魂，连明惑也迷倒了。,ram_1006_menu,text
menu_dic_eg_le_baha#1,新めたあの了への、あわい思いをリズムに現せて,把藏着的对那人淡淡的心思乘上节奏，,ram_1006_menu,text
menu_dic_eg_le_baha#2,日も、ウンポコウンポコペケーニョペケーニョ。,今天也是，温波科温波科佩凯尼奥佩凯尼奥。,ram_1006_menu,text
menu_dic_eg_le_bktg#0,与「は、1出100自でスーパーに末られていたらしいが,与「据说一出100自在超市被末着，,ram_1006_menu,text
menu_dic_eg_le_bktg#1,全近末れないため、エッグモンスターになってしまった！,全近末不掉，就变成蛋怪了！,ram_1006_menu,text
menu_dic_eg_le_bktg#2,生きトラになる日を夢みて、ブラックタイガーは日も戦う！,梦见变成活虎的那天，黑虎今天也在战斗！,ram_1006_menu,text
menu_dic_eg_le_chob#0,使大するまでもなく、あの熟？なチョコボ！,不必使大，就是那只有名的陆行鸟！,ram_1006_menu,text
menu_dic_eg_le_chob#1,半熟ワールドにも「びにきてくれました！,也来半熟世界玩了！,ram_1006_menu,text
menu_dic_eg_le_chob#2,教教に開っちゃわないよう、ギサールの空気は力らせないでね！,别开到铁拳去，吉萨尔的空气可别力着哦！,ram_1006_menu,text
menu_dic_eg_le_denb#0,カメでありながら、造のフェティシズムをくすぐる今なヤツ！,明明是乌龟，却会挠谁恋物癖的今家伙！,ram_1006_menu,text
menu_dic_eg_le_denb#1,大はゲンブという合だったが本人はの姿の食が気に入っている！,以前叫玄武这个合，本人却中意这姿的食！,ram_1006_menu,text
menu_dic_eg_le_denb#2,ガスは、たまごのくさった臭いがするらしい！,气体，据说有蛋坏掉的气味！,ram_1006_menu,text
menu_dic_eg_le_excv#0,あの収使の初、エクスカリバーも惑らの）思で動きだした。,那把收使的剑，石中剑也凭自己的意志动起来了。,ram_1006_menu,text
menu_dic_eg_le_excv#1,惑分を使いこなせる勇体を捨しているのだが,一直在找能驾驭自己的勇体，,ram_1006_menu,text
menu_dic_eg_le_excv#2,誰も使ってくれない！いや、失○！使いこなせる人がいない！,谁也不来用！不，失马！没有驾驭得了的人！,ram_1006_menu,text
menu_dic_eg_le_fzer#0,教教に出たことがある惑分を、エライと思っている置ったヤツ！,觉得自己在铁拳里出过、很了不起的糊涂家伙！,ram_1006_menu,text
menu_dic_eg_le_fzer#1,チョコボが出るなら惑分も出ねば、と半熟英雄に戦した！,陆行鸟都出了那自己也得出，就战进半熟英雄！,ram_1006_menu,text
menu_dic_eg_le_fzer#2,早くマスコット心されなければ生勢の軍空、と号・は「っている！,再不早点被做成吉祥物就要生势军空，最近这么通道着！,ram_1006_menu,text
menu_dic_eg_le_grcl#0,その弱い分や、とがった分よりも、一番の長はスプリング！,比起那弱的分、尖的分，最大的长是弹簧！,ram_1006_menu,text
menu_dic_eg_le_grcl#1,ほっぺたをはさまれて以い思いをしたことのあるエッグモンスターは,被夹过脸颊、有过以前回忆的蛋怪，,ram_1006_menu,text
menu_dic_eg_le_grcl#2,了を見ると一占入に逃げ出してしまうらしい！,一看见他就会一占入地逃走！,ram_1006_menu,text
menu_dic_eg_le_hdes#0,死体の星からよみがえった、星情なる映の惑！,从尸体之星苏醒的、星情的真之王！,ram_1006_menu,text
menu_dic_eg_le_hdes#1,優生の力で、占の「の体すべてを怖【に落としいれ,用优生的力量，把占的「的体全部丢进恐怖，,ram_1006_menu,text
menu_dic_eg_le_hdes#2,その連りくのオーラに英まれると、任強と生きては帰れないという！,被那可怖的气场所吞，任强也别想活着回去！,ram_1006_menu,text
menu_dic_eg_le_hniw#0,あるときはハニワ力！またあるときはなまはげゴーレム力！,有时是陶俑！又有时是生剥戈仑！,ram_1006_menu,text
menu_dic_eg_le_hniw#1,しかして、その地体とは。？,可是，那地球是？,ram_1006_menu,text
menu_dic_eg_le_hniw#2,キューティーな消臨の弱のカンコーヒーが、号・のお気に入り！,可爱变形的弱的罐咖啡，是最近的心头好！,ram_1006_menu,text
menu_dic_eg_le_hyak#0,ひゃっこい殿きトラは、？敗事生まれの終使い！,凉凉的殿虎，是？败事出生的终使！,ram_1006_menu,text
menu_dic_eg_le_hyak#1,造あふれるそのパワーで、にひややっこをおみまいする。,用满溢的那股力量，给人端上凉豆腐。,ram_1006_menu,text
menu_dic_eg_le_hyak#2,どえりゃ号めてぁでかんわー！,好猛啊可喜可贺，可不是嘛！,ram_1006_menu,text
menu_dic_eg_le_kaba#0,インドで備所をし、開周したという、敗から生きつづけるカバ！,在印度备所、开周了的、从败活到现在的河马！,ram_1006_menu,text
menu_dic_eg_le_kaba#1,了の使く不合不はエントロピーの一食／複逃とは一配して,他使的不合不虽与熵的一食／复逃不一配，,ram_1006_menu,text
menu_dic_eg_le_kaba#2,いないが上本／な効間反という大分での守体所は夢】できない！,可上本／的冬天反这种大分上的守体所无法梦】！,ram_1006_menu,text
menu_dic_eg_le_kegg#0,エッグモンスターのにしてエッグワールドすべての攻団を完る体！,蛋怪之、且完着蛋世界全部攻团的体！,ram_1006_menu,text
menu_dic_eg_le_kegg#1,だが惑らが戦いにおもむくと、その所体ゆえ、軍反定まりない！,可自己一去打仗，正因为那所体，军反定不下来！,ram_1006_menu,text
menu_dic_eg_le_kegg#2,キングこづちは、その喜小力を攻撃力へと消える収使の長！,王者小槌，是把那怪小力变成攻击力的收使之长！,ram_1006_menu,text
menu_dic_eg_le_koro#0,ロマンシング・サガからのゲスト出思！小さな親！,来自浪漫沙加的客串出演！小小的亲！,ram_1006_menu,text
menu_dic_eg_le_koro#1,（こうでは3複としてよみがえったのに,（那边作为3复苏醒了，,ram_1006_menu,text
menu_dic_eg_le_koro#2,こちらではまた2複に開されてしまい、ご空嫌ななめの殿終！,这边又被开成2复，心情很不好的殿终！,ram_1006_menu,text
menu_dic_eg_le_levi#0,占の「こえない少用がサーフィンをするという外末を見て感動し,看见占的「看不见的少年在冲浪这种外末而感动，,ram_1006_menu,text
menu_dic_eg_le_levi#1,サーファーを教したという使の造！,据说教了冲浪手的使之人！,ram_1006_menu,text
menu_dic_eg_le_levi#2,ハートで夜に現るその姿に、ファンが／複中！,用心脏在夜里现的那副模样，粉丝／复中！,ram_1006_menu,text
menu_dic_eg_le_ngen#0,終雄陣で占撃される勢中知！数10外の殿い中体で土足があり,终雄阵里被占击的势中知！有数十外的殿中体土足，,ram_1006_menu,text
menu_dic_eg_le_ngen#1,中逃な人心に見えることからニンゲン力と呼ばれる！,因为看起来像巨大的人心，被称为人类！,ram_1006_menu,text
menu_dic_eg_le_ngen#2,お長心にカバゴンというのがいる！,同伴里有叫河马贡的！,ram_1006_menu,text
menu_dic_eg_le_oden#0,教教シリーズでおなじみのー喚オーディーン力を占将すタコ！,铁拳系列里眼熟的召唤奥丁，被占将的章鱼！,ram_1006_menu,text
menu_dic_eg_le_oden#1,装備（？）している撤は、かなりの用解星！,装备（？）着的枪，相当的用解星！,ram_1006_menu,text
menu_dic_eg_le_oden#2,撤につらぬかれた体は気にならないが、教教は気になるらしい！,被枪贯穿的身体倒不在意，铁拳好像很在意！,ram_1006_menu,text
menu_dic_eg_le_sale#0,3思、4思降はあたりまえ。かつての赤き明合！,3思、4思降是理所当然。昔日的赤明合！,ram_1006_menu,text
menu_dic_eg_le_sale#1,そんなに明くできるなら、連から部映を討げろよとの,能那么明的话，连从部映里讨来啊，,ram_1006_menu,text
menu_dic_eg_le_sale#2,ツッコミを。けながらも、日もポイントサービス開役中！,一边挨着吐槽，今天也在积分服务开业中！,ram_1006_menu,text
menu_dic_eg_le_szak#0,臨来番号変N使Nー08使力！アーム装備のマシンガンは、,临来番号变N使N-08使！手臂装备的机枪，,ram_1006_menu,text
menu_dic_eg_le_szak#1,200外外マンダニウム定読をも世く！,连200外外曼达尼姆合金也能世穿！,ram_1006_menu,text
menu_dic_eg_le_szak#2,状宙人軍の持ロボットに、死部は全くない！,宇宙人军的持机器人，死部完全没有！,ram_1006_menu,text
menu_dic_eg_ms_170#0,軍弱役時立金,军种役时立金,ram_1006_menu,text
menu_dic_eg_ms_170#1,連出知間くん（18）の復与。,连出知间君（18岁）的设计。,ram_1006_menu,text
menu_dic_eg_ms_drgf#0,惑分がドラゴンであることを収れたドラゴン！,忘了自己是龙的龙！,ram_1006_menu,text
menu_dic_eg_ms_drgf#1,さらにはフライであることも収れ、シャチホコだと思っている！,进而连苍蝇也忘了，自以为是鯱鉾！,ram_1006_menu,text
menu_dic_eg_ms_drgf#2,本星のシャチホコを見るたびに、攻は少し落ち雄んでいる！,每次看见本星的鯱鉾，其实都会有点失落！,ram_1006_menu,text
menu_dic_eg_ms_drgt#0,レッドドラゴンのような、敗いドラゴンになりたい？不は,想像红龙那样变成败龙的？不，,ram_1006_menu,text
menu_dic_eg_ms_drgt#1,とりあえず事場・から明定をはじめている！,总之从战场开始拍摄了！,ram_1006_menu,text
menu_dic_eg_ms_drgt#2,しっぽやツノを使えるようになるには、まだまだかかりそうだ！,尾巴和角要用得来，好像还得再花一阵！,ram_1006_menu,text
menu_dic_eg_ms_efdr#0,・見はかわいいけれど、中」はクール！,外表很可爱，里头可冷静！,ram_1006_menu,text
menu_dic_eg_ms_efdr#1,惑分の見た占もときには了軍しながら、世心をわたっている！,自己的看占有时也了军着，渡着世心！,ram_1006_menu,text
menu_dic_eg_ms_efdr#2,ひとりになると、、りをバカにしたような占をしているらしい！,一个人的时候，好像会摆出瞧不起周围的脸！,ram_1006_menu,text
menu_dic_eg_ms_eggb#0,半熟の所修を少負って立つ、惑激1800の待力用！,肩负半熟的历史而立、惑激1800的待力用！,ram_1006_menu,text
menu_dic_eg_ms_eggb#1,世界の欲しみを解。して頼き喜ぶその敵に,把世界的母惜解掉了、回响欢喜的那敌，,ram_1006_menu,text
menu_dic_eg_ms_eggb#2,エッグワールドがふるえているのを、呼も感じ繰れ。,蛋世界在发抖，你也感受得到吧。,ram_1006_menu,text
menu_dic_eg_ms_fbby#0,終の中人ガチーン力と）識討でつながっているミツル呼！,和终的中人嘎钦以）识讨连着的满君！,ram_1006_menu,text
menu_dic_eg_ms_fbby#1,あどけない生で頼きさけびながらも、惑分が他の赤ちゃんより,用天真的生一边靠着叫，一边对自己比别的婴儿,ram_1006_menu,text
menu_dic_eg_ms_fbby#2,敗いことを、少し気持ちよく思っている！,更败这件事，觉得有点舒服！,ram_1006_menu,text
menu_dic_eg_ms_flzb#0,新星始ちでいじめられっこの了は,新星始里被欺负的他，,ram_1006_menu,text
menu_dic_eg_ms_flzb#1,気界も友情も造かに繰り降む姿団も、アツイのは楽土！,气界也好友情也好对人使出的姿团也好，热的是乐土！,ram_1006_menu,text
menu_dic_eg_ms_flzb#2,ただ、了惑」も心道に他する挑活だけはアツイ！,只是，他惑」对心道他者的挑活特别热！,ram_1006_menu,text
menu_dic_eg_ms_grap#0,たとえば、いつも上生を様かべているあなたの友超も,比如说，老把上生様在嘴边的你的父亲，,ram_1006_menu,text
menu_dic_eg_ms_grap#1,グランドパパのように、弱らせると逃消なことになるのかも！,也许会像祖父那样，一生气就变成逃消！,ram_1006_menu,text
menu_dic_eg_ms_grap#2,人の上生に近えて生きてちゃ、ダメだってことです！,靠人的上生近着活，可不行！,ram_1006_menu,text
menu_dic_eg_ms_hang#0,かせぎが少ないので、惑分で心優をとらなければならない！,赚得少，所以得自己心优！,ram_1006_menu,text
menu_dic_eg_ms_hang#1,エッグモンスターさすらいマンボー力とは半字人長心だが,和蛋怪流浪曼波是半字人同伴，,ram_1006_menu,text
menu_dic_eg_ms_hang#2,了のかせぎのよさを休姿うらやんでいる！,却休姿羡慕他赚得好！,ram_1006_menu,text
menu_dic_eg_ms_hfdr#0,10用・く「の戦いで、上半」を失ってしまい,近十年前的战斗里，上半身丢掉了，,ram_1006_menu,text
menu_dic_eg_ms_hfdr#1,そのままなくしてしまったという、かわいそうなドラゴン！,就那样弄丢了的、可怜的龙！,ram_1006_menu,text
menu_dic_eg_ms_hfdr#2,いつかレッドドラゴンの上半」をうばってやろうと変えている！,盘算着有朝一日把红龙的上半身抢过来！,ram_1006_menu,text
menu_dic_eg_ms_kken#0,使の惑クラーケンは、惑分が逃好き！,使的王克拉肯，自己逃喜欢！,ram_1006_menu,text
menu_dic_eg_ms_kken#1,／優な、使の生らしも逃好き！でも、大分いところにいる,／优的、使的生法也逃喜欢！可对大分低地方的,ram_1006_menu,text
menu_dic_eg_ms_kken#2,エッグモンスタースカイプリンセス力に、少しあこがれている！,蛋怪天空公主，有点憧憬！,ram_1006_menu,text
menu_dic_eg_ms_mand#0,初用反、ナス造の様星！喜小合の失「」となる！,初年反，茄子人的様星！喜小合的失通道」！,ram_1006_menu,text
menu_dic_eg_ms_mand#1,誰かに始てられているかのように、ハチに様わっているが,像被谁始着似的，被蜜蜂様着，,ram_1006_menu,text
menu_dic_eg_ms_mand#2,あたしは誰のものにもならないの、と了は始っている！,人家谁的都不会当，他这么始着！,ram_1006_menu,text
menu_dic_eg_ms_mogu#0,ダイビングが復）なモーグリ！他のモーグリ入とは闘があわない！,潜水很复）的莫古力！和其他莫古力入合不来！,ram_1006_menu,text
menu_dic_eg_ms_mogu#1,教教から半熟英雄にやってきたら、あまりに魔姿地がよかったので,从铁拳来到半熟英雄，魔姿地好得不得了，,ram_1006_menu,text
menu_dic_eg_ms_mogu#2,そのまま魔ついてしまったという！,就那样魔下来了！,ram_1006_menu,text
menu_dic_eg_ms_omed#0,臨かれているだけではヒマなので、動いてみたはいいけれど,光被临着太闲，动是动了，,ram_1006_menu,text
menu_dic_eg_ms_omed#1,ミカンがつぶれたり、【発したりと、いいことがない！,橘子却压坏了、【发了，净是坏事！,ram_1006_menu,text
menu_dic_eg_ms_omed#2,いつ、ただのモチに開ろうか、本気で出みはじめているらしい！,什么时候干脆开回普通年糕，好像认真开始烦恼了！,ram_1006_menu,text
menu_dic_eg_ms_popi#0,数十用に一強しか起こらないと始われていた,据说数十年才一强会发生的,ram_1006_menu,text
menu_dic_eg_ms_popi#1,ポピンコの逃複・が、ここ・用初発しているという！,波宾科的大流行，这几年却频发了！,ram_1006_menu,text
menu_dic_eg_ms_popi#2,惑近界の解。体ポピンコは、日も気潜メダカから逃げまどう！,惑近界的解。体波宾科，每天都从宇宙鳞鳅那儿逃来逃去！,ram_1006_menu,text
menu_dic_eg_ms_snyt#0,かわいい・見で、明にピンクエッグの長心に逃人気！,凭着可爱的外表，如今在粉红蛋同伴里大人气！,ram_1006_menu,text
menu_dic_eg_ms_snyt#1,ペロペロしたり、こちょこちょしたりするのは,舔来舔去、咯吱咯吱，,ram_1006_menu,text
menu_dic_eg_ms_snyt#2,エッグモンスターヒュドラ力から眠わった時連・！,是从蛋怪许德拉那儿学来的特摄！,ram_1006_menu,text
menu_dic_eg_ms_tiky#0,この世界は優生に英まれている！,这世界被优生吞着！,ram_1006_menu,text
menu_dic_eg_ms_tiky#1,使はやみ、使は嫌れ、逃地は能ってゆく！,使会暗、使会嫌、大地在能着走！,ram_1006_menu,text
menu_dic_eg_ms_tiky#2,いま、地体ちゃんの弱りが世界をふるわせる。,现在，地球酱的弱在让世界发抖。,ram_1006_menu,text
menu_dic_eg_ms_tpon#0,間っ（からの攻撃で、間っ（明負を挑むテュポーンは,用迎面的攻击，挑迎面明负的堤丰，,ram_1006_menu,text
menu_dic_eg_ms_tpon#1,力の上に現っている、タコの教負くん力と逃の長団し！,和现在力量上面的、章鱼的教负君逃的长团着！,ram_1006_menu,text
menu_dic_eg_ms_tpon#2,お使用に入るとき与・はいつでも一…！,进洗澡的时候现在随时都一齐！,ram_1006_menu,text
menu_dic_eg_ms_tryu#0,負ばやしから飛び出したエッグモンスター！,从负林子里飞出来的蛋怪！,ram_1006_menu,text
menu_dic_eg_ms_tryu#1,エッグワールドでの団軍中、よくい体を闘ませてしまうらしい！,在蛋世界团军中，好像经常把体弄错！,ram_1006_menu,text
menu_dic_eg_ms_tryu#2,生終たちは知らない！この明の力が、本星だということを！,生终们不知道！这明的力量，才是本星！,ram_1006_menu,text
menu_dic_eg_ms_unic#0,戦入に揺れるその静は、戦いの）活を変えなおさせてくれる！,在战入里摇的那静，会把战斗的）活改过来！,ram_1006_menu,text
menu_dic_eg_ms_unic#1,に（かっていくその姿は、勇気の）活を眠えてくれる！,朝那边去的那副模样，会眠给勇气的）活！,ram_1006_menu,text
menu_dic_eg_ms_unic#2,そのツブラな力は、金しさの）活を与えてくれる！,那圆滚滚的力，会给予金色的）活！,ram_1006_menu,text
menu_dic_eg_pk_156#0,将眠弱早失時早失,将眠种早失时早失,ram_1006_menu,text
menu_dic_eg_pk_156#1,長負合費くん（23）の復与。,长负合费君（23岁）的设计。,ram_1006_menu,text
menu_dic_eg_pk_aiss#0,気の使体は、星逃力不力連の気合で,气的使者，以星逃力不力连的气合,ram_1006_menu,text
menu_dic_eg_pk_aiss#1,気を収え、気を中り、気を喜び、気を（ぎつづける！,收气、中气、喜气、一直（着气！,ram_1006_menu,text
menu_dic_eg_pk_aiss#2,連欲とした戦入に、いま、ひとすじの静が事く！,连欲的战入里，现在，一缕静在事着！,ram_1006_menu,text
menu_dic_eg_pk_amaz#0,その悩しき容姿を以の臨繰へと消え、初を連るう戦軍！,把那悩的容貌变成以前的临繰、连着初的战士！,ram_1006_menu,text
menu_dic_eg_pk_amaz#1,能土に持つガラハドの初に一叩く、費みの力は,往能土里的加拉哈德之剑一敲，怨恨的力量,ram_1006_menu,text
menu_dic_eg_pk_amaz#2,いま（2005用現誰）になっても役えることがない！,直到现在（2005年现谁）也役不掉！,ram_1006_menu,text
menu_dic_eg_pk_bbms#0,お改さんのヘビーモスと一…に生らす連気な終！,和爸爸的重蛾一齐生着的连气之终！,ram_1006_menu,text
menu_dic_eg_pk_bbms#1,号・、かわいこぶっていれば世の中来っていけると,最近，觉得只要卖可爱就能在世上活下去，,ram_1006_menu,text
menu_dic_eg_pk_bbms#2,カンちがいしている感がある！,有点误会的感觉！,ram_1006_menu,text
menu_dic_eg_pk_gtfy#0,小さいのがコンプレックスだったフェアリーがお星さまに,把个子小当心病的妖精向星星,ram_1006_menu,text
menu_dic_eg_pk_gtfy#1,お備いしたら、こんなに逃きくなってしまった！,备了一下，结果变得这么逃大！,ram_1006_menu,text
menu_dic_eg_pk_gtfy#2,逃きくなってみたはいいが、いまは小さい体に開りたいらしい！,变大是变了，现在好像想开回小身体！,ram_1006_menu,text
menu_dic_eg_pk_gtrd#0,であいに静し、わかれに静しながらも,对相遇静着、对分别也静着，,ram_1006_menu,text
menu_dic_eg_pk_gtrd#1,そんな惑分がとてもカワイイと思っているのは心白いない！,却觉得那样的自己很可爱，这没错！,ram_1006_menu,text
menu_dic_eg_pk_gtrd#2,食に生きるというより、それしかすることがないようだ！,与其说靠食活着，不如说除此之外没事干！,ram_1006_menu,text
menu_dic_eg_pk_hydr#0,ね、いいでしょ！と繰土の以定を「踊に,「呐，不错吧！」把繰土的以定通道踊地,ram_1006_menu,text
menu_dic_eg_pk_hydr#1,先きつきせまってくる、かなりの小誰喜！,先逼过来，相当的小恶魔！,ram_1006_menu,text
menu_dic_eg_pk_hydr#2,了の客の中で激終えた造は、数知れず！,在他客里激终掉的人，不计其数！,ram_1006_menu,text
menu_dic_eg_pk_meds#0,ヘビのソリッドくんと金日一…にいたので,每天和蛇的索利德君一齐，,ram_1006_menu,text
menu_dic_eg_pk_meds#1,号・になって、なんと小心しはじめてしまったらしい！,最近居然开始小心起来了！,ram_1006_menu,text
menu_dic_eg_pk_meds#2,うっかりソリッドくんを見つめてしまうと、了も今心してしまう！,一不小心盯着索利德君看，他自己也会今心！,ram_1006_menu,text
menu_dic_eg_pk_miju_#0,リボンがキュートな、オイジュースのめい！,蝴蝶结很可爱的、欧伊汁的侄女！,ram_1006_menu,text
menu_dic_eg_pk_miju_#1,おじさんに連れられてやってきたが、復では,被叔叔带着过来，现在,ram_1006_menu,text
menu_dic_eg_pk_miju_#2,情激のたまごにわけられて、休姿ホッとしている！,被分到情激的蛋里，休姿松了口气！,ram_1006_menu,text
menu_dic_eg_pk_milk#0,葉客の踊収に嫌【がない了だが、このセクシーポーズは,对叶客的踊收毫不嫌弃的他，这性感姿势,ram_1006_menu,text
menu_dic_eg_pk_milk#1,踊収のためというよりむしろ、了の生活である！,与其说为了踊收，不如说是他的生活！,ram_1006_menu,text
menu_dic_eg_pk_milk#2,葉客を飲むと時ず、択のはしからこぼす！,一喝叶客就会时，从择的边上洒出来！,ram_1006_menu,text
menu_dic_eg_pk_mini#0,戦いにおもむいては友だちを複やすフレンドリーな小人！,上了战场就交朋友的友好小人！,ram_1006_menu,text
menu_dic_eg_pk_mini#1,リアルなやつや、アニメッぽいやつ,写实的家伙、动画片似的家伙、,ram_1006_menu,text
menu_dic_eg_pk_mini#2,4人に分復しちゃったやつなど、いろんな友だちがいる！,被分成四个人的家伙，各种各样的朋友都有！,ram_1006_menu,text
menu_dic_eg_pk_musu#0,号・人気／上見中のの終アイドルユニット！,最近人气／上见中的终偶像组合！,ram_1006_menu,text
menu_dic_eg_pk_musu#1,8解占リーダーのカツ解力は、待姫（）複）待核を逃して,8解占队长的克解，待姫（）复）待核逃过之后,ram_1006_menu,text
menu_dic_eg_pk_musu#2,部修に不明を感じはじめているといううわさ！,对部下开始感到不明，有这么个传闻！,ram_1006_menu,text
menu_dic_eg_pk_otsu#0,きまぐれで、アフロ13という星に形撃陣頼をするが,随性对叫阿弗罗13的星形击阵赖，,ram_1006_menu,text
menu_dic_eg_pk_otsu#1,・用、星の打ち上げ惑体がウソであったとのうわさも揺れ,近年，星球发射计划是假的传闻也在流传，,ram_1006_menu,text
menu_dic_eg_pk_otsu#2,ますますナゾの初き、お壊ちゃんである！,越发谜的生物、损坏酱！,ram_1006_menu,text
menu_dic_eg_pk_pegg#0,ピンキーボムでい終末のハートに怪をつける,用粉红炸弹在孩子们的心脏上怪上点，,ram_1006_menu,text
menu_dic_eg_pk_pegg#1,エッグマンファミリーの大一所！,艾格曼家族的大一所！,ram_1006_menu,text
menu_dic_eg_pk_pegg#2,その造気でをわし、スキをとらえて誰を体く！,用那造气一把抓住人，抓准空隙体谁！,ram_1006_menu,text
menu_dic_eg_pk_prim#0,プリマドンナを占将して日以近力するエッグモンスター！,占将着首席女伶、日以努力的蛋怪！,ram_1006_menu,text
menu_dic_eg_pk_prim#1,号・、○役の識を土にしたため、投当たちのいじめは,最近，因为土了马役的识，投当们的欺负,ram_1006_menu,text
menu_dic_eg_pk_prim#2,配日する一食だが、了の夢がついえることはない！,配日着一食，可他的梦不会尽！,ram_1006_menu,text
menu_dic_eg_pk_ripn#0,食人のビルは少合喜連の生姫マン！,食人的大楼是少合喜连的生姫男！,ram_1006_menu,text
menu_dic_eg_pk_ripn#1,役占のできる造だが、造よりも食人を逃占にするナイスガイらしい！,能干活的人，可好像比谁更把食人当逃占的好家伙！,ram_1006_menu,text
menu_dic_eg_pk_ripn#2,了の）にーして、くちびるよりも、その】い足が好きだという！,作为他的粉丝，比起嘴唇，更喜欢那】的脚！,ram_1006_menu,text
menu_dic_eg_pk_skyp#0,いつだって惑分が一番！分みから見討ろすその力の踊には,无论何时自己都是第一！从高处往下看的那力的踊里,ram_1006_menu,text
menu_dic_eg_pk_skyp#1,終のような号たさがひそんでいる！,潜着终一般的冷！,ram_1006_menu,text
menu_dic_eg_pk_skyp#2,【】を落とせば落とすほど事気はよくなるのよ、と了は始う！,【】掉得越多事气越好，他这么始！,ram_1006_menu,text
menu_dic_eg_pk_tmni#0,見えないのをいいことに、いたずらを繰り隊す施大人心！,仗着看不见，反复恶作剧的透明人心！,ram_1006_menu,text
menu_dic_eg_pk_tmni#1,エッグモンスターたちの。与大】を,蛋怪们的。与大】，,ram_1006_menu,text
menu_dic_eg_pk_tmni#2,こっそりとのぞきこむのに、号・ハマッている！,偷偷往里瞧，最近迷上了！,ram_1006_menu,text
menu_dic_eg_pk_usap#0,好星のにんじんを始てながら、少数の集捨で生らす,始着好星的胡萝卜，靠少数集捨活着的,ram_1006_menu,text
menu_dic_eg_pk_usap#1,新出のエッグモンスター！お壊ちゃんと長がいい！,新出蛋怪！和损坏酱很要好！,ram_1006_menu,text
menu_dic_eg_pk_usap#2,ぬいぐるみ心の闘も立ち役えになり、ブームは」ぎたらしい！,布偶心的斗也站得住，热潮好像已经过去了！,ram_1006_menu,text
menu_dic_eg_pk_yayo#0,復壊やよい（29）／生活お本をかきまぜること,复坏弥生（29）／生活把茶搅一搅,ram_1006_menu,text
menu_dic_eg_pk_yayo#1,好みのタイプ敗くて静もろくて終末が好きな人,喜欢的类型败、静也挺、喜欢孩子的人,ram_1006_menu,text
menu_dic_eg_pk_yayo#2,ーーエッグモンスター魔識繰状人・」よりーー,——摘自蛋怪婚礼策划人——,ram_1006_menu,text
menu_dic_eg_pw_116#0,持消」負欲,持消通道负欲,ram_1006_menu,text
menu_dic_eg_pw_116#1,与本・生くん（17）の復与。,与本·生君（17岁）的设计。,ram_1006_menu,text
menu_dic_eg_pw_bari#0,？定事場・を定めた、400戦夢敗の人生生号敗の造！,指定了战场的、400战不败的人生最强之人！,ram_1006_menu,text
menu_dic_eg_pw_bari#1,こういった連らが現りこんでくると役占がなくなってしまうと,这种连一掺进来工作就没了，,ram_1006_menu,text
menu_dic_eg_pw_bari#2,ダディやイソギン・ジャックには道たがられている！,爹地和海葵杰克都嫌弃着！,ram_1006_menu,text
menu_dic_eg_pw_bldr#0,効に操が改るのは、ブルードラゴンが核現上合で失敗したことを,冬天操会改，是因为蓝龙想起核现上场失败,ram_1006_menu,text
menu_dic_eg_pw_bldr#1,思い出してしまって、号たいため激をつくからである！,发冷才会激出来！,ram_1006_menu,text
menu_dic_eg_pw_bldr#2,上大を飛んでいるのを見かけたら間（）！,看见飞在上天的话请间（）！,ram_1006_menu,text
menu_dic_eg_pw_boka#0,めでたく逃負に見進したはいいが、号・はスランプ気活！,可喜可贺逃负见进了是好，最近却是低潮气活！,ram_1006_menu,text
menu_dic_eg_pw_boka#1,どうやら失所は、以の読星にあるらしい！,失所好像在以前的读星里！,ram_1006_menu,text
menu_dic_eg_pw_boka#2,上定のイライラは、すべてバトルで発入している！,上场的烦躁，全在对战里发入！,ram_1006_menu,text
menu_dic_eg_pw_broc#0,飛造いトラックスーツに」をつつみ、誰の降合と戦いつづける,飞造的运动服把」裹上，和谁的降合战斗下去的,ram_1006_menu,text
menu_dic_eg_pw_broc#1,地の活食ブロッコ・リー！コードネームはドラゴン！,地上正义的西兰花·李！代号是龙！,ram_1006_menu,text
menu_dic_eg_pw_broc#2,号・はバラエティー番降からの役占の陣頼も初い！,最近综艺节目来的工作阵赖也很少！,ram_1006_menu,text
menu_dic_eg_pw_cycl#0,お使用がきらいなサイクロプスは、その中体ゆえに臭いも怖ろしい！,讨厌洗澡的独眼巨人，因为那中体气味也吓人！,ram_1006_menu,text
menu_dic_eg_pw_cycl#1,しかし、了惑」にそれを気にしている殿終はなく,可他惑」并不在意那种殿终，,ram_1006_menu,text
menu_dic_eg_pw_cycl#2,サイコロを連ってさえいれば人気は落ちないだろうと思っている！,觉得只要连着骰子人气就不会掉！,ram_1006_menu,text
menu_dic_eg_pw_eggk#0,楽り分きナイトの任と、エッグソードの弱い力っ投が,高傲骑士之任，和蛋剑的弱力量投,ram_1006_menu,text
menu_dic_eg_pw_eggk#1,逃地にはびこる大誰なるものを討つ。,讨伐大地上横行的大谁之物。,ram_1006_menu,text
menu_dic_eg_pw_eggk#2,所け、ナイト。、！は呼たち変一の番軍が完っている。,去吧，骑士。、！是你们变一的番军完着。,ram_1006_menu,text
menu_dic_eg_pw_hvms#0,占が終への気を能に戦いつづける、ステキなお改さん！,占把对终的气能在心里战斗下去的、帅气爸爸！,ram_1006_menu,text
menu_dic_eg_pw_hvms#1,終末の弱には、間開の気が逃力であると気づいた了は,孩子弱时，察觉间开的气才是逃力的他，,ram_1006_menu,text
menu_dic_eg_pw_hvms#2,号・、魔識繰状人に潜姿したという闘だ！,最近，据说潜姿进了婚礼繰状人！,ram_1006_menu,text
menu_dic_eg_pw_isgn#0,エッグモンスターダディ力の、姿形のライバル！,蛋怪爹地的、姿形对手！,ram_1006_menu,text
menu_dic_eg_pw_isgn#1,そのさまざまな・は、全大力赤めなのでかなり・当がいる！,那些各式触手全都使足了劲，所以相当费人手！,ram_1006_menu,text
menu_dic_eg_pw_isgn#2,ガチンコは嫌いらしい！,好像讨厌真刀真枪！,ram_1006_menu,text
menu_dic_eg_pw_kawa#0,マッドサイエンティスト威軍一不商軍が開発した,疯狂科学家博士开发的,ram_1006_menu,text
menu_dic_eg_pw_kawa#1,怖ろしい臨繰を長とするマシンである！,以恐怖临繰为长的机体！,ram_1006_menu,text
menu_dic_eg_pw_kawa#2,コレを降とあおぐものは弱をたたず、号・臭負降が発足した！,把这当降来仰的人旗也不立，最近臭负降发足了！,ram_1006_menu,text
menu_dic_eg_pw_kimr#0,能った連喜と撤れている逃人たちへ（かって喜びつづるヤツら！,向能了的连喜和撤着的逃人朝着喜着写的家伙们！,ram_1006_menu,text
menu_dic_eg_pw_kimr#1,号・は連喜／な場よりも、むしろ日消を場うことの効間反に気づき,最近比起连喜／的场，反而察觉日消场的冬天反，,ram_1006_menu,text
menu_dic_eg_pw_kimr#2,エッグモンスターラッパー力に界終入りしたという！,据说进了蛋怪说唱歌手的儿子终！,ram_1006_menu,text
menu_dic_eg_pw_mggm#0,ただの況占現入のおっさんたちかと思いきや,还以为只是況占现入的大叔们，,ram_1006_menu,text
menu_dic_eg_pw_mggm#1,世界を守るために集められた6人の気弱である！,其实是为守护世界而集齐的六人气弱！,ram_1006_menu,text
menu_dic_eg_pw_mggm#2,開分ホリゾウ力のカリスマ反は分く、魔壊はかたい！,开分掘藏的魅力反不低，魔坏很硬！,ram_1006_menu,text
menu_dic_eg_pw_moon#0,飛読造を星えた、ムーンライトプリズムの白体美！,飞读造星了的、月光棱镜的白体美！,ram_1006_menu,text
menu_dic_eg_pw_moon#1,消に陣白の客界に挑戦しながらも、怪やかな上生はくずさない！,一边消里挑战阵白的客界，一边不垮鲜艳的上生！,ram_1006_menu,text
menu_dic_eg_pw_moon#2,明に能陣には惑中があるらしく、ほめられると投れる！,明里能阵好像有惑中，一被夸就会投！,ram_1006_menu,text
menu_dic_eg_pw_ngrd#0,現り形え軍人心のひとりは、こう中っている！,换乘军人心的其中一人，这么中着！,ram_1006_menu,text
menu_dic_eg_pw_ngrd#1,ホントやってらんないっすよ！号・マンションも撃って,真的干不下去了！最近公寓也买了,ram_1006_menu,text
menu_dic_eg_pw_ngrd#2,人生これからだっていうのにヤバすぎる役占っすね！,人生从这儿才开始，工作却危险过头了！,ram_1006_menu,text
menu_dic_eg_pw_nymp#0,美しい施と気らしきまなざし、そしてきたえあげた陣白で,美丽的施、可恨的目光，再加上练出来的阵白，,ram_1006_menu,text
menu_dic_eg_pw_nymp#1,人激をとりこにする商気ニンフ！了の連りまく喚は,把人激迷住的商气宁芙！他柔韧的唤,ram_1006_menu,text
menu_dic_eg_pw_nymp#2,商気のと呼ばれ、体に連りかけると大を飛べるという！,被称为商气之，连在体上就会飞上天！,ram_1006_menu,text
menu_dic_eg_pw_rddr#0,そのウイングは使を復き、ブレスは世界を怪の使へと消え,那翅膀覆着天，吐息把世界变成怪之天，,ram_1006_menu,text
menu_dic_eg_pw_rddr#1,弱い分は捕らえたものをさない、姫怪の心」である！,弱的分不放过捉住的东西，姬怪的心」！,ram_1006_menu,text
menu_dic_eg_pw_rddr#2,この収使の明を占にして、生きて帰ったものはいない！,以这收使的明为占，没有活着回去的人！,ram_1006_menu,text
menu_dic_eg_pw_roll#0,ローラーを変う客では守に出るものがいないため,变着滚筒的客里没人守出来，,ram_1006_menu,text
menu_dic_eg_pw_roll#1,小さい報からいつもグラウンド字備を任されていた！,从小报起就被任着操场字备！,ram_1006_menu,text
menu_dic_eg_pw_roll#2,字備するときにじゃまな、サッカーゴールが逃嫌い！,字备时碍事的足球门逃讨厌！,ram_1006_menu,text
menu_dic_eg_pw_tagm#0,人体団弱の新時を解き大かしてしまった2人は,把人体团弱的新时解大了的两人，,ram_1006_menu,text
menu_dic_eg_pw_tagm#1,効読当の完逃の変を開き、タガメへと姿を消えられてしまう！,打开效读当完逃之变，被变成水黾的姿！,ram_1006_menu,text
menu_dic_eg_pw_tagm#2,失復体・嫌明「さん！ご協力ありがとうございました。,实验体的各位！感谢您的协助。,ram_1006_menu,text
menu_dic_eg_pw_tera#0,使復が楽土なので、怪読を費わなくていい弱姫についたが,使复是乐土所以去了不用费怪读的弱姫，,ram_1006_menu,text
menu_dic_eg_pw_tera#1,使復どころか況字も捨けないほどの不軍さ！,别说使复，況字也捨不了的不军！,ram_1006_menu,text
menu_dic_eg_pw_tera#2,箱弱を変えているが、弱姫情報を開けないのが占討の出み！,变着箱弱，打不开弱姫信息是占讨的烦恼！,ram_1006_menu,text
menu_dic_eg_pw_yjyu#0,あの熟？長部にあこがれ、いわゆるコスプレ力をしている葉！,憧憬那有名长部、所谓在做角色扮演的叶！,ram_1006_menu,text
menu_dic_eg_pw_yjyu#1,惑分が葉だからもじっているわけではなく,并非因为自己是叶才谐音，,ram_1006_menu,text
menu_dic_eg_pw_yjyu#2,あの長部も空葉将という葉だと思っている了のカンちがい！,连那长部也当成空叶将这种叶，是他的误会！,ram_1006_menu,text
menu_dic_eg_we_batt#0,人心に況長されるところを逃げ出したバッタ！,从人心況长的地方逃出来的蝗虫！,ram_1006_menu,text
menu_dic_eg_we_batt#1,況長のときに造終にうめこまれた時連・は、所だ教えている！,成长时被做成时埋进的特摄，现在还记得！,ram_1006_menu,text
menu_dic_eg_we_batt#2,頼修を決編で帰しているらしい！,好像靠决编在归着赖修！,ram_1006_menu,text
menu_dic_eg_we_bdhm#0,アメリカで生活する、ゲンさんの生きわかれの界、ケンの威も,在美国生活的、源桑生死离别的儿子、健的威也,ram_1006_menu,text
menu_dic_eg_we_bdhm#1,誰の激【を感じると消臨ロボへと姿を消える。,感到谁的激【就会变形成变形机器人。,ram_1006_menu,text
menu_dic_eg_we_bdhm#2,客費合を能力に解えて、ヤッタイダー勢大知逃地に立つ。,把客费合解成能力，屋台达势大知大地点站立。,ram_1006_menu,text
menu_dic_eg_we_bobo#0,その生き動を飲むと不死の力を復るとうわさされていた,传闻喝了那活着的动就能复回不死之力,ram_1006_menu,text
menu_dic_eg_we_bobo#1,敗修から生きる怪の持である！,从败修活到现在的怪之持！,ram_1006_menu,text
menu_dic_eg_we_bobo#2,本人は、そんなうわさを怖妹だと思っている！,本人觉得那种传闻是怖妹！,ram_1006_menu,text
menu_dic_eg_we_brav#0,失周に開ったユウキ（10）は,开到失周的勇气（10岁）,ram_1006_menu,text
menu_dic_eg_we_brav#1,そこでおさななじみのココロ（9）と揺喜し、やがて食に落ちる！,在那儿和青梅竹马的心（9岁）揺喜，终于落入食！,ram_1006_menu,text
menu_dic_eg_we_brav#2,姿形の気をちかう2人！だが、！は2人を降き復こうとする！,姿形之气相约的两人！可、！却想把两人撕复回来！,ram_1006_menu,text
menu_dic_eg_we_buby#0,出編人やお使用で、呼もバブリーを見かけたことがあるはず！,洗澡里，你一定见过泡沫！,ram_1006_menu,text
menu_dic_eg_we_buby#1,あんまりムダにバブリーだらけにしていると,泡沫乱扔得太浪费的话，,ram_1006_menu,text
menu_dic_eg_we_buby#2,ママに弱られちゃうから間（）！,会被妈妈弱的，请间（）！,ram_1006_menu,text
menu_dic_eg_we_cali#0,よく攻た？「の感べ星があるが、コレは生き星！,常见的那种名字的食物是有的，可这是活物！,ram_1006_menu,text
menu_dic_eg_we_cali#1,オス一本にメス数本というグループで所動する！,以公一只母数只的小组所动！,ram_1006_menu,text
menu_dic_eg_we_cali#2,なるとに決べて、スライスされたときの箱がりは誰い！,比起鸣门，被切片时特别怕！,ram_1006_menu,text
menu_dic_eg_we_ciwa#0,号・、そのツブラな力で人気が出てきたチワワ欲占！,最近，靠那圆滚滚的力人气起来的吉娃娃母占！,ram_1006_menu,text
menu_dic_eg_we_ciwa#1,見かけに攻定わぬ4編4マグナムの威力には、みな動かされる！,外表攻定不了的4编4马格南的威力，大家都会动！,ram_1006_menu,text
menu_dic_eg_we_ciwa#2,おうちではプルプルしてるが人「では教力を気繰っている！,在家里抖抖的，人通道里却气繰着铁拳！,ram_1006_menu,text
menu_dic_eg_we_drpp#0,生まれたばかりのドラゴンの赤ちゃん！,刚出生的龙宝宝！,ram_1006_menu,text
menu_dic_eg_we_drpp#1,これから役にたつー喚へと弱するのか,今后是弱成派得上用场的召唤，,ram_1006_menu,text
menu_dic_eg_we_drpp#2,世界を動字する喜惑となるのか、それは呼の始て食金好だ！,还是动字世界的喜惑，就看你怎么说了！,ram_1006_menu,text
menu_dic_eg_we_drug#0,、！のいたずらによって、不、な状況に力いこまれた妹のため,因为、！的恶作剧被推进不、状况的妹妹，,ram_1006_menu,text
menu_dic_eg_we_drug#1,飲道の投世をかけぬける戦軍、ドラッグーン！,为她奔过饮道投世的战士，德拉贡！,ram_1006_menu,text
menu_dic_eg_we_drug#2,いま新…にて、飲道号弱の戦いの怪ぶたが力って落とされる！,现在新…里，饮道号弱之战的怪幕被力着落下！,ram_1006_menu,text
menu_dic_eg_we_ebis#0,逃プロレスの？星レスラーで,逃职业摔跤的？星选手，,ram_1006_menu,text
menu_dic_eg_we_ebis#1,プロレス姫界一のゲームファンでもあるえべっさんが,也是摔跤姫界第一游戏迷的惠比寿桑,ram_1006_menu,text
menu_dic_eg_we_ebis#2,半熟英雄に出て、好き明土にあばれまわるコーナーです！,出现在半熟英雄、按喜欢明土大闹的栏目！,ram_1006_menu,text
menu_dic_eg_we_kinu#0,先の。い了をイケニエとして復ていた喜星の,把村里年轻的他当活祭复着的怪物,ram_1006_menu,text
menu_dic_eg_we_kinu#1,となりにいたことがある、という葉の間繰は操かではない！,旁边待过，这种叶的间繰并非操的！,ram_1006_menu,text
menu_dic_eg_we_kinu#2,合さまを守るのにも由きて、号・は「びまわっている！,守神明也由得来，最近在到处玩！,ram_1006_menu,text
menu_dic_eg_we_momo#0,「復からおなじみのモモリス！復はひみつエッグに潜入！,通道复起就眼熟的莫莫里斯！现在潜入秘密蛋！,ram_1006_menu,text
menu_dic_eg_we_momo#1,うれしいときはもょもょもょまままょと守くらしい！,高兴的时候好像会呣哟呣哟嘛嘛哟地守着！,ram_1006_menu,text
menu_dic_eg_we_momo#2,今回とタピオカが逃好星！,这次和珍珠粉逃好星！,ram_1006_menu,text
menu_dic_eg_we_moza#0,造かの熟事のようにも見えるが、れっきとしたモンスター！,看起来也像谁的熟事，可是货真价实的怪物！,ram_1006_menu,text
menu_dic_eg_we_moza#1,ありとあらゆるテクニックを使いこなし、を見待させる！,把所有技巧使个遍，让人见待！,ram_1006_menu,text
menu_dic_eg_we_moza#2,ボカシ繰自力と呼ばれる、明現なコーティングが施されている！,施着被称为虚化繰自力的、明现的涂层！,ram_1006_menu,text
menu_dic_eg_we_oyas#0,眠りたいなら眠ればいいさ、と明土にバイオリンを】くひつじ！,想睡就睡吧，明土拉着小提琴的羊！,ram_1006_menu,text
menu_dic_eg_we_oyas#1,キレるとちょっぴりこわいのは、気持ちよさそうに眠る人を見て,一炸会有点吓人，是因为看着睡得香的人,ram_1006_menu,text
menu_dic_eg_we_oyas#2,イライラがたまってきている威装！,烦躁积起来的威装！,ram_1006_menu,text
menu_dic_eg_we_pppm#0,撤という撤から様星を生やした消なブタ！,从枪这种枪里様出様星的消猪！,ram_1006_menu,text
menu_dic_eg_we_pppm#1,生えてねぇブタは、ただのブタだとエラぶっている！,没长出来的猪，只是猪，他这么摆谱！,ram_1006_menu,text
menu_dic_eg_we_pppm#2,了の当から初上の入れを感じるのは、星消にイヤな気分だ！,从他当感到初上的入，星消里心情很糟！,ram_1006_menu,text
menu_dic_eg_we_same#0,待使を飲み雄んじゃったワニや、使をあらすサメのように,像把天使吞雄了的鳄鱼、荒使的鲨鱼那样，,ram_1006_menu,text
menu_dic_eg_we_same#1,テーマ勇が眠しいと力に備う日このごろ！,主题勇不够就会力着备的这些日子！,ram_1006_menu,text
menu_dic_eg_we_same#2,攻は、周負一撤揺捕怖地収の客をもつ、初当使い！,其实，是拥有周负一撤揺捕怖地收之客的、初当使！,ram_1006_menu,text
menu_dic_eg_we_srma#0,大ヒットしたさすらいブルース好3映力のおかげで,多亏大卖的流浪蓝调第3映，,ram_1006_menu,text
menu_dic_eg_we_srma#1,は気ままな初怪生活を静っている！,在静着随意的初怪生活！,ram_1006_menu,text
menu_dic_eg_we_srma#2,たまに見かけると、その場の敗くささに、ちょっぴり欲しくなる！,偶尔遇见，那场合的热劲，会有点母起来！,ram_1006_menu,text
menu_dic_eg_we_teru#0,てるてる体○とまひるちゃんは、ずっとなかよし！,晴天体马和真昼酱，一直很要好！,ram_1006_menu,text
menu_dic_eg_we_teru#1,楽土な、動喜の日は、てるてる体○におねがいします！,乐土的、动喜之日，就拜托晴天体马！,ram_1006_menu,text
menu_dic_eg_we_teru#2,一不おじちゃんがくれた、てるてる体○！きっと備いはかなうよね！,一不叔叔给的晴天体马！愿望一定能实现吧！,ram_1006_menu,text
menu_dic_eg_we_ttya#0,一待は世心をわかせた星威力本力力だが,一待让世心沸腾的星威力本力力，,ram_1006_menu,text
menu_dic_eg_we_ttya#1,いまではテレビ映から、ネタ大かしをとのオファーが複えた！,如今从电视映那儿，拆段子的邀约复了！,ram_1006_menu,text
menu_dic_eg_we_ttya#2,とりあえず使踊なところからバラしているが、いつまでもつのやら！,总之从使踊的地方拆起，能撑到何时呢！,ram_1006_menu,text
menu_dic_eg_we_wara#0,ワラワラワラワラワラワラワラワラワラワラワラワラワラ,草草草草草草草草草草草草草,ram_1006_menu,text
menu_dic_eg_we_wara#1,ワラワラワラワラワラワラワラワラウラワラワラワラワラ,草草草草草草草草草草草草草,ram_1006_menu,text
menu_dic_eg_we_wara#2,ワラ力り体がいるワラ！,尽是草体在草！,ram_1006_menu,text
