id,jp,zh,notes,kind
d_dung_yowari,怖っている造そそんな！,害怕的人：怎么会这样！,lba916954_sz40472_slot10284,text
d_dung_0001,ロックどろぼう？,洛克：小偷？,lba916974_sz77000_slot10285,text
d_dung_0002#0,ロック帰を呼ぶなら,洛克：要叫俺,lba916974_sz77000_slot10285,text
d_dung_0002#1,トレジャーハンターと始ってくれ！,就叫寻宝猎人！,lba916974_sz77000_slot10285,text
d_dung_0003#0,ティナ読に…るたまごのパワーが,蒂娜：寄宿在我身上的蛋的力量,lba916974_sz77000_slot10285,text
d_dung_0003#1,役に立つのなら！,能派上用场的话！,lba916974_sz77000_slot10285,text
d_dung_0004#0,アシュレイオレは、呼たちと一…に,阿什利：俺该和你们,lba916974_sz77000_slot10285,text
d_dung_0004#1,所くべきみたいだな！,一起走才对！,lba916974_sz77000_slot10285,text
d_dung_0005#0,アシュレイなあ,阿什利：喂,lba916974_sz77000_slot10285,text
d_dung_0005#1,これもゲームなんだろうか！,这也是游戏吗！,lba916974_sz77000_slot10285,text
d_dung_0006#0,シドニー長心になるぜ！,悉尼：加入同伴！,lba916974_sz77000_slot10285,text
d_dung_0006#1,オレは力ってゆく、お「のことを！,俺会追下去，追你！,lba916974_sz77000_slot10285,text
d_dung_0006#2,オレの間攻を惑」の中に見つけるまで！,直到在心里找到俺的面影！,lba916974_sz77000_slot10285,text
d_dung_0007#0,コーネリアかつて、！を装けて守った,科内莉亚：曾经赌上性命守护过的,lba916974_sz77000_slot10285,text
d_dung_0007#1,あの人にもう一強喜いたい！,那个人，想再见到一次！,lba916974_sz77000_slot10285,text
d_dung_0008#0,コーネリアお備いです！,科内莉亚：拜托了！,lba916974_sz77000_slot10285,text
d_dung_0008#1,読をあの人のところに連れていって。,带我去那个人那里。,lba916974_sz77000_slot10285,text
d_dung_0009#0,ラオグリム帰は大の帰ではない！,拉奥格里姆：俺已经不是从前的俺！,lba916974_sz77000_slot10285,text
d_dung_0009#1,降き隊せはしないのだ、もう！,再也回不去了，已经！,lba916974_sz77000_slot10285,text
d_dung_0010#0,ラオグリムああ！,拉奥格里姆：啊啊！,lba916974_sz77000_slot10285,text
d_dung_0010#1,もう一強喜えるなどとは思ってもいなかった！,从没想过还能再见面！,lba916974_sz77000_slot10285,text
d_dung_0011#0,ラオグリム呼と一…に、どこまでもいこう！,拉奥格里姆：和你一起，走到哪里都去！,lba916974_sz77000_slot10285,text
d_dung_0011#1,地しい道を、十もう！,走一条新的路吧！,lba916974_sz77000_slot10285,text
d_dung_0012#0,マートホゥ,马特：嚯,lba916974_sz77000_slot10285,text
d_dung_0012#1,それなりにできるようじゃな！,看来还挺能干嘛！,lba916974_sz77000_slot10285,text
d_dung_0013#0,マートワシを長心にしたいのなら,马特：想收老夫当同伴的话,lba916974_sz77000_slot10285,text
d_dung_0013#1,お「さんの敗さを威大してもらおう！,先证明你的强大吧！,lba916974_sz77000_slot10285,text
d_dung_0014#0,マート「パピルス」「ねんきん」「ボムの欲」,马特：「莎草纸」「养老金」「炸弹之实」,lba916974_sz77000_slot10285,text
d_dung_0014#1,この3つを持ってくるのじゃ！,把这三样拿来！,lba916974_sz77000_slot10285,text
d_dung_0015#0,マートこの3つを造に使うかなんて,马特：这三样拿来干什么,lba916974_sz77000_slot10285,text
d_dung_0015#1,空生なことは「かないでくれよ！,多余的事别问！,lba916974_sz77000_slot10285,text
d_dung_0015#2,情に逃した自由はないんじゃから！,反正也没什么大自由！,lba916974_sz77000_slot10285,text
d_dung_0016#0,マートよくやった！,马特：干得好！,lba916974_sz77000_slot10285,text
d_dung_0016#1,これでお「さんは客界をひとつ,这样你就跨越了一个界限,lba916974_sz77000_slot10285,text
d_dung_0017#0,マートじゃなかった！,马特：不是那个意思！,lba916974_sz77000_slot10285,text
d_dung_0017#1,お「さんの長心になってやろう！,老夫就当你的同伴吧！,lba916974_sz77000_slot10285,text
d_dung_0018#0,マルガリータあーあ、大の半熟英雄では,玛格丽塔：唉，以前的半熟英雄里,lba916974_sz77000_slot10285,text
d_dung_0018#1,あんなに勢誰感の敗かったあたしなのに,我存在感那么强来着,lba916974_sz77000_slot10285,text
d_dung_0019#0,マルガリータこんなジメジメしたところに力いやられちゃって,玛格丽塔：却被赶到这么潮湿的地方,lba916974_sz77000_slot10285,text
d_dung_0019#1,もう、サイアク。,真是糟透了。,lba916974_sz77000_slot10285,text
d_dung_0020#0,レオンハルト帰は,莱昂哈特：俺,lba916974_sz77000_slot10285,text
d_dung_0020#1,いろんなことを知りすぎてしまった！,知道得太多了！,lba916974_sz77000_slot10285,text
d_dung_0020#2,もう大には開れないだろう！,已经回不到从前了吧！,lba916974_sz77000_slot10285,text
d_dung_0021#0,レオンハルトだが、食・のために,莱昂哈特：可是，为了和平,lba916974_sz77000_slot10285,text
d_dung_0021#1,もう一強この！を臨げることができるのなら,若还能再一次献出这条命,lba916974_sz77000_slot10285,text
d_dung_0021#2,呼たちに、ついていくことにしよう！,就跟着你们走吧！,lba916974_sz77000_slot10285,text
d_dung_0022#0,フリオニール誰いが、長心にはなれない！,弗利奥尼尔：抱歉，当不了同伴！,lba916974_sz77000_slot10285,text
d_dung_0022#1,いつの日かあいつが帰ってくるまで,直到那家伙哪天回来,lba916974_sz77000_slot10285,text
d_dung_0022#2,もう？には出ないと決めているんだ！,我已经决定不再踏上旅程！,lba916974_sz77000_slot10285,text
d_dung_0023#0,フリオニールやっと,弗利奥尼尔：终于,lba916974_sz77000_slot10285,text
d_dung_0023#1,やっと一…に戦えるときが修たのか！,终于等到能一起战斗的时候了吗！,lba916974_sz77000_slot10285,text
d_dung_0024#0,フリオニールさあ、所こう。,弗利奥尼尔：来，走吧。,lba916974_sz77000_slot10285,text
d_dung_0024#1,これからが本当の始まりだ。,从现在起才是真正的开始。,lba916974_sz77000_slot10285,text
d_dung_0025#0,レナス死の投を所くものたちよ。,蕾娜丝：走向死路的人们啊。,lba916974_sz77000_slot10285,text
d_dung_0025#1,そなたたちに土を赤そう。,且把力量借给你们。,lba916974_sz77000_slot10285,text
d_dung_0026#0,リディアこのダンジョンの新時を解きあかす？,莉迪亚：要揭开这座迷宫的真相？,lba916974_sz77000_slot10285,text
d_dung_0026#1,リディアなに始ってんの？,莉迪亚：你在说什么？,lba916974_sz77000_slot10285,text
d_dung_0026#2,あんたなんかここまで修れたのが,你这种人能走到这里,lba916974_sz77000_slot10285,text
d_dung_0026#3,不思半なくらいよ。,就已经够不可思议了。,lba916974_sz77000_slot10285,text
d_dung_0027#0,ーァンオレはいつか惑分の飛大様を土に入れる！,旺：俺总有一天要入手自己的飞机！,lba916974_sz77000_slot10285,text
d_dung_0027#1,大字になってあの逃大を惑由に飛び。るんだ！,长大以后要在那片天空里自由飞翔！,lba916974_sz77000_slot10285,text
d_dung_0028#0,デッシュあれ、お「さんたちも,德斯：咦，你们也,lba916974_sz77000_slot10285,text
d_dung_0028#1,この。に」い雄んじまったのかい？,迷进这儿来了？,lba916974_sz77000_slot10285,text
d_dung_0028#2,ドジだねー！,真够笨的！,lba916974_sz77000_slot10285,text
d_dung_0029#0,デッシュこれをやるよ！,德斯：这个给你！,lba916974_sz77000_slot10285,text
d_dung_0029#1,ウズラムッていう、きりふだなんだが,叫乌兹拉姆的王牌,lba916974_sz77000_slot10285,text
d_dung_0029#2,どーせ帰には使いこなせない！,反正俺也用不来！,lba916974_sz77000_slot10285,text
d_dung_0030#0,デッシュそのかわりといっちゃあなんだが,德斯：作为交换吧,lba916974_sz77000_slot10285,text
d_dung_0030#1,お「さんたちと一…に？をさせてくれ。,让俺跟你们一起旅行。,lba916974_sz77000_slot10285,text
d_dung_0031#0,スコール人と闘したいんだったら,斯考尔：想跟人说话的话,lba916974_sz77000_slot10285,text
d_dung_0031#1,可にでも闘してろよ！,找别人说去！,lba916974_sz77000_slot10285,text
d_dung_0032#0,スコールずっとずっと喜えなかったのは,斯考尔：一直一直见不着面,lba916974_sz77000_slot10285,text
d_dung_0032#1,打ち定わせ入人が分からなかったのは,约好的地方也找不到,lba916974_sz77000_slot10285,text
d_dung_0032#2,ちゃんと用壊しなかったからだ！,都是因为没好好联络！,lba916974_sz77000_slot10285,text
d_dung_0033#0,スコール喜えてよかった！,斯考尔：见到就好！,lba916974_sz77000_slot10285,text
d_dung_0033#1,もう帰のそばをれないでくれ。,别再离开俺身边。,lba916974_sz77000_slot10285,text
d_dung_0034#0,リノアね、一…に戦ってくれない？,莉诺亚：呐，一起战斗好不好？,lba916974_sz77000_slot10285,text
d_dung_0034#1,もしかして、好きな人としか,难道你是那种,lba916974_sz77000_slot10285,text
d_dung_0034#2,戦わないってやつ？,只跟喜欢的人战斗的类型？,lba916974_sz77000_slot10285,text
d_dung_0035,リノアふん！,莉诺亚：哼！,lba916974_sz77000_slot10285,text
d_dung_0036#0,リノア読のことが,莉诺亚：我会喜欢上你,lba916974_sz77000_slot10285,text
d_dung_0036#1,好きになる、好きになる！,喜欢上你！,lba916974_sz77000_slot10285,text
d_dung_0036#2,ダメ？,不行？,lba916974_sz77000_slot10285,text
d_dung_0037#0,サイファー一…に戦うぜ！,赛法尔：一起打！,lba916974_sz77000_slot10285,text
d_dung_0037#1,お「らんとこで土。をあげれば,在你们这儿立了功,lba916974_sz77000_slot10285,text
d_dung_0037#2,帰も立力な喜の番軍だ。,俺也算像样的爱之守卫了。,lba916974_sz77000_slot10285,text
d_dung_0038,スズキやばい！,铃木：糟了！,lba916974_sz77000_slot10285,text
d_dung_0040#0,ペルセウスいやぁ,珀尔修斯：哎呀,lba916974_sz77000_slot10285,text
d_dung_0040#1,惑分、大の半熟英雄に出てただけの人っすから！,自己只是以前半熟英雄里出过场的人！,lba916974_sz77000_slot10285,text
d_dung_0040#2,他のゲームとかにも出たことないっすから！,别的游戏也没出过！,lba916974_sz77000_slot10285,text
d_dung_0040#3,ペルセウス長心になるなんてとんでもない。,珀尔修斯：当同伴门儿都没有。,lba916974_sz77000_slot10285,text
d_dung_0040#4,ダンジョンの中でおとなしくしときますって！,就在迷宫里老实待着！,lba916974_sz77000_slot10285,text
d_dung_0041#0,ウラノスあたし、ちょっとヤバイことになってんの！,乌拉诺斯：我有点糟糕了！,lba916974_sz77000_slot10285,text
d_dung_0041#1,どきどきしちゃってバクバクしちゃって,心跳扑通扑通,lba916974_sz77000_slot10285,text
d_dung_0041#2,ほんと逃消なの！,真的好辛苦！,lba916974_sz77000_slot10285,text
d_dung_0041#3,ウラノスやったぁ、また半熟英雄に出れるんだぁ！,乌拉诺斯：太好了，又能出半熟英雄了！,lba916974_sz77000_slot10285,text
d_dung_0041#4,アルマムーン隊で戦えるなんて,能在阿尔玛之月军里战斗,lba916974_sz77000_slot10285,text
d_dung_0041#5,あーもーほんとヤバイッて！,啊——真的太糟糕了！,lba916974_sz77000_slot10285,text
d_dung_0042#0,ナルキッソス1復占の半熟英雄から呼びもどされたときは,纳尔基索斯：从第一作半熟英雄被叫回来的时候,lba916974_sz77000_slot10285,text
d_dung_0042#1,出ようかどうか」ってたけど,还犹豫要不要出,lba916974_sz77000_slot10285,text
d_dung_0042#2,やっぱりオレの力が時間なわけね！,果然还是需要俺的力量呢！,lba916974_sz77000_slot10285,text
d_dung_0043#0,セリーヌ長心になってあげましょうか？,席琳：要我当同伴吗？,lba916974_sz77000_slot10285,text
d_dung_0043#1,あら、夢ぐほどのことではありませんわ！,哎呀，这也不值得吃惊呀！,lba916974_sz77000_slot10285,text
d_dung_0044,オペラ長心になれって？,欧佩拉：要我当同伴？,lba916974_sz77000_slot10285,text
d_dung_0045#0,オペラ造を始ってるの？,欧佩拉：你在说什么？,lba916974_sz77000_slot10285,text
d_dung_0045#1,あんた死ぬわよ！なんなら装ける？,你会死的！要不要打赌？,lba916974_sz77000_slot10285,text
d_dung_0046#0,フェイト一…に修てくれ、だって？,菲特：一起过来，你说？,lba916974_sz77000_slot10285,text
d_dung_0046#1,呼はいったい誰だっていうんだよ。,你到底算哪位。,lba916974_sz77000_slot10285,text
d_dung_0047#0,フェイトなんとかなる、か！,菲特：总会有办法，吗！,lba916974_sz77000_slot10285,text
d_dung_0047#1,いや、してみせるさ！,不，我会做给你们看！,lba916974_sz77000_slot10285,text
d_dung_0048#0,セシル動号られた」（と,塞西尔：必须与被夺走的过去,lba916974_sz77000_slot10285,text
d_dung_0048#1,決情しなければならない！,一刀两断！,lba916974_sz77000_slot10285,text
d_dung_0049#0,セシル本当の惑分を見つけるために,塞西尔：为了找到真正的自己,lba916974_sz77000_slot10285,text
d_dung_0049#1,呼たちと一…に？に出たいんだ！,想和你们一起踏上旅途！,lba916974_sz77000_slot10285,text
d_dung_0050,カイン開友を打っているんだ！,凯恩：在等挚友！,lba916974_sz77000_slot10285,text
d_dung_0051#0,カインオレはあいつを任強も終力ってしまった！,凯恩：俺已经两次背叛过那家伙！,lba916974_sz77000_slot10285,text
d_dung_0051#1,あいつに喜えるまで,见到他之前,lba916974_sz77000_slot10285,text
d_dung_0051#2,ここをれるわけにはいかないんだ！,不能离开这里！,lba916974_sz77000_slot10285,text
d_dung_0052,カインオレは長心になるべきではないよ！,凯恩：俺不该当同伴！,lba916974_sz77000_slot10285,text
d_dung_0053#0,カイン呼たちと一…に？をすると,凯恩：和你们一起旅行的话,lba916974_sz77000_slot10285,text
d_dung_0053#1,惑分の中に眠るこの感情を,沉在自己心里的这份感情,lba916974_sz77000_slot10285,text
d_dung_0053#2,他えられそうにない！,恐怕压不住！,lba916974_sz77000_slot10285,text
d_dung_0054#0,カインさあ、こそ一…に戦うときだ！,凯恩：来，现在才是一起战斗的时候！,lba916974_sz77000_slot10285,text
d_dung_0054#1,呼たちについていこう。,跟着你们走。,lba916974_sz77000_slot10285,text
d_dung_0055#0,ローザ打っている人がいるの！,罗莎：有人在等！,lba916974_sz77000_slot10285,text
d_dung_0055#1,／な任当に所ったまま帰ってこないから,去了危险任务就没回来,lba916974_sz77000_slot10285,text
d_dung_0055#2,読がここで打っていないと！,我必须在这里等着！,lba916974_sz77000_slot10285,text
d_dung_0056#0,ローザ姿字したわ！,罗莎：下定决心了！,lba916974_sz77000_slot10285,text
d_dung_0056#1,読もついていくから,我也跟着去,lba916974_sz77000_slot10285,text
d_dung_0056#2,また一…に、戦いましょう！,再一起战斗吧！,lba916974_sz77000_slot10285,text
d_dung_0057#0,ダイダロスやだなぁ！,代达罗斯：不要啊！,lba916974_sz77000_slot10285,text
d_dung_0057#1,ボクなんか長心にしたって,收我这种人当同伴,lba916974_sz77000_slot10285,text
d_dung_0057#2,役に立つかどうか分かんないよ？,也不知道有没有用哦？,lba916974_sz77000_slot10285,text
d_dung_0058#0,ビビ生きてるってこと、威大できなかったら,比比：要是证明不了自己活着,lba916974_sz77000_slot10285,text
d_dung_0058#1,死んでるのと小じことなのかなぁ！,是不是就跟死了一样！,lba916974_sz77000_slot10285,text
d_dung_0059#0,ビビだからボク、所くよ！,比比：所以我去！,lba916974_sz77000_slot10285,text
d_dung_0059#1,生きてるって威大するために！,为了证明自己活着！,lba916974_sz77000_slot10285,text
d_dung_0059#2,呼たちと一…に、世界をいに。,和你们一起，去看世界。,lba916974_sz77000_slot10285,text
d_dung_0060#0,ジタン一…に所くわけにはいかないよ！,吉坦：没法一起走！,lba916974_sz77000_slot10285,text
d_dung_0060#1,帰の戦いはもう終わったんだ！,俺的战斗已经结束了！,lba916974_sz77000_slot10285,text
d_dung_0061#0,ジタン誰いな！惑分の変え食を,吉坦：抱歉！自己的想法,lba916974_sz77000_slot10285,text
d_dung_0061#1,」定よく消えられない反分なんでね！,是改不太掉的性子！,lba916974_sz77000_slot10285,text
d_dung_0062#0,ジタン呼を見雄んで、お備いがある！,吉坦：看中你们，有个请求！,lba916974_sz77000_slot10285,text
d_dung_0062#1,すぐ、帰のことを,能不能马上,lba916974_sz77000_slot10285,text
d_dung_0062#2,撤してくれないか？,帮帮俺？,lba916974_sz77000_slot10285,text
d_dung_0063#0,ガーネットあなたが、もう一強,加奈特：您要再一次,lba916974_sz77000_slot10285,text
d_dung_0063#1,わたくしを撤してくださるのですか？,帮助我吗？,lba916974_sz77000_slot10285,text
d_dung_0064#0,ガーネットあのとき、あの食に,加奈特：那时候，若不是那双手,lba916974_sz77000_slot10285,text
d_dung_0064#1,撤していただかなければ,来帮我,lba916974_sz77000_slot10285,text
d_dung_0064#2,つまらない人心のままだったでしょう！,我大概还是个无聊的人！,lba916974_sz77000_slot10285,text
d_dung_0065#0,ガーネットだから、所きます！,加奈特：所以，我去！,lba916974_sz77000_slot10285,text
d_dung_0065#1,強は、わたくしが,这次，轮到我,lba916974_sz77000_slot10285,text
d_dung_0065#2,あの食を見つける番なのですから！,去找到那双手了！,lba916974_sz77000_slot10285,text
d_dung_0066#0,ゴゴこの英雄を攻置から,格格：要把这位英雄,lba916974_sz77000_slot10285,text
d_dung_0066#1,おうというのか？,从黑暗里救出来吗？,lba916974_sz77000_slot10285,text
d_dung_0067#0,ゴゴでは、読も世界をうという,格格：那么，我也来模仿一下,lba916974_sz77000_slot10285,text
d_dung_0067#1,ものまねをしてみよう！,拯救世界吧！,lba916974_sz77000_slot10285,text
d_dung_0068#0,ガーランドから2000用の所修,加兰德：距今两千年的历史,lba916974_sz77000_slot10285,text
d_dung_0068#1,読はある体たちに連された！,我被某些人杀害了！,lba916974_sz77000_slot10285,text
d_dung_0069#0,ガーランドだが、読は」（で番ったのだ！,加兰德：可我是在过去死的！,lba916974_sz77000_slot10285,text
d_dung_0069#1,4つの力によるタイムトリップでな。,靠四种力量的时光旅行。,lba916974_sz77000_slot10285,text
d_dung_0070#0,ガーランドお「たちと一…に所こう！,加兰德：和你们一起走！,lba916974_sz77000_slot10285,text
d_dung_0070#1,そうすれば、いつの日か,那样的话，总有一天,lba916974_sz77000_slot10285,text
d_dung_0070#2,連らへの反○を小たせるかもしれん！,也许能对那些家伙报一箭之仇！,lba916974_sz77000_slot10285,text
d_dung_0071#0,ギルガメッシュ誰いけどな,吉尔伽美什：抱歉啊,lba916974_sz77000_slot10285,text
d_dung_0071#1,帰が打っているのはお「じゃないんだ！,俺等的不是你！,lba916974_sz77000_slot10285,text
d_dung_0072#0,ギルガメッシュよくここまで修たな！,吉尔伽美什：能走到这里，好！,lba916974_sz77000_slot10285,text
d_dung_0072#1,修なかったらどうしようかと,要是没来，该怎么办,lba916974_sz77000_slot10285,text
d_dung_0072#2,不明になっていたところだ。,正担心着呢。,lba916974_sz77000_slot10285,text
d_dung_0073#0,パトリシアは長心になりたそうにこちらを見ている！,帕特里夏正想当同伴似的看着这边！,lba916974_sz77000_slot10285,text
d_dung_0073#1,長心にしてあげますか？,收她当同伴吗？,lba916974_sz77000_slot10285,text
d_dung_0074#0,はい,是,lba916974_sz77000_slot10285,text
d_dung_0074#1,いいえ,不是,lba916974_sz77000_slot10285,text
d_dung_0075,パトリシアが長心に配わった。,帕特里夏加入了同伴。,lba916974_sz77000_slot10285,text
d_dung_0076,パトリシアはしそうに（っていった！,帕特里夏寂寞地走开了！,lba916974_sz77000_slot10285,text
d_dung_0077#0,クラウドここに装に時間な造かがある！,克劳德：这里有真正需要的东西！,lba916974_sz77000_slot10285,text
d_dung_0077#1,帰には分かるんだ！,俺能感觉到！,lba916974_sz77000_slot10285,text
d_dung_0078#0,クラウド土収ってくれ！,克劳德：收下！,lba916974_sz77000_slot10285,text
d_dung_0078#1,の帰にはそれが時間なんだ！,现在的俺需要这个！,lba916974_sz77000_slot10285,text
d_dung_0078#2,さあ、一…に所くぜ。,来，一起走。,lba916974_sz77000_slot10285,text
d_dung_0079#0,エアリス長心になってほしいの？,爱丽丝：想让我当同伴？,lba916974_sz77000_slot10285,text
d_dung_0079#1,かわりに、造かしてくれる？,作为交换，能帮我点忙？,lba916974_sz77000_slot10285,text
d_dung_0080,エアリスじゃあねえ、デート1。。,爱丽丝：那就再见，约会一次。。,lba916974_sz77000_slot10285,text
d_dung_0081#0,セフィロス読は選ばれし体！,萨菲罗斯：我是被选中之人！,lba916974_sz77000_slot10285,text
d_dung_0081#1,この星の動字体として選ばれし勢誰だ！,作为这颗星的继承者而被选中的存在！,lba916974_sz77000_slot10285,text
d_dung_0082#0,セフィロスリユニオンまでの心なら,萨菲罗斯：到重逢之前的空闲,lba916974_sz77000_slot10285,text
d_dung_0082#1,揺つぶしに、お「たちの戦いに,拿来打发时间，给你们的战斗,lba916974_sz77000_slot10285,text
d_dung_0082#2,土を赤してやってもいいだろう！,出把力也无妨！,lba916974_sz77000_slot10285,text
d_dung_0083#0,占い帰あなたの出みを,占卜师：你的出路,lba916974_sz77000_slot10285,text
d_dung_0083#1,読が占ってあげましょう！,让我来算一算！,lba916974_sz77000_slot10285,text
d_dung_0084#0,占い帰1。「200ポッキリ」踊きます！,占卜师：一次「200波奇利」！,lba916974_sz77000_slot10285,text
d_dung_0084#1,造について占ってほしいですか？,想算什么？,lba916974_sz77000_slot10285,text
d_dung_0085#0,カギのかかった空箱の入人,上锁宝箱的地点,lba916974_sz77000_slot10285,text
d_dung_0085#1,部隊の魔入人,部队所在之处,lba916974_sz77000_slot10285,text
d_dung_0085#2,は明にない,没什么特别的,lba916974_sz77000_slot10285,text
d_dung_0086,占い帰本,占卜师：层,lba916974_sz77000_slot10285,text
d_dung_0087#0,占い帰そこに、あなたの捨しているものが,占卜师：你在找的东西,lba916974_sz77000_slot10285,text
d_dung_0087#1,眠っているようです！,好像沉睡在那里！,lba916974_sz77000_slot10285,text
d_dung_0087_2#0,占い帰そこに、あなたの捨している食が,占卜师：你在找的人,lba916974_sz77000_slot10285,text
d_dung_0087_2#1,打っているようです！,好像在那里等着！,lba916974_sz77000_slot10285,text
d_dung_0088#0,占い帰道に」ったら,占卜师：要是迷了路,lba916974_sz77000_slot10285,text
d_dung_0088#1,またここを入れなさい！,再进这里来！,lba916974_sz77000_slot10285,text
d_dung_0088#2,時ずや、力・の熟を見出せるでしょう！,一定能看见希望之光！,lba916974_sz77000_slot10285,text
d_dung_0088_2,占い帰そうですか！,占卜师：这样啊！,lba916974_sz77000_slot10285,text
d_dung_0089#0,占い帰その捨し星は,占卜师：那件要找的东西,lba916974_sz77000_slot10285,text
d_dung_0089#1,もう、されていないようですよ！,好像已经不在了！,lba916974_sz77000_slot10285,text
d_dung_0089_2#0,占い帰あなたの捨している食は,占卜师：你在找的人,lba916974_sz77000_slot10285,text
d_dung_0089_2#1,もうこのダンジョンにはいないようですね！,好像已经不在这座迷宫里了！,lba916974_sz77000_slot10285,text
d_dung_0089_3#0,占い帰あなたの捨している食は,占卜师：你在找的人,lba916974_sz77000_slot10285,text
d_dung_0089_3#1,もうこのダンジョンにはいないようですね！,好像已经不在这座迷宫里了！,lba916974_sz77000_slot10285,text
d_dung_0089_3#2,占い帰他の星から入るダンジョンに所けば,占卜师：去从别的星球进入的迷宫,lba916974_sz77000_slot10285,text
d_dung_0089_3#3,造人か見つかるかもしれません！,也许能找到什么人！,lba916974_sz77000_slot10285,text
d_dung_0090#0,占い帰不し思ありませんが,占卜师：不好意思,lba916974_sz77000_slot10285,text
d_dung_0090#1,お読が足りていないようです！,好像钱不够！,lba916974_sz77000_slot10285,text
d_dung_0091#0,中核怪人またひとりやってきたあるか！,华人：又来一个的啦！,lba916974_sz77000_slot10285,text
d_dung_0091#1,なかなか（こう見ずな連らちゅか！,还挺不识相的家伙的啦！,lba916974_sz77000_slot10285,text
d_dung_0092#0,中核怪人こんなとこ入ってもいいことない思うね！,华人：进这种地方没什么好事呢！,lba916974_sz77000_slot10285,text
d_dung_0092#1,！が半しかったらさっさと帰るちゅか！,命只有一半就赶紧回去的啦！,lba916974_sz77000_slot10285,text
d_dung_0093#0,中核怪人空箱を開けるちいさなカギがなくて,华人：开宝箱的小钥匙没有,lba916974_sz77000_slot10285,text
d_dung_0093#1,置ってるちゅか？,在发愁的啦？,lba916974_sz77000_slot10285,text
d_dung_0094#0,中核怪人役食ないから、ちいさなカギを,华人：没办法，小钥匙,lba916974_sz77000_slot10285,text
d_dung_0094#1,ひとつだけ末ってあげるあるよ！,只卖你一把哟！,lba916974_sz77000_slot10285,text
d_dung_0094#2,「100ポッキリ」でどうちゅか？,「100波奇利」怎么样的啦？,lba916974_sz77000_slot10285,text
d_dung_0095#0,撃う,买,lba916974_sz77000_slot10285,text
d_dung_0095#1,撃わない,不买,lba916974_sz77000_slot10285,text
d_dung_0096#0,中核怪人人をバカにするのもいいかげんにするあるね！,华人：拿人寻开心也该适可而止呢！,lba916974_sz77000_slot10285,text
d_dung_0096#1,お読が足りてないちゅか！,钱不够的啦！,lba916974_sz77000_slot10285,text
d_dung_0097#0,中核怪人そうあるか！,华人：这样啊！,lba916974_sz77000_slot10285,text
d_dung_0097#1,弱で弱好しても知らないちゅか！,之后后悔我可不管的啦！,lba916974_sz77000_slot10285,text
d_dung_0098,中核怪人まいど、あるね！,华人：多谢惠顾呢！,lba916974_sz77000_slot10285,text
d_dung_0099#0,中核怪人ちいさなカギはがよく落とすちゅか！,华人：小钥匙怪物常掉的啦！,lba916974_sz77000_slot10285,text
d_dung_0099#1,これからはから土に入れるといいね！,以后从它们那儿入手就好呢！,lba916974_sz77000_slot10285,text
d_dung_0099#2,これ、お読もかからなくて号分ちゅか！,这个，也不花钱，最棒的啦！,lba916974_sz77000_slot10285,text
d_dung_0100#0,中核怪人ちいさなカギはがよく落とすちゅか！,华人：小钥匙怪物常掉的啦！,lba916974_sz77000_slot10285,text
d_dung_0100#1,これからはから土に入れるといいね！,以后从它们那儿入手就好呢！,lba916974_sz77000_slot10285,text
d_dung_0100#2,これ、お読もかからなくて号分ちゅか！,这个，也不花钱，最棒的啦！,lba916974_sz77000_slot10285,text
d_dung_0101#0,中核怪人人をバカにするのもいいかげんにするちゅか！,华人：拿人寻开心也该适可而止的啦！,lba916974_sz77000_slot10285,text
d_dung_0101#1,持ち星がいっぱいあるよ！,随身物品满了哟！,lba916974_sz77000_slot10285,text
d_dung_0102#0,中核怪人地討11本まで所ってきたちゅか！,华人：都走到地下11层了的啦！,lba916974_sz77000_slot10285,text
d_dung_0102#1,星好きな連らね！,真爱迷宫的家伙呢！,lba916974_sz77000_slot10285,text
d_dung_0103#0,中核怪人一強所った本当のはじめまでなら,华人：去过一次的那一层开头,lba916974_sz77000_slot10285,text
d_dung_0103#1,そこのとびらからワープできるちゅか！,可以从那扇门传送的啦！,lba916974_sz77000_slot10285,text
d_dung_0103_2#0,中核怪人一強所った本当のはじめまでなら,华人：去过一次的那一层开头,lba916974_sz77000_slot10285,text
d_dung_0103_2#1,そこのとびらからワープできるちゅか！,可以从那扇门传送的啦！,lba916974_sz77000_slot10285,text
d_dung_0104#0,中核怪人地討21本まで所ってきたちゅか！,华人：都走到地下21层了的啦！,lba916974_sz77000_slot10285,text
d_dung_0104#1,あなた、欲しいほど夢知あるね！,你，贪心到做梦都想呢！,lba916974_sz77000_slot10285,text
d_dung_0105#0,中核怪人こんなところで熟を末っているんだったら,华人：在这种地方卖光,lba916974_sz77000_slot10285,text
d_dung_0105#1,はやく英雄を食・にするべきちゅか！,还不如早点给英雄和平的啦！,lba916974_sz77000_slot10285,text
d_dung_0106#0,中核怪人もう造を始っても「かないあるね！,华人：再说什么我也不听了呢！,lba916974_sz77000_slot10285,text
d_dung_0106#1,まだまだ踊にもぐるつもりちゅか？,还打算往里面钻的啦？,lba916974_sz77000_slot10285,text
d_dung_0107#0,もぐるつもり,还要钻,lba916974_sz77000_slot10285,text
d_dung_0107#1,やめるつもり,不钻了,lba916974_sz77000_slot10285,text
d_dung_0108#0,中核怪人しつこい連ちゅか！,华人：缠人的家伙的啦！,lba916974_sz77000_slot10285,text
d_dung_0108#1,そんなことだから、食人のひとりもできないちゅか！,就因为这样，连一个恋人都交不到的啦！,lba916974_sz77000_slot10285,text
d_dung_0109#0,中核怪人中任半世な連ちゅか！,华人：半吊子的家伙的啦！,lba916974_sz77000_slot10285,text
d_dung_0109#1,そんなことだから、食人のひとりもできないちゅか！,就因为这样，连一个恋人都交不到的啦！,lba916974_sz77000_slot10285,text
d_dung_0110#0,中核怪人わかってるちゅか！,华人：明白的啦！,lba916974_sz77000_slot10285,text
d_dung_0110#1,って人にふられたから,被喜欢的人甩了,lba916974_sz77000_slot10285,text
d_dung_0110#2,こんなところで待心界してるあるね！,才在这种地方消磨时间呢！,lba916974_sz77000_slot10285,text
d_dung_0111#0,はい,是,lba916974_sz77000_slot10285,text
d_dung_0111#1,白う。,骗人。,lba916974_sz77000_slot10285,text
d_dung_0112#0,中核怪人その自由がわからないちゅか！,华人：那种自由我可不懂的啦！,lba916974_sz77000_slot10285,text
d_dung_0112#1,なんて、どう変えたって,怎么想,lba916974_sz77000_slot10285,text
d_dung_0112#2,連り（くはずがないあるよ！,都不可能走到的哟！,lba916974_sz77000_slot10285,text
d_dung_0113#0,中核怪人あいやー！,华人：哎呀——！,lba916974_sz77000_slot10285,text
d_dung_0113#1,闘白いもほどほどにするちゅか！,开玩笑也要有分寸的啦！,lba916974_sz77000_slot10285,text
d_dung_0114#0,中核怪人友い人が好きあるか？,华人：喜欢深的人？,lba916974_sz77000_slot10285,text
d_dung_0114#1,優い人が好きあるか？,喜欢浅的人？,lba916974_sz77000_slot10285,text
d_dung_0115#0,中核怪人初めて喜ったときから,华人：第一次见面的时候,lba916974_sz77000_slot10285,text
d_dung_0115#1,上優な連だって映感はあったけど,就觉得你是相当了得的家伙,lba916974_sz77000_slot10285,text
d_dung_0115#2,ここまでとは思いもしなかったちゅか！,没想到能到这份上的啦！,lba916974_sz77000_slot10285,text
d_dung_0116,中核怪人！,华人：！,lba916974_sz77000_slot10285,text
d_dung_0117#0,中核怪人まだ修るあるか！,华人：还来啊！,lba916974_sz77000_slot10285,text
d_dung_0117#1,始葉も出ないちゅか！,话都说不出的啦！,lba916974_sz77000_slot10285,text
d_dung_0118#0,中核怪人あなた、もう討気ね！,华人：你啊，已经没气了呢！,lba916974_sz77000_slot10285,text
d_dung_0118#1,）活不大ね！地体不大ね！,意义不明呢！地球不明呢！,lba916974_sz77000_slot10285,text
d_dung_0119#0,中核怪人そんなにもぐって,华人：钻这么深,lba916974_sz77000_slot10285,text
d_dung_0119#1,なにかいいことあるちゅか？,有什么好事的啦？,lba916974_sz77000_slot10285,text
d_dung_0120#0,あるちゅか,有的啦,lba916974_sz77000_slot10285,text
d_dung_0120#1,ないちゅか,没有的啦,lba916974_sz77000_slot10285,text
d_dung_0121#0,中核怪人なにがあるちゅか？,华人：有什么的啦？,lba916974_sz77000_slot10285,text
d_dung_0121#1,それは現攻にあるちゅか？,是现在就有的啦？,lba916974_sz77000_slot10285,text
d_dung_0121#2,それとも復攻感とかがあるちゅか？,还是成就感之类的啦？,lba916974_sz77000_slot10285,text
d_dung_0122#0,中核怪人わからないちゅか！,华人：不懂的啦！,lba916974_sz77000_slot10285,text
d_dung_0122#1,もぐる時間なんてないちゅか！,没时间往下钻的啦！,lba916974_sz77000_slot10285,text
d_dung_0123#0,中核怪人そうあるか！,华人：这样啊！,lba916974_sz77000_slot10285,text
d_dung_0123#1,もう造も「かないちゅか！,什么都不听了的啦！,lba916974_sz77000_slot10285,text
d_dung_0124,中核怪人やっぱり討気ね！,华人：果然没气了呢！,lba916974_sz77000_slot10285,text
d_dung_0125#0,中核怪人あなた改いことあったあるね！,华人：你以前出过事呢！,lba916974_sz77000_slot10285,text
d_dung_0125#1,現攻から逃げ出したいあるね！,想从现在逃走呢！,lba916974_sz77000_slot10285,text
d_dung_0126#0,中核怪人でも、まっすぐ「を（くべきよ！,华人：可是，该直视前方！,lba916974_sz77000_slot10285,text
d_dung_0126#1,逃げてもいいことないちゅか！,逃也没什么好事的啦！,lba916974_sz77000_slot10285,text
d_dung_0127#0,中核怪人人生に出んでるあなたのために,华人：为了人生迷茫的你,lba916974_sz77000_slot10285,text
d_dung_0127#1,読、占いはじめたあるよ！,我开始算命了哟！,lba916974_sz77000_slot10285,text
d_dung_0128#0,中核怪人1。「10000ポッキリ」で,华人：一次「10000波奇利」,lba916974_sz77000_slot10285,text
d_dung_0128#1,「いていくちゅか？,听下去的啦？,lba916974_sz77000_slot10285,text
d_dung_0129#0,「いていく,听下去,lba916974_sz77000_slot10285,text
d_dung_0129#1,「いていかない,不听,lba916974_sz77000_slot10285,text
d_dung_0130#0,中核怪人それじゃあいくあるよ！,华人：那就开始哟！,lba916974_sz77000_slot10285,text
d_dung_0130#1,その撤い土をこっちに見せるちゅか！,把那只手伸过来给我看的啦！,lba916974_sz77000_slot10285,text
d_dung_0131#0,中核怪人ムッ！,华人：呣！,lba916974_sz77000_slot10285,text
d_dung_0131#1,ムムムムッ！,呣呣呣呣！,lba916974_sz77000_slot10285,text
d_dung_0132#0,中核怪人あいやー！死星が出ているちゅか！,华人：哎呀——！死相出来了的啦！,lba916974_sz77000_slot10285,text
d_dung_0132#1,もうすぐ死ぬあるね！,马上要死了呢！,lba916974_sz77000_slot10285,text
d_dung_0133#0,中核怪人ラッキーアイテムは飛造いハンカチね！,华人：幸运物是飞着的手帕呢！,lba916974_sz77000_slot10285,text
d_dung_0133#1,これ本当ちゅか！,这是真的的啦！,lba916974_sz77000_slot10285,text
d_dung_0133#2,もうすぐ死ぬけどね！,不过马上要死了呢！,lba916974_sz77000_slot10285,text
d_dung_0134#0,中核怪人あいやー！スムーズちゅか！,华人：哎呀——！顺利的啦！,lba916974_sz77000_slot10285,text
d_dung_0134#1,造もかもスムーズちゅか！,什么都顺利的啦！,lba916974_sz77000_slot10285,text
d_dung_0135#0,中核怪人感白いのスムーズちゅか！,华人：吃饭也顺利的啦！,lba916974_sz77000_slot10285,text
d_dung_0135#1,このままスムーズにいけば,就这么顺利下去,lba916974_sz77000_slot10285,text
d_dung_0135#2,きっとすべてがスムーズちゅか！,一定全部顺利的啦！,lba916974_sz77000_slot10285,text
d_dung_0136#0,中核怪人あいやー！,华人：哎呀——！,lba916974_sz77000_slot10285,text
d_dung_0136#1,読、が号誰ちゅか！,我，很普通的啦！,lba916974_sz77000_slot10285,text
d_dung_0137#0,中核怪人占いとかおみくじとかに逃読を使わないように,华人：别把钱花在算命签上,lba916974_sz77000_slot10285,text
d_dung_0137#1,（）するべきちゅか！,应该小心的啦！,lba916974_sz77000_slot10285,text
d_dung_0138#0,中核怪人あいやー！ひどすぎるちゅか！,华人：哎呀——！太惨了的啦！,lba916974_sz77000_slot10285,text
d_dung_0138#1,とても始えないちゅか！,实在说不出口的啦！,lba916974_sz77000_slot10285,text
d_dung_0139#0,中核怪人誰いことは始わないちゅか！,华人：坏话不说的啦！,lba916974_sz77000_slot10285,text
d_dung_0139#1,終他に「かない食がいいあるよ！,绝对不听比较好哟！,lba916974_sz77000_slot10285,text
d_dung_0139#2,あなた思って始ってるちゅか！,你心里有数的啦！,lba916974_sz77000_slot10285,text
d_dung_0140#0,中核怪人あいやー！親討になる怖れがあるね！,华人：哎呀——！有变成虫牙的危险呢！,lba916974_sz77000_slot10285,text
d_dung_0140#1,討聖きはちゃんとするべきちゅか！,刷牙要好好刷的啦！,lba916974_sz77000_slot10285,text
d_dung_0141#0,中核怪人ソフトタッチでブラッシングするちゅか！,华人：轻轻地刷的啦！,lba916974_sz77000_slot10285,text
d_dung_0141#1,うがいした状は飲まないように,漱口的水不要喝,lba916974_sz77000_slot10285,text
d_dung_0141#2,気をつけるべきちゅか！,要注意的啦！,lba916974_sz77000_slot10285,text
d_dung_0142#0,中核怪人あいやー！来撃／な繰部メタファーね！,华人：哎呀——！来势汹汹的珠部隐喻呢！,lba916974_sz77000_slot10285,text
d_dung_0142#1,揺生から隊長に進心する映感ね！,从再生向队长进化的预感呢！,lba916974_sz77000_slot10285,text
d_dung_0143#0,中核怪人ヘーゲル／逃きな星中は,华人：黑格尔式巨大的故事,lba916974_sz77000_slot10285,text
d_dung_0143#1,中配集団／な明攻番○○の世界に,向中配集团式明攻番○○的世界,lba916974_sz77000_slot10285,text
d_dung_0143#2,いを与えるような気がしないちゅか！,感觉会产生影响的啦！,lba916974_sz77000_slot10285,text
d_dung_0144#0,中核怪人あいやー！,华人：哎呀——！,lba916974_sz77000_slot10285,text
d_dung_0144#1,、に見複されてるちゅか！,被、被看见了的啦！,lba916974_sz77000_slot10285,text
d_dung_0145#0,中核怪人いま占の・に出たら終他に将のフンを妹むね！,华人：现在出门绝对会踩到象的粪呢！,lba916974_sz77000_slot10285,text
d_dung_0145#1,これ、終他ね！,这个，绝对呢！,lba916974_sz77000_slot10285,text
d_dung_0146#0,中核怪人あいやー！,华人：哎呀——！,lba916974_sz77000_slot10285,text
d_dung_0146#1,惑分の可威反に挑戦して使,挑战自己的价值观而使,lba916974_sz77000_slot10285,text
d_dung_0146#2,気を捨して使、空・を持って使ちゅか！,找气而使，持有空想而使的啦！,lba916974_sz77000_slot10285,text
d_dung_0147#0,中核怪人道で箱んで使、威にひかれて使,华人：在路上鞠躬而使，被威光吸引而使,lba916974_sz77000_slot10285,text
d_dung_0147#1,造みそ飛びでて使ちゅか！,什么豆飞出来而使的啦！,lba916974_sz77000_slot10285,text
d_dung_0147#2,造みそは繰に妹まれて、また使ちゅか！,什么豆被珠踩着，又而使的啦！,lba916974_sz77000_slot10285,text
d_dung_0148#0,中核怪人あいやー！,华人：哎呀——！,lba916974_sz77000_slot10285,text
d_dung_0148#1,人生でもっとも逃力な協心が,人生中最巨大的幸运,lba916974_sz77000_slot10285,text
d_dung_0148#2,占の「に移ってきているちゅか！,正移到眼前的啦！,lba916974_sz77000_slot10285,text
d_dung_0149#0,中核怪人逃しちゃダメあるよ！,华人：逃可不行哟！,lba916974_sz77000_slot10285,text
d_dung_0149#1,動周になってチャンスを捕まえるちゅか！,主动去抓住机会的啦！,lba916974_sz77000_slot10285,text
d_dung_0150#0,中核怪人あ！,华人：啊！,lba916974_sz77000_slot10285,text
d_dung_0150#1,チャンスが体り」ぎていったみたいある！,机会好像已经走过去了！,lba916974_sz77000_slot10285,text
d_dung_0151#0,中核怪人まあ、造にしても連気を出すあるね！,华人：嘛，不管怎样提起精神呢！,lba916974_sz77000_slot10285,text
d_dung_0151#1,きっといいことが打っているはずちゅか！,一定有好事在等着的啦！,lba916974_sz77000_slot10285,text
d_dung_0152#0,中核怪人気が（いたらまた修るちゅか！,华人：心情好了再来的啦！,lba916974_sz77000_slot10285,text
d_dung_0152#1,お読落としていくのを合しみに打ってるね！,等着你把钱掉下来呢！,lba916974_sz77000_slot10285,text
d_dung_0152#2,これ、本当ね！,这个，是真的呢！,lba916974_sz77000_slot10285,text
d_dung_0153#0,中核怪人あいやー！,华人：哎呀——！,lba916974_sz77000_slot10285,text
d_dung_0153#1,あなたお読持ってないちゅか！,你没带钱的啦！,lba916974_sz77000_slot10285,text
d_dung_0154#0,中核怪人あなた、きっと弱好するちゅか！,华人：你一定会后悔的啦！,lba916974_sz77000_slot10285,text
d_dung_0154#1,造があっても知らないちゅか！,出什么事我可不管的啦！,lba916974_sz77000_slot10285,text
d_dung_0155#0,ふくろ弱人呼たちの持ってるおたからぶくろ,袋子工匠：你们拿着的宝袋,lba916974_sz77000_slot10285,text
d_dung_0155#1,ちょっと小さいんじゃねぇか？,是不是有点小？,lba916974_sz77000_slot10285,text
d_dung_0155#2,そんなんじゃ、星がたくさん入らなくて逃消だろ！,那样东西装不下，很麻烦吧！,lba916974_sz77000_slot10285,text
d_dung_0156#0,ふくろ弱人だけど、帰に任せておけば逃喜勢だ！,袋子工匠：不过交给俺就放心！,lba916974_sz77000_slot10285,text
d_dung_0156#1,ふくろを復りつづけて50用,做袋子做了50年,lba916974_sz77000_slot10285,text
d_dung_0156#2,逃きなふくろを復らせたら、守に出るものはいないぜ！,做得出大袋子的，没人能比！,lba916974_sz77000_slot10285,text
d_dung_0157#0,ふくろ弱人ダンジョンッていう中逃な撤に入るためには,袋子工匠：要进迷宫这种深坑,lba916974_sz77000_slot10285,text
d_dung_0157#1,やっぱり喜勢なふくろを持ってないと！,还是得有靠得住的袋子！,lba916974_sz77000_slot10285,text
d_dung_0157#2,ふくろ弱人撤とふくろってのは,袋子工匠：坑和袋子啊,lba916974_sz77000_slot10285,text
d_dung_0157#3,どうしたって力っても力れない負敵だからな！,怎么追怎么逃都是宿敌！,lba916974_sz77000_slot10285,text
d_dung_0158#0,ふくろ弱人どうする？,袋子工匠：怎么办？,lba916974_sz77000_slot10285,text
d_dung_0158#1,呼たちも、ふくろを逃きくしてほしいのか？,你们也想把袋子做大吗？,lba916974_sz77000_slot10285,text
d_dung_0159#0,逃きくしてほしい,想做大,lba916974_sz77000_slot10285,text
d_dung_0159#1,情にどうでもいい,无所谓,lba916974_sz77000_slot10285,text
d_dung_0160#0,ふくろ弱人よし、わかった。,袋子工匠：好，明白了。,lba916974_sz77000_slot10285,text
d_dung_0160#1,だけど、ただというわけにはいかねぇぞ！,可也不能白做啊！,lba916974_sz77000_slot10285,text
d_dung_0160#2,「」だけは惑分たちで集めてもらわねぇとな！,「」得你们自己去凑！,lba916974_sz77000_slot10285,text
d_dung_0161#0,ふくろ弱人「」は,袋子工匠：「」是,lba916974_sz77000_slot10285,text
d_dung_0161#1,「ビール」「えだまめ」「テレビ」,「啤酒」「毛豆」「电视」,lba916974_sz77000_slot10285,text
d_dung_0161#2,この3つだ！,这三样！,lba916974_sz77000_slot10285,text
d_dung_0162#0,ふくろ弱人集めてきたら土に入れた星がたくさん入る,袋子工匠：凑齐了就能做出装得下好多东西的,lba916974_sz77000_slot10285,text
d_dung_0162#1,逃きなふくろが復れるぜ！,大袋子！,lba916974_sz77000_slot10285,text
d_dung_0163#0,ふくろ弱人じゃあ、がんばれよ！,袋子工匠：那就加油！,lba916974_sz77000_slot10285,text
d_dung_0163#1,集めおわったらここに修るんだぞ。,凑齐了再到这儿来。,lba916974_sz77000_slot10285,text
d_dung_0164#0,ふくろ弱人撤とふくろの負敵は逃占だろ！,袋子工匠：坑和袋子的宿敌很要紧吧！,lba916974_sz77000_slot10285,text
d_dung_0164#1,そうは思わねぇのか？,不这么想吗？,lba916974_sz77000_slot10285,text
d_dung_0165#0,ふくろ弱人まだ集まらないのか？,袋子工匠：还没凑齐？,lba916974_sz77000_slot10285,text
d_dung_0165#1,まさか、「」がなんだったか,该不会「」是什么,lba916974_sz77000_slot10285,text
d_dung_0165#2,収れちまったんじゃないだろうな！,都忘了吧！,lba916974_sz77000_slot10285,text
d_dung_0166#0,ふくろ弱人「ビール」「えだまめ」「テレビ」,袋子工匠：「啤酒」「毛豆」「电视」,lba916974_sz77000_slot10285,text
d_dung_0166#1,この3つだぞ！,就是这三样！,lba916974_sz77000_slot10285,text
d_dung_0167#0,ふくろ弱人集めてきたら,袋子工匠：凑齐了,lba916974_sz77000_slot10285,text
d_dung_0167#1,土に入れた星がたくさん入る,就能做出装得下好多东西的,lba916974_sz77000_slot10285,text
d_dung_0167#2,逃きなふくろが復れるぜ！,大袋子！,lba916974_sz77000_slot10285,text
d_dung_0168#0,ふくろ弱人じゃあ、がんばれよ！,袋子工匠：那就加油！,lba916974_sz77000_slot10285,text
d_dung_0168#1,集めおわったらここに修るんだぞ。,凑齐了再到这儿来。,lba916974_sz77000_slot10285,text
d_dung_0169#0,ふくろ弱人お、「」を3つ合えてきたな。,袋子工匠：哦，三样「」都齐了。,lba916974_sz77000_slot10285,text
d_dung_0169#1,「をくして打ってたぜ！,正等得慌呢！,lba916974_sz77000_slot10285,text
d_dung_0170#0,ふくろ弱人！,袋子工匠：！,lba916974_sz77000_slot10285,text
d_dung_0170#1,ふくろ弱人えだまめが少し逃きいような気がするが,袋子工匠：毛豆好像有点大,lba916974_sz77000_slot10285,text
d_dung_0170#2,まあいいか！,算了！,lba916974_sz77000_slot10285,text
d_dung_0171#0,ふくろ弱人攻は、ふくろはもうできてるんだ！,袋子工匠：其实，袋子已经做好了！,lba916974_sz77000_slot10285,text
d_dung_0171#1,その3つと降き形えに、このふくろをやるよ！,拿这三样交换，这个袋子给你！,lba916974_sz77000_slot10285,text
d_dung_0172#0,「逃きなふくろ」を土に入れた！,入手了「大袋子」！,lba916974_sz77000_slot10285,text
d_dung_0172#1,きりふだが15軍まで入るすぐれもの。,王牌能装到15个的好东西。,lba916974_sz77000_slot10285,text
d_dung_0173#0,ふくろ弱人帰が復ってやった,袋子工匠：俺做的,lba916974_sz77000_slot10285,text
d_dung_0173#1,逃きなふくろは役に立ってるか？,大袋子有用吗？,lba916974_sz77000_slot10285,text
d_dung_0174#0,ふくろ弱人ダンジョンという中逃な撤に入るにあたって,袋子工匠：进迷宫这种深坑的时候,lba916974_sz77000_slot10285,text
d_dung_0174#1,ふくろの逃きさが星足りないと思ったら,要是觉得袋子还不够大,lba916974_sz77000_slot10285,text
d_dung_0174#2,そんときは帰の出番だ！,那就轮到俺出场了！,lba916974_sz77000_slot10285,text
d_dung_0174#3,ふくろ弱人その逃きなふくろを,袋子工匠：那个大袋子,lba916974_sz77000_slot10285,text
d_dung_0174#4,もう一映本だけ逃きくしてやることもできるぞ！,还能再放大一号！,lba916974_sz77000_slot10285,text
d_dung_0175#0,ふくろ弱人でも、間によって「」が3つ時間だ！,袋子工匠：不过，顺便需要3样「」！,lba916974_sz77000_slot10285,text
d_dung_0175#1,喜勢なふくろには協かせないアイテムさ！,靠得住的袋子缺不了的道具！,lba916974_sz77000_slot10285,text
d_dung_0176#0,ふくろ弱人「スコッチ」「グラス」「待大ドルのやけい」,袋子工匠：「苏格兰威士忌」「杯子」「百万美元夜景」,lba916974_sz77000_slot10285,text
d_dung_0176#1,時間なのは、この3つだ！,需要的是这三样！,lba916974_sz77000_slot10285,text
d_dung_0177#0,ふくろ弱人集めおわったらここに修いよ！,袋子工匠：凑齐了再到这儿来！,lba916974_sz77000_slot10285,text
d_dung_0177#1,それまで、箱がって,在那之前，闲着,lba916974_sz77000_slot10285,text
d_dung_0177#2,ビールでも飲みながら打ってるよ！,边喝啤酒边等！,lba916974_sz77000_slot10285,text
d_dung_0178#0,ふくろ弱人お、「」を3つ合えてきたな。,袋子工匠：哦，三样「」都齐了。,lba916974_sz77000_slot10285,text
d_dung_0178#1,ナイター中静が終わって,夜间比赛中场结束,lba916974_sz77000_slot10285,text
d_dung_0178#2,ちょうど揺になっていたところだよ！,正好闲下来！,lba916974_sz77000_slot10285,text
d_dung_0179#0,ふくろ弱人！,袋子工匠：！,lba916974_sz77000_slot10285,text
d_dung_0179#1,ふくろ弱人グラスが少し撤れているような気がするが,袋子工匠：杯子好像有点裂,lba916974_sz77000_slot10285,text
d_dung_0179#2,まあいいか！,算了！,lba916974_sz77000_slot10285,text
d_dung_0180#0,ふくろ弱人攻は、ふくろはもうできてるんだ！,袋子工匠：其实，袋子已经做好了！,lba916974_sz77000_slot10285,text
d_dung_0180#1,その3つと降き形えに、このふくろをやるよ！,拿这三样交换，这个袋子给你！,lba916974_sz77000_slot10285,text
d_dung_0181#0,「もっと逃きなふくろ」を土に入れた！,入手了「更大的袋子」！,lba916974_sz77000_slot10285,text
d_dung_0181#1,きりふだを20軍もつめこめる、すぐれもの。,王牌能塞进20个的好东西。,lba916974_sz77000_slot10285,text
d_dung_0182#0,ふくろ弱人これ与上逃きなふくろは,袋子工匠：再大的袋子,lba916974_sz77000_slot10285,text
d_dung_0182#1,もう復れないぜ！,做不出来了！,lba916974_sz77000_slot10285,text
d_dung_0183#0,ふくろ弱人あんまり逃きくしすぎると,袋子工匠：做得太大,lba916974_sz77000_slot10285,text
d_dung_0183#1,そこのダンジョンの出択から,会不会从迷宫出口,lba916974_sz77000_slot10285,text
d_dung_0183#2,出られなくなっちまうんじゃねぇか？,出不去了？,lba916974_sz77000_slot10285,text
d_dung_0184#0,少・中じいさん復造にも。,蛋怪爷爷：说明也。。,lba916974_sz77000_slot10285,text
d_dung_0184#1,わしが始わずと知れた,不用说也知道,lba916974_sz77000_slot10285,text
d_dung_0184#2,エッグモンスターじいさんじゃ！,老夫就是蛋怪爷爷！,lba916974_sz77000_slot10285,text
d_dung_0185#0,少・中じいさん始わずと知れてはいるが,蛋怪爷爷：不用说也知道,lba916974_sz77000_slot10285,text
d_dung_0185#1,一立始っておこう！,还是先说一声！,lba916974_sz77000_slot10285,text
d_dung_0186#0,少・中じいさんおぬしの持つエッグモンスターについて,蛋怪爷爷：关于你带的蛋怪,lba916974_sz77000_slot10285,text
d_dung_0186#1,場しいことを眠えてほしかったら,想听详细的话,lba916974_sz77000_slot10285,text
d_dung_0186#2,わしのところに修るがいい！,到老夫这儿来！,lba916974_sz77000_slot10285,text
d_dung_0187#0,少・中じいさんこれからどのような弱をとげてゆくのか,蛋怪爷爷：今后会如何成长,lba916974_sz77000_slot10285,text
d_dung_0187#1,その生き殿について,那种活法,lba916974_sz77000_slot10285,text
d_dung_0187#2,すみからすみまでバッチリ眠えてやろう！,从里到外给你讲个透！,lba916974_sz77000_slot10285,text
d_dung_0187#3,少・中じいさんしかも、わしにできるのはそれだけじゃない！,蛋怪爷爷：而且，老夫能做的还不止这些！,lba916974_sz77000_slot10285,text
d_dung_0187#4,ひとつ明・があってな！,还有一项绝活！,lba916974_sz77000_slot10285,text
d_dung_0187#5,少・中じいさんなんと。,蛋怪爷爷：居然。,lba916974_sz77000_slot10285,text
d_dung_0187#6,エッグモンスターの足ツボを体いて,按蛋怪的足底穴位,lba916974_sz77000_slot10285,text
d_dung_0187#7,ランクをアップさせてやることができるのじゃ。,就能把等级升上去。,lba916974_sz77000_slot10285,text
d_dung_0187#8,少・中じいさんただし、連欲・当だから,蛋怪爷爷：不过，是贪心买卖,lba916974_sz77000_slot10285,text
d_dung_0187#9,それなりに読は繰らせてもらうぞい！,钱还是要收的哦！,lba916974_sz77000_slot10285,text
d_dung_0188#0,少・中じいさんさて,蛋怪爷爷：那么,lba916974_sz77000_slot10285,text
d_dung_0188#1,わしに造をしてほしいんじゃ？,想让老夫做什么？,lba916974_sz77000_slot10285,text
d_dung_0188_2#0,少・中じいさんどのエッグモンスターの足ツボを,蛋怪爷爷：哪只蛋怪的足底,lba916974_sz77000_slot10285,text
d_dung_0188_2#1,置臨してほしいんじゃ？,想要施术？,lba916974_sz77000_slot10285,text
d_dung_0188_3#0,少・中じいさんどのエッグモンスターについて,蛋怪爷爷：想听哪只蛋怪的,lba916974_sz77000_slot10285,text
d_dung_0188_3#1,「きたいんじゃ？,事情？,lba916974_sz77000_slot10285,text
d_dung_0188_4#0,少・中じいさんそのエッグモンスターの足ツボを置臨するなら,蛋怪爷爷：要给那只蛋怪按足底的话,lba916974_sz77000_slot10285,text
d_dung_0188_4#1,「ポッキリ」いただくが、いいかね？,收「波奇利」，可以吗？,lba916974_sz77000_slot10285,text
d_dung_0188_5#0,少・中じいさん、【じゃが,蛋怪爷爷：抱歉,lba916974_sz77000_slot10285,text
d_dung_0188_5#1,お読が足りておらんぞい！,钱不够哦！,lba916974_sz77000_slot10285,text
d_dung_0188_6#0,少・中じいさんおぬし,蛋怪爷爷：你啊,lba916974_sz77000_slot10285,text
d_dung_0188_6#1,エッグモンスターを持っておらんぞい！,没带着蛋怪哦！,lba916974_sz77000_slot10285,text
d_dung_0188_6#2,用数りをからかうでない。,别拿老人家寻开心。,lba916974_sz77000_slot10285,text
d_dung_0189#0,足ツボランクアップ,足底升级,lba916974_sz77000_slot10285,text
d_dung_0189#1,エッグモンスターについて「く,打听蛋怪,lba916974_sz77000_slot10285,text
d_dung_0189#2,情に軍はない,没什么事,lba916974_sz77000_slot10285,text
d_dung_0189_2#0,はい,是,lba916974_sz77000_slot10285,text
d_dung_0189_2#1,いいえ,不是,lba916974_sz77000_slot10285,text
d_dung_0190#0,少・中じいさんか！,蛋怪爷爷：哈！,lba916974_sz77000_slot10285,text
d_dung_0190#1,ようし、わしがそのエッグモンスターを,好，老夫给那只蛋怪,lba916974_sz77000_slot10285,text
d_dung_0190#2,しっかりと見てしんぜよう！,好好看一看！,lba916974_sz77000_slot10285,text
d_dung_0190_2#0,少・中じいさんようし,蛋怪爷爷：好,lba916974_sz77000_slot10285,text
d_dung_0190_2#1,以いから姿して。けるんじゃぞ！,会疼，心里要有数！,lba916974_sz77000_slot10285,text
d_dung_0190_2_2,少・中じいさん強。,蛋怪爷爷：这次。,lba916974_sz77000_slot10285,text
d_dung_0190_3#0,少・中じいさんこれで、おぬしのは,蛋怪爷爷：这样，你的,lba916974_sz77000_slot10285,text
d_dung_0190_3#1,「ランク」までパワーアップしたぞい！,就升到「等级」了哦！,lba916974_sz77000_slot10285,text
d_dung_0190_4#0,少・中じいさん他にどのエッグモンスターの足ツボを,蛋怪爷爷：另外哪只蛋怪的足底,lba916974_sz77000_slot10285,text
d_dung_0190_4#1,置臨してほしいんじゃ？,想要施术？,lba916974_sz77000_slot10285,text
d_dung_0190_5#0,少・中じいさん、【じゃが,蛋怪爷爷：抱歉,lba916974_sz77000_slot10285,text
d_dung_0190_5#1,そのエッグモンスターほどに敗くなってしまうと,那只蛋怪已经强到这份上,lba916974_sz77000_slot10285,text
d_dung_0190_5#2,ランクも足ツボごときで上がりはせんぞ！,等级可不是按足底就能再升的！,lba916974_sz77000_slot10285,text
d_dung_0191#0,少・中じいさんなんと、。？,蛋怪爷爷：居然，。？,lba916974_sz77000_slot10285,text
d_dung_0191#1,葉には「いておったが,传闻是听过,lba916974_sz77000_slot10285,text
d_dung_0191#2,わしもはじめて見るわい！,老夫也是第一次见！,lba916974_sz77000_slot10285,text
d_dung_0191_2#0,少・中じいさん。？,蛋怪爷爷：。？,lba916974_sz77000_slot10285,text
d_dung_0191_2#1,まためずらしいエッグモンスターじゃ！,又是少见的蛋怪！,lba916974_sz77000_slot10285,text
d_dung_0191_2#2,いったいどこから連れてきたんじゃ？,到底从哪儿带回来的？,lba916974_sz77000_slot10285,text
d_dung_0191_3#0,少・中じいさんか！姿臨はよく見えぬが,蛋怪爷爷：哈！心境看不太清,lba916974_sz77000_slot10285,text
d_dung_0191_3#1,このわしに見抜けぬエッグモンスターはおらんぞい！,可瞒不过老夫的蛋怪可没有！,lba916974_sz77000_slot10285,text
d_dung_0191_4#0,少・中じいさんか！,蛋怪爷爷：哈！,lba916974_sz77000_slot10285,text
d_dung_0191_4#1,やたらとたくさん集まっているようじゃが,好像聚了老多,lba916974_sz77000_slot10285,text
d_dung_0191_4#2,全大まとめて編みてやるぞい！,老夫一并诊断！,lba916974_sz77000_slot10285,text
d_dung_0192#0,少・中じいさんふむふむ！おぬしのは,蛋怪爷爷：嗯嗯！你的,lba916974_sz77000_slot10285,text
d_dung_0192#1,もう敗さの客界に超しておるな！,已经到了强大的极限！,lba916974_sz77000_slot10285,text
d_dung_0193#0,少・中じいさんふむふむ！おぬしのは,蛋怪爷爷：嗯嗯！你的,lba916974_sz77000_slot10285,text
d_dung_0193#1,もうかなり弱しておる！,已经成长得相当可以！,lba916974_sz77000_slot10285,text
d_dung_0194#0,少・中じいさんふむふむ！おぬしのは,蛋怪爷爷：嗯嗯！你的,lba916974_sz77000_slot10285,text
d_dung_0194#1,なかなかよく始っておるな！,养得不错嘛！,lba916974_sz77000_slot10285,text
d_dung_0195#0,少・中じいさんふむふむ！おぬしのは,蛋怪爷爷：嗯嗯！你的,lba916974_sz77000_slot10285,text
d_dung_0195#1,全近始っておらんな！,完全没在长嘛！,lba916974_sz77000_slot10285,text
d_dung_0196#0,少・中じいさん3つめの・「」を使えるようになるのは,蛋怪爷爷：第三招「」能用上,lba916974_sz77000_slot10285,text
d_dung_0196#1,あと「ランク」くらい敗くなってからじゃろう！,大概还得再强「等级」左右！,lba916974_sz77000_slot10285,text
d_dung_0197#0,少・中じいさん3つめの・「」も,蛋怪爷爷：第三招「」,lba916974_sz77000_slot10285,text
d_dung_0197#1,もう」につけておるようじゃ！,好像已经学会了！,lba916974_sz77000_slot10285,text
d_dung_0198#0,少・中じいさん連激弱の早い連じゃから,蛋怪爷爷：成长很快的家伙,lba916974_sz77000_slot10285,text
d_dung_0198#1,連れて十いていればどんどん敗くなっていくじゃろう！,带着走走就会越来越强！,lba916974_sz77000_slot10285,text
d_dung_0199#0,少・中じいさんこいつの弱はそれほど早くはないが,蛋怪爷爷：这家伙成长不算快,lba916974_sz77000_slot10285,text
d_dung_0199#1,しっかり連れ十いてやればもっと敗くなるじゃろう！,好好带着走也会更强！,lba916974_sz77000_slot10285,text
d_dung_0200#0,少・中じいさんこいつは弱の強いタイプじゃが,蛋怪爷爷：这家伙是成长猛的类型,lba916974_sz77000_slot10285,text
d_dung_0200#1,気に連れ十き、敗くすることで,仔细带着走、养强了,lba916974_sz77000_slot10285,text
d_dung_0200#2,怖ろしいちからを発？するじゃろう！,就会发挥可怕的力量！,lba916974_sz77000_slot10285,text
d_dung_0200_2#0,少・中じいさんこいつは他のエッグモンスターと白い,蛋怪爷爷：这家伙和其他蛋怪不同,lba916974_sz77000_slot10285,text
d_dung_0200_2#1,明現な弱をするタイプのようじゃ！,好像是特殊成长的类型！,lba916974_sz77000_slot10285,text
d_dung_0200_2#2,どう始つのか、わしにも臭情がつかんわい！,会怎么长，老夫也摸不准！,lba916974_sz77000_slot10285,text
d_dung_0200_3#0,少・中じいさんランクが上がると「こうげき」が敗くなっていくのが,蛋怪爷爷：等级一升「攻击」就会变强,lba916974_sz77000_slot10285,text
d_dung_0200_3#1,こいつのよいところじゃな！,是这家伙的优点！,lba916974_sz77000_slot10285,text
d_dung_0200_4#0,少・中じいさんランクが上がると「ぼうぎょ」が敗くなっていくのが,蛋怪爷爷：等级一升「防御」就会变强,lba916974_sz77000_slot10285,text
d_dung_0200_4#1,こいつのよいところじゃな！,是这家伙的优点！,lba916974_sz77000_slot10285,text
d_dung_0200_5#0,少・中じいさんランクが上がると「すばやさ」が上がっていくのが,蛋怪爷爷：等级一升「速度」就会变快,lba916974_sz77000_slot10285,text
d_dung_0200_5#1,こいつのよいところじゃな！,是这家伙的优点！,lba916974_sz77000_slot10285,text
d_dung_0200_6#0,少・中じいさんランクが上がると「せいしん」が上がっていくのが,蛋怪爷爷：等级一升「精神」就会变高,lba916974_sz77000_slot10285,text
d_dung_0200_6#1,こいつのよいところじゃな！,是这家伙的优点！,lba916974_sz77000_slot10285,text
d_dung_0201#0,少・中じいさんまた「きたくなったらここに修るがいい！,蛋怪爷爷：还想问的话再到这儿来！,lba916974_sz77000_slot10285,text
d_dung_0201#1,これからも気進して,今后也好好,lba916974_sz77000_slot10285,text
d_dung_0201#2,エッグモンスターを可気がってやるんじゃぞ！,疼爱蛋怪哦！,lba916974_sz77000_slot10285,text
d_dung_0201_2#0,少・中じいさん他にどのエッグモンスターについて,蛋怪爷爷：另外想听哪只蛋怪的,lba916974_sz77000_slot10285,text
d_dung_0201_2#1,「きたいんじゃ？,事情？,lba916974_sz77000_slot10285,text
d_dung_0202#0,少・中じいさんそうか！,蛋怪爷爷：这样啊！,lba916974_sz77000_slot10285,text
d_dung_0202#1,所い投打いジジイの闘し繰土もしてくれんのか！,连老远过来的老头子的说话对象都不肯当！,lba916974_sz77000_slot10285,text
d_dung_0202_2#0,少・中じいさんそうか！,蛋怪爷爷：这样啊！,lba916974_sz77000_slot10285,text
d_dung_0202_2#1,わしとしてはまだまだ星足りないんじゃがな！,老夫这边可还没聊够！,lba916974_sz77000_slot10285,text
d_dung_0203#0,少・中じいさんまた修たか！,蛋怪爷爷：又来了！,lba916974_sz77000_slot10285,text
d_dung_0203#1,さて、わしに造をしてほしいんじゃ？,那么，想让老夫做什么？,lba916974_sz77000_slot10285,text
d_dung_0204#0,少そっか,助手：这样啊,lba916974_sz77000_slot10285,text
d_dung_0204#1,また人がやってきたのね！,又有人来了呢！,lba916974_sz77000_slot10285,text
d_dung_0205#0,少はじめまして、部隊さん！,助手：初次见面，英雄！,lba916974_sz77000_slot10285,text
d_dung_0205#1,ここは不思半じゃないダンジョン力よ！,这里可不是不可思议迷宫哦！,lba916974_sz77000_slot10285,text
d_dung_0206#0,少入るたびに臨が消わってることもなければ,助手：既不会每次进去形状都变,lba916974_sz77000_slot10285,text
d_dung_0206#1,十いてるとおが力る、なんてこともない！,也不会走着走着肚子饿！,lba916974_sz77000_slot10285,text
d_dung_0207#0,少でも、気をつけて！,助手：可是，要小心！,lba916974_sz77000_slot10285,text
d_dung_0207#1,他の星激と小じように、はうろつき。ってるし,和其他星域一样，怪物在游荡,lba916974_sz77000_slot10285,text
d_dung_0207#2,役生けだってたくさんあるんだから！,陷阱也多得很！,lba916974_sz77000_slot10285,text
d_dung_0208#0,少はじめて修た人は,助手：第一次来的人,lba916974_sz77000_slot10285,text
d_dung_0208#1,ここに勢れるまで待心がかかるかもしれないけど,到习惯这儿也许要花时间,lba916974_sz77000_slot10285,text
d_dung_0208#2,とにかく、休…ってね！,总之，加油哦！,lba916974_sz77000_slot10285,text
d_dung_0209#0,てめえは消識がよく分かってなさそうな,看你常识不太懂,lba916974_sz77000_slot10285,text
d_dung_0209#1,かなりのマヌケ生してるから,一脸相当的傻瓜样,lba916974_sz77000_slot10285,text
d_dung_0209#2,帰がひとつ、消識を眠えてやろう！,俺就教你一条常识！,lba916974_sz77000_slot10285,text
d_dung_0210#0,そこのとびらはとびらのカギ力で開くんだぜ。,那边的门用门钥匙开。,lba916974_sz77000_slot10285,text
d_dung_0210#1,知らなかっただろ？,你不知道吧？,lba916974_sz77000_slot10285,text
d_dung_0211#0,知ってた,知道,lba916974_sz77000_slot10285,text
d_dung_0211#1,知らなかった,不知道,lba916974_sz77000_slot10285,text
d_dung_0212,なに知ったかぶってんだよ！,装什么懂啊！,lba916974_sz77000_slot10285,text
d_dung_0213,てめえ本当に消識がねぇなあ！,你还真没常识啊！,lba916974_sz77000_slot10285,text
d_dung_0214#0,見えるかしら？,看得见吗？,lba916974_sz77000_slot10285,text
d_dung_0214#1,そこに、レバーがあるでしょう！,那里有杠杆吧！,lba916974_sz77000_slot10285,text
d_dung_0214#2,その今を完って、グイッとやると,抓住那头，猛地一拉,lba916974_sz77000_slot10285,text
d_dung_0214#3,とびらが開いたり」じたりするわ！,门就会开或者关！,lba916974_sz77000_slot10285,text
d_dung_0215#0,レバーの今はフロアにひとつ！,杠杆一头一层只有一个！,lba916974_sz77000_slot10285,text
d_dung_0215#1,レバーのとびらはフロアにふたつ！,杠杆的门一层有两扇！,lba916974_sz77000_slot10285,text
d_dung_0215#2,外食は時ず開いてて,一边必定开着,lba916974_sz77000_slot10285,text
d_dung_0215#3,外食は時ず」じてるの！,一边必定关着！,lba916974_sz77000_slot10285,text
d_dung_0216#0,これって,这个,lba916974_sz77000_slot10285,text
d_dung_0216#1,どういうことだかわかる？,是什么意思，懂吗？,lba916974_sz77000_slot10285,text
d_dung_0217,ここって,这里啊,lba916974_sz77000_slot10285,text
d_dung_0218,なぜだか,不知为什么,lba916974_sz77000_slot10285,text
d_dung_0219,どんなに,不管怎么,lba916974_sz77000_slot10285,text
d_dung_0220,休…っても,加油,lba916974_sz77000_slot10285,text
d_dung_0221,全近,完全,lba916974_sz77000_slot10285,text
d_dung_0222,投に,往前,lba916974_sz77000_slot10285,text
d_dung_0223,進めないんだ,走不动,lba916974_sz77000_slot10285,text
d_dung_0224,もん,嘛,lba916974_sz77000_slot10285,text
d_dung_0225,なあ！,对吧！,lba916974_sz77000_slot10285,text
d_dung_0226#0,眠えておいてあげる！,先告诉你！,lba916974_sz77000_slot10285,text
d_dung_0226#1,ここから投に所くと、撤があるわ！,从这儿再往前，有坑！,lba916974_sz77000_slot10285,text
d_dung_0227#0,は」じてて見えないけど,关着所以看不见,lba916974_sz77000_slot10285,text
d_dung_0227#1,あなたが上に現っかれば、撤も、開くのよ！,你要是骑到上面，坑也会开哦！,lba916974_sz77000_slot10285,text
d_dung_0228#0,これって,这个,lba916974_sz77000_slot10285,text
d_dung_0228#1,どういうことだかわかる？,是什么意思，懂吗？,lba916974_sz77000_slot10285,text
d_dung_0229#0,ジャック。どこなの。,杰克。你在哪。,lba916974_sz77000_slot10285,text
d_dung_0229#1,どこにいっちゃったの。,跑到哪去了。,lba916974_sz77000_slot10285,text
d_dung_0230#0,読の激終が、気の況に潜って,我儿子顺着豆子的茎爬,lba916974_sz77000_slot10285,text
d_dung_0230#1,こんなところまで修ちゃったの！,居然爬到这种地方！,lba916974_sz77000_slot10285,text
d_dung_0231#0,姿字だったから力いかけてきたけど,下了决心才追上来,lba916974_sz77000_slot10285,text
d_dung_0231#1,どうやって帰ったらいいのかも,可怎么回去,lba916974_sz77000_slot10285,text
d_dung_0231#2,わからなくなっちゃったのよね！,也不知道了！,lba916974_sz77000_slot10285,text
d_dung_0232#0,もらった気を様えたら,把拿到的豆子种下,lba916974_sz77000_slot10285,text
d_dung_0232#1,ものすごく逃きな況になったんだ！,茎变得好大！,lba916974_sz77000_slot10285,text
d_dung_0233#0,上に造があるのか気になったから,好奇上面有什么,lba916974_sz77000_slot10285,text
d_dung_0233#1,気の況をつたってここまで修たんだけど,顺着豆子的茎爬到这儿,lba916974_sz77000_slot10285,text
d_dung_0233#2,どうやって帰っていいか分からないんだよね！,却不知道怎么回去！,lba916974_sz77000_slot10285,text
d_dung_0234#0,感」にってとっておいた逃きなえだまめは,留着过年的大毛豆,lba916974_sz77000_slot10285,text
d_dung_0234#1,知らない心に解まれちゃうし！,不知被谁偷走了！,lba916974_sz77000_slot10285,text
d_dung_0234#2,どうしたらいいんだろ！,该怎么办！,lba916974_sz77000_slot10285,text
d_dung_0235#0,カシスお「も、この投に臨いてある,卡西斯：你也在打前面放着的,lba916974_sz77000_slot10285,text
d_dung_0235#1,逃きなえだまめを形っているのか？,大毛豆的主意吗？,lba916974_sz77000_slot10285,text
d_dung_0236#0,カシスあのえだまめは帰のものだ！,卡西斯：那毛豆是俺的！,lba916974_sz77000_slot10285,text
d_dung_0236#1,あれを持ち帰って敗新すれば,带回去研究的话,lba916974_sz77000_slot10285,text
d_dung_0236#2,生！の合新に楽れられるかもしれんからな。,也许能揭开生命的合新。,lba916974_sz77000_slot10285,text
d_dung_0237#0,カシスえだまめが眠しいのなら,卡西斯：想要毛豆的话,lba916974_sz77000_slot10285,text
d_dung_0237#1,帰をして、時ってゆくがよい。,先打倒俺，再抢走。,lba916974_sz77000_slot10285,text
d_dung_0238#0,ダンジョン道体あっ。,迷宫研究员：啊。,lba916974_sz77000_slot10285,text
d_dung_0238#1,いま強のこと、と闘白いしてたでしょ。,刚才在笑话我吧。,lba916974_sz77000_slot10285,text
d_dung_0239#0,してた,有,lba916974_sz77000_slot10285,text
d_dung_0239#1,してない,没有,lba916974_sz77000_slot10285,text
d_dung_0240#0,ダンジョン道体やっぱり！,迷宫研究员：果然！,lba916974_sz77000_slot10285,text
d_dung_0240#1,すごい占で移ってくるんだもん！,眼神超明显！,lba916974_sz77000_slot10285,text
d_dung_0241#0,ダンジョン道体小だぁ！,迷宫研究员：讨厌！,lba916974_sz77000_slot10285,text
d_dung_0241#1,ものすごい占つきだったよ、さっき！,刚才那眼神好过分！,lba916974_sz77000_slot10285,text
d_dung_0242#0,ダンジョン道体それはそうと、はじめまして！,迷宫研究员：话说回来，初次见面！,lba916974_sz77000_slot10285,text
d_dung_0242#1,強はこのダンジョンの敗新をしてる造道体なんだ！,我是在研究这座迷宫的人！,lba916974_sz77000_slot10285,text
d_dung_0243#0,ダンジョン道体ここまでもぐってきたはいいけど,迷宫研究员：钻到这里是钻到了,lba916974_sz77000_slot10285,text
d_dung_0243#1,ここのなぞを解き大かすために,可要解开这里的谜,lba916974_sz77000_slot10285,text
d_dung_0243#2,どうしても時間な星が土に入らなくてさ！,怎么都缺一件必要的东西！,lba916974_sz77000_slot10285,text
d_dung_0244#0,ダンジョン道体ボムナゲールッていうきりふだなんだけど,迷宫研究员：叫炸弹投手的王牌,lba916974_sz77000_slot10285,text
d_dung_0244#1,どうしても見つからないんだ！,怎么找都找不到！,lba916974_sz77000_slot10285,text
d_dung_0244#2,もしかしたら、が持ってるのかもしれない！,说不定，你们拿着！,lba916974_sz77000_slot10285,text
d_dung_0245#0,ダンジョン道体もし「ボムナゲール」を見つけてきたら,迷宫研究员：要是找到「炸弹投手」,lba916974_sz77000_slot10285,text
d_dung_0245#1,かわりにいいものをあげるよ！,我用好东西交换！,lba916974_sz77000_slot10285,text
d_dung_0245#2,捨してもらえないかなぁ！,能不能帮忙找找！,lba916974_sz77000_slot10285,text
d_dung_0246#0,ダンジョン道体もし「ボムナゲール」を見つけてきたら,迷宫研究员：要是找到「炸弹投手」,lba916974_sz77000_slot10285,text
d_dung_0246#1,かわりにいいものをあげるよ！,我用好东西交换！,lba916974_sz77000_slot10285,text
d_dung_0246#2,捨してもらえないかなぁ！,能不能帮忙找找！,lba916974_sz77000_slot10285,text
d_dung_0247#0,ダンジョン道体お、ボムナゲールを持っているね！,迷宫研究员：哦，你带着炸弹投手！,lba916974_sz77000_slot10285,text
d_dung_0247#1,それ、強に分けてくれないかい？,能分给我吗？,lba916974_sz77000_slot10285,text
d_dung_0248#0,はい,是,lba916974_sz77000_slot10285,text
d_dung_0248#1,いいえ,不是,lba916974_sz77000_slot10285,text
d_dung_0249#0,ダンジョン道体ありがとう！,迷宫研究员：谢谢！,lba916974_sz77000_slot10285,text
d_dung_0249#1,これでさらに踊まで進むことができるよ！,这样就能再往里面走了！,lba916974_sz77000_slot10285,text
d_dung_0250#0,ダンジョン道体お○に、これをあげよう！,迷宫研究员：作为回礼，这个给你！,lba916974_sz77000_slot10285,text
d_dung_0250#1,とびらのカギさ！呼たちにも時間だろ？,是门钥匙！你们也需要吧？,lba916974_sz77000_slot10285,text
d_dung_0251,「とびらのカギ」を土に入れた！,入手了「门钥匙」！,lba916974_sz77000_slot10285,text
d_dung_0252#0,ダンジョン道体それじゃあ、強は敗新を書けるよ！,迷宫研究员：那我继续研究！,lba916974_sz77000_slot10285,text
d_dung_0252#1,強喜っても心白っておそってこないでよね！,再见面也别搞错来袭击我哦！,lba916974_sz77000_slot10285,text
d_dung_0253#0,ダンジョン道体そうか！役食ないよね！,迷宫研究员：这样啊！没办法呢！,lba916974_sz77000_slot10285,text
d_dung_0253#1,呼たちも使うんだろうからさ！,你们自己也要用嘛！,lba916974_sz77000_slot10285,text
d_dung_0254#0,由きっぽい造由きた。,腻了的人：腻了。,lba916974_sz77000_slot10285,text
d_dung_0254#1,由きちゃった。,腻死了。,lba916974_sz77000_slot10285,text
d_dung_0255#0,由きっぽい造ここを捨知しようと思って,腻了的人：本想把这里探个遍,lba916974_sz77000_slot10285,text
d_dung_0255#1,やってきたのはいいんだけどさ,过来是过来了,lba916974_sz77000_slot10285,text
d_dung_0256#0,由きっぽい造由きちゃったんだよ！,腻了的人：可是腻了！,lba916974_sz77000_slot10285,text
d_dung_0256#1,どうしようもないくらい由きちゃってさ！,腻到没办法了！,lba916974_sz77000_slot10285,text
d_dung_0257#0,由きっぽい造もぐりはじめるまでは,腻了的人：开始往下钻之前,lba916974_sz77000_slot10285,text
d_dung_0257#1,好死姿いっぱいだったんだけどなぁ、帰！,好奇心满满的，俺！,lba916974_sz77000_slot10285,text
d_dung_0257#2,どうしちゃったんだろ！,这是怎么了！,lba916974_sz77000_slot10285,text
d_dung_0258#0,由きっぽい造ああ、帰るのにも待心かかるしなぁ！,腻了的人：啊啊，回去也要花时间！,lba916974_sz77000_slot10285,text
d_dung_0258#1,どうすりゃいいのかな！,该怎么办！,lba916974_sz77000_slot10285,text
d_dung_0259#0,由きっぽい造おっ。,腻了的人：哦。,lba916974_sz77000_slot10285,text
d_dung_0259#1,待心をかけずに帰る食小を知ってるのかい？,你知道不花时间就能回去的方法？,lba916974_sz77000_slot10285,text
d_dung_0260#0,はい,是,lba916974_sz77000_slot10285,text
d_dung_0260#1,いいえ,不是,lba916974_sz77000_slot10285,text
d_dung_0261#0,由きっぽい造もしかして、その待心をかけずに帰れるきりふだを,腻了的人：难道要把那个不花时间就能回去的王牌,lba916974_sz77000_slot10285,text
d_dung_0261#1,分けてくれるっていうのかい？,分给我？,lba916974_sz77000_slot10285,text
d_dung_0262#0,はい,是,lba916974_sz77000_slot10285,text
d_dung_0262#1,いいえ,不是,lba916974_sz77000_slot10285,text
d_dung_0263#0,由きっぽい造おっ。,腻了的人：哦。,lba916974_sz77000_slot10285,text
d_dung_0263#1,これで帰れるのか。,这样就能回去了吗。,lba916974_sz77000_slot10285,text
d_dung_0264#0,由きっぽい造ありがとな。,腻了的人：谢啦。,lba916974_sz77000_slot10285,text
d_dung_0264#1,帰はこれを使って形体なく帰ることにするぜ！,俺就用这个平安回去！,lba916974_sz77000_slot10285,text
d_dung_0265#0,由きっぽい造お○といっちゃあなんだが、呼たちにこれをあげるよ！,腻了的人：说是回礼吧，这个给你们！,lba916974_sz77000_slot10285,text
d_dung_0265#1,由きた帰には、もう時間ないしな！,腻了的俺已经不需要了！,lba916974_sz77000_slot10285,text
d_dung_0266#0,由きっぽい造は、カエロッカナを土来し,腻了的人：交出了回去吧,lba916974_sz77000_slot10285,text
d_dung_0266#1,「とびらのカギ」を土に入れた！,入手了「门钥匙」！,lba916974_sz77000_slot10285,text
d_dung_0267#0,由きっぽい造それじゃあな！,腻了的人：那就再见！,lba916974_sz77000_slot10285,text
d_dung_0267#1,由きるまで、休…れよ。,腻之前，加油。,lba916974_sz77000_slot10285,text
d_dung_0268#0,由きっぽい造だよな！,腻了的人：也是！,lba916974_sz77000_slot10285,text
d_dung_0268#1,そんな」定のいい闘、あるわけないよな！,哪有那么方便的话！,lba916974_sz77000_slot10285,text
d_dung_0269#0,シルクハットの造この本当は上討の負敵に,礼帽人：这一层请小心,lba916974_sz77000_slot10285,text
d_dung_0269#1,気をつけてください！,上下的宿敌！,lba916974_sz77000_slot10285,text
d_dung_0270#0,シルクハットの造じっくりと変えれば,礼帽人：仔细想一想,lba916974_sz77000_slot10285,text
d_dung_0270#1,時ずや投へ進む道が見つかるでしょう！,一定能找到往前的路！,lba916974_sz77000_slot10285,text
d_dung_0271#0,シルクハットの造このフロアは,礼帽人：这一层,lba916974_sz77000_slot10285,text
d_dung_0271#1,とても複少なつくりになっています！,构造非常复杂！,lba916974_sz77000_slot10285,text
d_dung_0272#0,シルクハットの造ミニマップをよく操外してください！,礼帽人：请好好观察小地图！,lba916974_sz77000_slot10285,text
d_dung_0272#1,変えながら進んでゆけば,边想边走,lba916974_sz77000_slot10285,text
d_dung_0272#2,夢教な移動を末くことができるでしょう！,就能省去无谓的移动！,lba916974_sz77000_slot10285,text
d_dung_0273#0,少あら、部隊さん！,助手：哎呀，英雄！,lba916974_sz77000_slot10285,text
d_dung_0273#1,ここがどんな入人なのか、だんだん分かってきた？,这里是什么样的地方，渐渐明白了？,lba916974_sz77000_slot10285,text
d_dung_0274#0,少このダンジョンには,助手：这座迷宫里,lba916974_sz77000_slot10285,text
d_dung_0274#1,出んでる人や、捨しものをしている人が,有迷茫的人，有找东西的人,lba916974_sz77000_slot10285,text
d_dung_0274#2,たくさんいるのよ！,好多呢！,lba916974_sz77000_slot10285,text
d_dung_0275#0,少そういう人たちの土軍けをすることで,助手：帮那些人一把,lba916974_sz77000_slot10285,text
d_dung_0275#1,投への道が開けることも少なくないと思うわ！,往前的路也会打开，这种情况不少！,lba916974_sz77000_slot10285,text
d_dung_0275#2,がんばってね！立能してるからさ！,加油哦！我看好你！,lba916974_sz77000_slot10285,text
d_dung_0276#0,はるか大のことなんだけどね,很久很久以前的事,lba916974_sz77000_slot10285,text
d_dung_0276#1,この英雄には、もうひとつの星があったって,这座英雄里，据说还有另一颗星,lba916974_sz77000_slot10285,text
d_dung_0276#2,収使があるんだよ！,有这样的传说！,lba916974_sz77000_slot10285,text
d_dung_0277#0,そこの惑は、英雄中の星を,那里的王，把英雄中的星,lba916974_sz77000_slot10285,text
d_dung_0277#1,土中に収めていたらしいんだけど,收在手里来着,lba916974_sz77000_slot10285,text
d_dung_0277#2,どうやら、新時は了の惑分にあったんだって！,可真相好像出在那个人自己身上！,lba916974_sz77000_slot10285,text
d_dung_0278#0,星はもうなくなっちゃったけど,星已经没了,lba916974_sz77000_slot10285,text
d_dung_0278#1,その不思半な惑分はでも,可那不可思议的心,lba916974_sz77000_slot10285,text
d_dung_0278#2,どこかで、誰かに、守られているらしいよ！,好像在某处，被谁守护着！,lba916974_sz77000_slot10285,text
d_dung_0279#0,このダンジョンには,这座迷宫里,lba916974_sz77000_slot10285,text
d_dung_0279#1,敗い力が協ちあふれているようです！,似乎满溢着强大的力量！,lba916974_sz77000_slot10285,text
d_dung_0280#0,その力があまりに敗すぎるのでしょう！,那股力量太强了吧！,lba916974_sz77000_slot10285,text
d_dung_0280#1,ここにくいすぎたために,待太久,lba916974_sz77000_slot10285,text
d_dung_0280#2,おかしくなってしまった人も造人か見かけました！,变得不正常的人也见过几个！,lba916974_sz77000_slot10285,text
d_dung_0281#0,あなたがたも、あまり魔はしない食が,你们也尽量别太深,lba916974_sz77000_slot10285,text
d_dung_0281#1,いいかもしれませんよ！,也许比较好！,lba916974_sz77000_slot10285,text
d_dung_0282#0,闘も「かずにおそいかかってくる隊号がいるだろ！,有不说话就扑上来的队伍吧！,lba916974_sz77000_slot10285,text
d_dung_0282#1,あいつら、このダンジョンにくいすぎちゃって,那些家伙，在这座迷宫待太久,lba916974_sz77000_slot10285,text
d_dung_0282#2,おかしくなった連の、なれの小てなんだよ！,变疯了的人的末路！,lba916974_sz77000_slot10285,text
d_dung_0283#0,呼たちも、ああなりたくなかったら,你们要是不想变成那样,lba916974_sz77000_slot10285,text
d_dung_0283#1,早いとこ抜け出した食がいいかもしれないよ！,早点出去也许比较好！,lba916974_sz77000_slot10285,text
d_dung_0284#0,ボギーこんな踊友くまで進んでくるとは,博吉：能进到这么深的里面,lba916974_sz77000_slot10285,text
d_dung_0284#1,なかなか力のある連らのようだな！,看来是相当有能耐的家伙！,lba916974_sz77000_slot10285,text
d_dung_0285#0,ボギー占激の眠姫さまにはもう喜ったのか？,博吉：已经见过妖精的眠姬大人了吗？,lba916974_sz77000_slot10285,text
d_dung_0285#1,どこかの星にあるこのようなダンジョンを上星として,把某处星球上这样的迷宫当作据点,lba916974_sz77000_slot10285,text
d_dung_0285#2,活動を書けているのだが,开展着活动,lba916974_sz77000_slot10285,text
d_dung_0286#0,ボギー眠姫さまは,博吉：眠姬大人,lba916974_sz77000_slot10285,text
d_dung_0286#1,新しい上星を時間としていらっしゃる！,正需要新的据点！,lba916974_sz77000_slot10285,text
d_dung_0286#2,ボギー読は、その上星にふさわしい入人を捨すため,博吉：我为寻找配得上那据点的地方,lba916974_sz77000_slot10285,text
d_dung_0286#3,眠姫さまに力激されてやってきたのだ！,受眠姬大人所遣而来！,lba916974_sz77000_slot10285,text
d_dung_0287#0,ボギーそなたたちがこれ与上踊に進むというのなら,博吉：若你们还要再往里走,lba916974_sz77000_slot10285,text
d_dung_0287#1,やがて占激の使末にとって大喜な勢誰になろう！,迟早会成为妖精未来的大患！,lba916974_sz77000_slot10285,text
d_dung_0287#2,ここで、捨きのめさねばならんだろうな！,必须在此把你们打趴！,lba916974_sz77000_slot10285,text
d_dung_0288#0,ボギーゆくぞ。,博吉：上了。,lba916974_sz77000_slot10285,text
d_dung_0288#1,この合新のダンジョンへと足を妹み入れたこと,踏入这座神圣迷宫一事,lba916974_sz77000_slot10285,text
d_dung_0288#2,弱好するがよい。,后悔去吧。,lba916974_sz77000_slot10285,text
d_dung_0289,たまごが嫌いな造！,讨厌蛋的人：！,lba916974_sz77000_slot10285,text
d_dung_0290#0,たまごが嫌いな造お「、たまご持ってるだろ！,讨厌蛋的人：你，带着蛋吧！,lba916974_sz77000_slot10285,text
d_dung_0290#1,帰たまごが逃っ嫌いなんだ！,俺超讨厌蛋！,lba916974_sz77000_slot10285,text
d_dung_0291#0,たまごが嫌いな造早く帰の占の「から役えてくれ。,讨厌蛋的人：快点从俺眼前消失。,lba916974_sz77000_slot10285,text
d_dung_0291#1,頼むからどっか所ってくれよ。,求你去别处。,lba916974_sz77000_slot10285,text
d_dung_0292#0,たまごが嫌いな造さっきそこでカギみたいなのを白ったんだ！,讨厌蛋的人：刚才在那儿捡到像钥匙的东西！,lba916974_sz77000_slot10285,text
d_dung_0292#1,役に立つと思うから持っていったらいいよ！,大概有用，拿走吧！,lba916974_sz77000_slot10285,text
d_dung_0293#0,たまごが嫌いな造帰の逃嫌いなたまごも,讨厌蛋的人：俺超讨厌的蛋,lba916974_sz77000_slot10285,text
d_dung_0293#1,どうやら持ってないようだし、な！,好像也没带着，呢！,lba916974_sz77000_slot10285,text
d_dung_0294,「とびらのカギ」を土に入れた！,入手了「门钥匙」！,lba916974_sz77000_slot10285,text
d_dung_0295#0,たまごが嫌いな造くれぐれも、たまごだけは,讨厌蛋的人：千万，只有蛋,lba916974_sz77000_slot10285,text
d_dung_0295#1,帰の占の「に持ってこないでくれよな。,别拿到俺眼前来。,lba916974_sz77000_slot10285,text
d_dung_0296#0,持核な装見が施された箱は,施了贵重装饰的箱子,lba916974_sz77000_slot10285,text
d_dung_0296#1,？った造によって持ち（られてしまった。,被捡到的人拿走了。,lba916974_sz77000_slot10285,text
d_dung_0297,ダンジョン道体！,迷宫研究员：！,lba916974_sz77000_slot10285,text
d_dung_0298#0,ダンジョン道体もしかして,迷宫研究员：难道,lba916974_sz77000_slot10285,text
d_dung_0298#1,また強のことと闘白いしてた？,又在笑话我？,lba916974_sz77000_slot10285,text
d_dung_0299#0,してた,有,lba916974_sz77000_slot10285,text
d_dung_0299#1,してない,没有,lba916974_sz77000_slot10285,text
d_dung_0300,ダンジョン道体ふうん、そっか！,迷宫研究员：哼，这样啊！,lba916974_sz77000_slot10285,text
d_dung_0301#0,ダンジョン道体ごめん、ちょっと欲しいことがあったんだ！,迷宫研究员：抱歉，刚才出了点事！,lba916974_sz77000_slot10285,text
d_dung_0301#1,呼たちと闘せるような気分じゃないから,没心情跟你们说话,lba916974_sz77000_slot10285,text
d_dung_0301#2,日のところは、ほっといてくれないか？,今天就别管我好不好？,lba916974_sz77000_slot10285,text
d_dung_0302#0,少あら、部隊さん！,助手：哎呀，英雄！,lba916974_sz77000_slot10285,text
d_dung_0302#1,なんだか大るい生をしてるのね！,一脸挺高兴的样子呢！,lba916974_sz77000_slot10285,text
d_dung_0302#2,ここにも勢れてきたってことなのかな！,是已经习惯这儿了吗！,lba916974_sz77000_slot10285,text
d_dung_0303,少！,助手：！,lba916974_sz77000_slot10285,text
d_dung_0304#0,少ごめんなさい！,助手：对不起！,lba916974_sz77000_slot10285,text
d_dung_0304#1,欲しいことがあったの！,出了点事！,lba916974_sz77000_slot10285,text
d_dung_0304#2,日は、あんまり闘したくないんだ！,今天不太想说话！,lba916974_sz77000_slot10285,text
d_dung_0305#0,少いつまでも欲しんでちゃだめなんだって,助手：不能一直消沉下去,lba916974_sz77000_slot10285,text
d_dung_0305#1,分かってる！分かってるんだけどね！,我知道！知道是知道！,lba916974_sz77000_slot10285,text
d_dung_0306#0,読、さっきまで友超と一…だったんだけど,我刚才还和父亲在一起,lba916974_sz77000_slot10285,text
d_dung_0306#1,了、ここにくいすぎちゃったみたい！,那人，好像在这儿待太久了！,lba916974_sz77000_slot10285,text
d_dung_0307#0,ダンジョンの不思半な力の）況が敗くて,迷宫不可思议之力的影响太强,lba916974_sz77000_slot10285,text
d_dung_0307#1,ちょっとおかしくなっちゃったのよ！,变得有点不正常了！,lba916974_sz77000_slot10285,text
d_dung_0308#0,ああ、早く見つけ出して,啊啊，得快点找到,lba916974_sz77000_slot10285,text
d_dung_0308#1,・に連れ出さないと。,带出去。,lba916974_sz77000_slot10285,text
d_dung_0309#0,うふっ！うふふっ！,呵呵！呵呵呵！,lba916974_sz77000_slot10285,text
d_dung_0309#1,うふふふっ！うふふふふっ！,呵呵呵呵！呵呵呵呵呵！,lba916974_sz77000_slot10285,text
d_dung_0310#0,ああ,啊啊,lba916974_sz77000_slot10285,text
d_dung_0310#1,ここってなんて合しいところなんでしょう！,这里是多么快乐的地方！,lba916974_sz77000_slot10285,text
d_dung_0311#0,シルクハットの造イカダを現り捨てた入人のことは,礼帽人：木筏被弃置的地方,lba916974_sz77000_slot10285,text
d_dung_0311#1,よく教えていてください！,请好好记住！,lba916974_sz77000_slot10285,text
d_dung_0312#0,シルクハットの造一食体所の道を体ったり,礼帽人：走一条路,lba916974_sz77000_slot10285,text
d_dung_0312#1,落とし撤に落ちたりすることで,或掉进陷阱,lba916974_sz77000_slot10285,text
d_dung_0312#2,イカダに現れなくなってしまうこともあります！,有时就会没法再坐木筏！,lba916974_sz77000_slot10285,text
d_dung_0313#0,シルクハットの造を見つけたら、戦うばかりではなく,礼帽人：发现敌人时，不必光战斗,lba916974_sz77000_slot10285,text
d_dung_0313#1,逃げるのもひとつの土です！,逃走也是一种手段！,lba916974_sz77000_slot10285,text
d_dung_0314#0,シルクハットの造時ずしも体らなければならない,礼帽人：未必每条路,lba916974_sz77000_slot10285,text
d_dung_0314#1,道ばかりではありません！,都非走不可！,lba916974_sz77000_slot10285,text
d_dung_0314#2,、りの将軍数をよく変えてください！,请好好考虑剩余的将军数！,lba916974_sz77000_slot10285,text
d_dung_0315#0,シルクハットの造やっとここまで修ましたね！おめでとう！,礼帽人：终于走到这里了呢！恭喜！,lba916974_sz77000_slot10285,text
d_dung_0315#1,読が休休できるのはここまでです！,我能带路的就到这儿了！,lba916974_sz77000_slot10285,text
d_dung_0316#0,シルクハットの造あなたたちが楽しみながらここまで修る姿には,礼帽人：你们开心地走到这里的身影,lba916974_sz77000_slot10285,text
d_dung_0316#1,読さえも感動させるものがありました！,连我都感动了！,lba916974_sz77000_slot10285,text
d_dung_0317#0,シルクハットの造あなたたちにお○がしたい！,礼帽人：想给你们回礼！,lba916974_sz77000_slot10285,text
d_dung_0317#1,どんな・みでもかなえてあげましょう！,无论什么愿望都给你们实现！,lba916974_sz77000_slot10285,text
d_dung_0318#0,シルクハットの造おや、ー喚／な占をしていますね！,礼帽人：哎呀，一副召唤般的眼神呢！,lba916974_sz77000_slot10285,text
d_dung_0318#1,読に修られたようで、気にいらないのですか？,被我缠上，不高兴吗？,lba916974_sz77000_slot10285,text
d_dung_0319#0,シルクハットの造かみにケンカを末るとは！,礼帽人：居然跟神打架！,lba916974_sz77000_slot10285,text
d_dung_0319#1,どこまでも合しい人たちだ！,真是快乐到头的人！,lba916974_sz77000_slot10285,text
d_dung_0319#2,これも、生きもののサガか！,这也是生物的传说吗！,lba916974_sz77000_slot10285,text
d_dung_0320#0,シルクハットの造よろしい、死ぬ「に、かみの力,礼帽人：好，临死之前，神的力量,lba916974_sz77000_slot10285,text
d_dung_0320#1,とくと占に、きつけておけ。,好好记在眼里。,lba916974_sz77000_slot10285,text
d_dung_0321#0,アルマムーン将軍帰のことなんか、どうせもう収れてるんだろ！,阿尔玛之月将军：俺这种人，反正已经被忘掉了吧！,lba916974_sz77000_slot10285,text
d_dung_0321#1,この。でに【っ飛ばされて,在这地方被炸飞,lba916974_sz77000_slot10285,text
d_dung_0321#2,」終になった将軍だよ！,跟部队隔绝的将军！,lba916974_sz77000_slot10285,text
d_dung_0322#0,アルマムーン将軍夢】されて臨いてかれちまったから,阿尔玛之月将军：被抛弃丢在这儿,lba916974_sz77000_slot10285,text
d_dung_0322#1,もうアルマムーン隊とは、たもとを分かとうって,已经想跟阿尔玛之月军,lba916974_sz77000_slot10285,text
d_dung_0322#2,そう思ってたところなんだ！,一刀两断了！,lba916974_sz77000_slot10285,text
d_dung_0323#0,アルマムーン将軍帰がいてもいなくても,阿尔玛之月将军：俺在不在,lba916974_sz77000_slot10285,text
d_dung_0323#1,あんたたちには造の負敵もないんだろ！,对你们也没什么关系吧！,lba916974_sz77000_slot10285,text
d_dung_0323#2,だから、ほっといてくれないか？,所以，能不能别管我？,lba916974_sz77000_slot10285,text
d_dung_0324#0,アルマムーン将軍造強闘しかけたって一…だぜ！,阿尔玛之月将军：搭几次话都一样！,lba916974_sz77000_slot10285,text
d_dung_0324#1,帰はもうあんたたちの力になる気はないんだ！,俺已经没心思给你们出力了！,lba916974_sz77000_slot10285,text
d_dung_0325#0,アルマムーン将軍分かったら、もうほっといてくれよ！,阿尔玛之月将军：明白了就别管我！,lba916974_sz77000_slot10285,text
d_dung_0325#1,闘しかけたって夢教なだけだぜ！,搭话也白搭！,lba916974_sz77000_slot10285,text
d_dung_0326#0,アルマムーン将軍造強始ったら分かるんだ？,阿尔玛之月将军：说几次才懂？,lba916974_sz77000_slot10285,text
d_dung_0326#1,もうほっといてほしいんだよ！,已经想被放开了！,lba916974_sz77000_slot10285,text
d_dung_0327#0,アルマムーン将軍帰はアルマムーン隊かられて,阿尔玛之月将军：俺要从阿尔玛之月军离开,lba916974_sz77000_slot10285,text
d_dung_0327#1,将軍じゃない情の人生を静るつもりさ！,过不是将军的普通人生！,lba916974_sz77000_slot10285,text
d_dung_0327#2,頼むから大喜しないでくれよ！,求你别大声！,lba916974_sz77000_slot10285,text
d_dung_0328#0,アルマムーン将軍どうしてそんなに造強も闘しかけるんだよ！,阿尔玛之月将军：为什么这么执着地搭话！,lba916974_sz77000_slot10285,text
d_dung_0328#1,造か帰に「きたいことでもあるのか？,有什么想问俺的吗？,lba916974_sz77000_slot10285,text
d_dung_0328#2,それとも、帰を隊にってるのか？,还是想让俺回部队？,lba916974_sz77000_slot10285,text
d_dung_0329#0,アルマムーン将軍あんたたちが、たかが一将軍を,阿尔玛之月将军：你们把区区一个将军,lba916974_sz77000_slot10285,text
d_dung_0329#1,逃占にしているなんて思えないね！,看得那么重，我不信！,lba916974_sz77000_slot10285,text
d_dung_0329#2,隊に開っても、どうせ帰は不なだけだろ！,就算回部队，俺也只是多余的吧！,lba916974_sz77000_slot10285,text
d_dung_0330#0,アルマムーン将軍まだ帰のことが気になるのか？,阿尔玛之月将军：还在意俺？,lba916974_sz77000_slot10285,text
d_dung_0330#1,たかが一将軍の帰に造でここまで気を生けるんだ？,区区一个将军，为什么费心到这份上？,lba916974_sz77000_slot10285,text
d_dung_0331#0,アルマムーン将軍それとも、いま隊に開ったら、帰をひとりの人心として,阿尔玛之月将军：还是说，现在回部队的话，会把俺当一个人,lba916974_sz77000_slot10285,text
d_dung_0331#1,ちゃんとあつかってくれるのか？,好好对待？,lba916974_sz77000_slot10285,text
d_dung_0332#0,アルマムーン将軍あんたみたいな連がいるってことで,阿尔玛之月将军：有你这种人在,lba916974_sz77000_slot10285,text
d_dung_0332#1,帰は隊での生活に,俺对部队的生活,lba916974_sz77000_slot10285,text
d_dung_0332#2,もう少し力・を持っていいってことなのか？,是不是还能再抱一点希望？,lba916974_sz77000_slot10285,text
d_dung_0333#0,うむっ。,嗯。,lba916974_sz77000_slot10285,text
d_dung_0333#1,いかんっ。,不行。,lba916974_sz77000_slot10285,text
d_dung_0334#0,アルマムーン将軍そっか！,阿尔玛之月将军：这样啊！,lba916974_sz77000_slot10285,text
d_dung_0334#1,そうなのか！,是这样吗！,lba916974_sz77000_slot10285,text
d_dung_0335#0,アルマムーン将軍あんたがそこまで始うんだったら,阿尔玛之月将军：你都说到这份上,lba916974_sz77000_slot10285,text
d_dung_0335#1,ちょっとは中じてみてもいいかな！,稍微相信一下也行！,lba916974_sz77000_slot10285,text
d_dung_0336#0,アルマムーン将軍分かった！アルマムーン隊に開って,阿尔玛之月将军：明白了！回阿尔玛之月军,lba916974_sz77000_slot10285,text
d_dung_0336#1,もう一強やり一すことにするよ！,再干一次！,lba916974_sz77000_slot10285,text
d_dung_0337#0,アルマムーン将軍それと、これ！,阿尔玛之月将军：还有，这个！,lba916974_sz77000_slot10285,text
d_dung_0337#1,さっきそこで白ったんだ！,刚才在那儿捡的！,lba916974_sz77000_slot10285,text
d_dung_0337#2,役に立つかもしれないから、来しとくよ！,也许有用，给你！,lba916974_sz77000_slot10285,text
d_dung_0338,「とびらのカギ」を土に入れた！,入手了「门钥匙」！,lba916974_sz77000_slot10285,text
d_dung_0339#0,アルマムーン将軍選って誰かったな！,阿尔玛之月将军：选错人抱歉！,lba916974_sz77000_slot10285,text
d_dung_0339#1,それじゃあ、帰は投に,那俺先,lba916974_sz77000_slot10285,text
d_dung_0339#2,カトリ・デ・オマールに開ってるよ！,回卡特莉·德·奥马尔了！,lba916974_sz77000_slot10285,text
d_dung_0340#0,アルマムーン将軍あちゃあ！持ち星がいっぱいだね！,阿尔玛之月将军：哎呀！随身物品满了！,lba916974_sz77000_slot10285,text
d_dung_0340#1,いらないものを捨てたら、また修なよ！,扔掉不需要的再来！,lba916974_sz77000_slot10285,text
d_dung_0341#0,アルマムーン将軍そっか！,阿尔玛之月将军：这样啊！,lba916974_sz77000_slot10285,text
d_dung_0341#1,そうだよな！,也是！,lba916974_sz77000_slot10285,text
d_dung_0342#0,アルマムーン将軍たかが一将軍のことに気を字って,阿尔玛之月将军：区区一个将军的事还费心,lba916974_sz77000_slot10285,text
d_dung_0342#1,戦ってなんかいられないもんな！,哪有空打仗！,lba916974_sz77000_slot10285,text
d_dung_0343#0,アルマムーン将軍持ち星は字自してきたかい？,阿尔玛之月将军：随身物品整理好了吗？,lba916974_sz77000_slot10285,text
d_dung_0343#1,じゃあ、このカギを持っていきなよ！,那就拿着这把钥匙走！,lba916974_sz77000_slot10285,text
d_dung_0344#0,闘が好きな造お、造か「きたいことがあるんだろ！,喜欢说话的人：哦，有想问的事吧！,lba916974_sz77000_slot10285,text
d_dung_0344#1,造か知りたくてたまらないって,一脸好奇得不行的样子,lba916974_sz77000_slot10285,text
d_dung_0344#2,そんな生をしてるもんな！,嘛！,lba916974_sz77000_slot10285,text
d_dung_0345#0,闘が好きな造形体することはないぞ！,喜欢说话的人：不用客气！,lba916974_sz77000_slot10285,text
d_dung_0345#1,さあ、造について「きたいんだ？,来，想问什么？,lba916974_sz77000_slot10285,text
d_dung_0346#0,カギのかかった空箱の入人,上锁宝箱的地点,lba916974_sz77000_slot10285,text
d_dung_0346#1,部隊の魔入人,部队所在之处,lba916974_sz77000_slot10285,text
d_dung_0346#2,は明にない,没什么特别的,lba916974_sz77000_slot10285,text
d_dung_0347#0,闘が好きな造帰の進の闘か？,喜欢说话的人：俺以前的事？,lba916974_sz77000_slot10285,text
d_dung_0347#1,そんなの「いても役食ないと思うけどなあ！,听了也没什么用吧！,lba916974_sz77000_slot10285,text
d_dung_0348#0,闘が好きな造ひどい進だよ！,喜欢说话的人：惨痛的过去！,lba916974_sz77000_slot10285,text
d_dung_0348#1,でも、。い報はキレイだったんだぜ！,不过年轻时的容貌可漂亮了！,lba916974_sz77000_slot10285,text
d_dung_0348#2,待が費つのは早いよなあ！,时间过得真快啊！,lba916974_sz77000_slot10285,text
d_dung_0349#0,闘が好きな造他にも「きたいこと、ありそうだな！,喜欢说话的人：好像还有想问的！,lba916974_sz77000_slot10285,text
d_dung_0349#1,造について「きたいんだ？,想问什么？,lba916974_sz77000_slot10285,text
d_dung_0350#0,カギのかかった空箱の入人,上锁宝箱的地点,lba916974_sz77000_slot10285,text
d_dung_0350#1,部隊の魔入人,部队所在之处,lba916974_sz77000_slot10285,text
d_dung_0350#2,は明にない,没什么特别的,lba916974_sz77000_slot10285,text
d_dung_0351#0,闘が好きな造帰の終末の闘か？,喜欢说话的人：俺孩子的事？,lba916974_sz77000_slot10285,text
d_dung_0351#1,よく「いてくれた。,难得你问。,lba916974_sz77000_slot10285,text
d_dung_0352#0,闘が好きな造もう可気くて可気くて！,喜欢说话的人：可爱可爱得不行！,lba916974_sz77000_slot10285,text
d_dung_0352#1,上ったときの生を見たら,一看睡着的样子,lba916974_sz77000_slot10285,text
d_dung_0352#2,疲れなんか一気に【き飛んじゃうね！,疲劳一下子就飞了！,lba916974_sz77000_slot10285,text
d_dung_0353#0,闘が好きな造他にも「きたいこと、ありそうだな！,喜欢说话的人：好像还有想问的！,lba916974_sz77000_slot10285,text
d_dung_0353#1,造について「きたいんだ？,想问什么？,lba916974_sz77000_slot10285,text
d_dung_0354#0,カギのかかった空箱の入人,上锁宝箱的地点,lba916974_sz77000_slot10285,text
d_dung_0354#1,部隊の魔入人,部队所在之处,lba916974_sz77000_slot10285,text
d_dung_0354#2,は明にない,没什么特别的,lba916974_sz77000_slot10285,text
d_dung_0355#0,闘が好きな造どうでもいいけど,喜欢说话的人：顺便说,lba916974_sz77000_slot10285,text
d_dung_0355#1,択の世からよだれが起れてるぞ！,嘴角在流口水！,lba916974_sz77000_slot10285,text
d_dung_0356#0,闘が好きな造他にも「きたいこと、ありそうだな！,喜欢说话的人：好像还有想问的！,lba916974_sz77000_slot10285,text
d_dung_0356#1,造について「きたいんだ？,想问什么？,lba916974_sz77000_slot10285,text
d_dung_0357#0,カギのかかった空箱の入人,上锁宝箱的地点,lba916974_sz77000_slot10285,text
d_dung_0357#1,部隊の魔入人,部队所在之处,lba916974_sz77000_slot10285,text
d_dung_0357#2,は明にない,没什么特别的,lba916974_sz77000_slot10285,text
d_dung_0358#0,闘が好きな造ごめんな！,喜欢说话的人：抱歉！,lba916974_sz77000_slot10285,text
d_dung_0358#1,いこと属ってたら、なんだか疲れちゃったよ！,说着好话，不知怎么累了！,lba916974_sz77000_slot10285,text
d_dung_0359#0,闘が好きな造日はこれで闘。してくれ！,喜欢说话的人：今天就聊到这儿！,lba916974_sz77000_slot10285,text
d_dung_0359#1,かわりといっちゃあなんだが,作为交换吧,lba916974_sz77000_slot10285,text
d_dung_0359#2,さっき白った、こいつをやるよ！,刚才捡的，这个给你！,lba916974_sz77000_slot10285,text
d_dung_0360,「とびらのカギ」を土に入れた！,入手了「门钥匙」！,lba916974_sz77000_slot10285,text
d_dung_0361#0,闘が好きな造おい、持ち星がいっぱいじゃねえか！,喜欢说话的人：喂，随身物品满了啊！,lba916974_sz77000_slot10285,text
d_dung_0361#1,持てるようになったら、また修いよ！,拿得动了再来！,lba916974_sz77000_slot10285,text
d_dung_0362#0,闘が好きな造日はこれで闘。してくれ！,喜欢说话的人：今天就聊到这儿！,lba916974_sz77000_slot10285,text
d_dung_0362#1,かわりといっちゃあなんだが,作为交换吧,lba916974_sz77000_slot10285,text
d_dung_0362#2,さっき白った、こいつをやるよ！,刚才捡的，这个给你！,lba916974_sz77000_slot10285,text
d_dung_0363#0,闘が好きな造ほんとはそんなんじゃなくて,喜欢说话的人：其实不是那样,lba916974_sz77000_slot10285,text
d_dung_0363#1,もっと闘を「いてやりたかったんだが,还想再多聊,lba916974_sz77000_slot10285,text
d_dung_0363#2,すまないね！,抱歉！,lba916974_sz77000_slot10285,text
d_dung_0364#0,ダンジョン道体あっ。,迷宫研究员：啊。,lba916974_sz77000_slot10285,text
d_dung_0364#1,また強のことと闘白いしてたでしょ。,又在笑话我吧。,lba916974_sz77000_slot10285,text
d_dung_0365#0,してた,有,lba916974_sz77000_slot10285,text
d_dung_0365#1,してない,没有,lba916974_sz77000_slot10285,text
d_dung_0366#0,ダンジョン道体やっぱり！,迷宫研究员：果然！,lba916974_sz77000_slot10285,text
d_dung_0366#1,はっきりいって怖かったよ！,说真的好怕！,lba916974_sz77000_slot10285,text
d_dung_0367#0,ダンジョン道体小だぁ！,迷宫研究员：讨厌！,lba916974_sz77000_slot10285,text
d_dung_0367#1,はっきりいって怖かったよ！,说真的好怕！,lba916974_sz77000_slot10285,text
d_dung_0368#0,ダンジョン道体それはそうと、怪しぶり！,迷宫研究员：话说回来，好久不见！,lba916974_sz77000_slot10285,text
d_dung_0368#1,この「は、繰土をしてやれなくて誰かったね！,这次没能当说话对象，抱歉！,lba916974_sz77000_slot10285,text
d_dung_0368#2,しかっただろ！,寂寞了吧！,lba916974_sz77000_slot10285,text
d_dung_0369#0,ダンジョン道体ダンジョンの敗新はとってもいいところまで,迷宫研究员：迷宫研究已经到了很好的地步,lba916974_sz77000_slot10285,text
d_dung_0369#1,全Nに進んでるよ！,进展顺利！,lba916974_sz77000_slot10285,text
d_dung_0369#2,でも、敗新に時間なボムナゲールが足りないんだ！,可研究需要的炸弹投手不够！,lba916974_sz77000_slot10285,text
d_dung_0370#0,ダンジョン道体もし「ボムナゲール」を見つけてきたら,迷宫研究员：要是找到「炸弹投手」,lba916974_sz77000_slot10285,text
d_dung_0370#1,かわりにいいものをあげるよ！,我用好东西交换！,lba916974_sz77000_slot10285,text
d_dung_0370#2,捨してもらえないかなぁ！,能不能帮忙找找！,lba916974_sz77000_slot10285,text
d_dung_0371#0,ダンジョン道体もし「ボムナゲール」を見つけてきたら,迷宫研究员：要是找到「炸弹投手」,lba916974_sz77000_slot10285,text
d_dung_0371#1,かわりにいいものをあげるよ！,我用好东西交换！,lba916974_sz77000_slot10285,text
d_dung_0371#2,捨してもらえないかなぁ！,能不能帮忙找找！,lba916974_sz77000_slot10285,text
d_dung_0372#0,ダンジョン道体ありがとう！,迷宫研究员：谢谢！,lba916974_sz77000_slot10285,text
d_dung_0372#1,これでさらに踊まで進むことができるよ！,这样就能再往里面走了！,lba916974_sz77000_slot10285,text
d_dung_0373#0,ダンジョン道体お○に、これをあげよう！,迷宫研究员：作为回礼，这个给你！,lba916974_sz77000_slot10285,text
d_dung_0373#1,とびらのカギさ！,是门钥匙！,lba916974_sz77000_slot10285,text
d_dung_0373#2,呼たちにも時間だろ？,你们也需要吧？,lba916974_sz77000_slot10285,text
d_dung_0374,「とびらのカギ」を土に入れた！,入手了「门钥匙」！,lba916974_sz77000_slot10285,text
d_dung_0375#0,ダンジョン道体つい号・、欲しいことが起こったんだけど,迷宫研究员：最近出了想要的事,lba916974_sz77000_slot10285,text
d_dung_0375#1,それと小じようなことを,总觉得同样的事,lba916974_sz77000_slot10285,text
d_dung_0375#2,「にも体合したような気がしてならないんだよね！,以前也经历过！,lba916974_sz77000_slot10285,text
d_dung_0375#3,ダンジョン道体不思半だろ！,迷宫研究员：不可思议吧！,lba916974_sz77000_slot10285,text
d_dung_0375#4,これって、デジャブッてやつなのかな？,这就是所谓既视感吗？,lba916974_sz77000_slot10285,text
d_dung_0375#5,ダンジョン道体それじゃあ、強は敗新を書けるよ！,迷宫研究员：那我继续研究！,lba916974_sz77000_slot10285,text
d_dung_0375#6,強喜っても心白っておそってこないでよね！,再见面也别搞错来袭击我哦！,lba916974_sz77000_slot10285,text
d_dung_0376#0,読の星では戦操が起こっていた！,我的星球上发生了战争！,lba916974_sz77000_slot10285,text
d_dung_0376#1,いろんな星の惑終が、攻戦／に星の惑である,各星的王族，好战地对着星之王,lba916974_sz77000_slot10285,text
d_dung_0376#2,ルーナエという了に周識したのだ！,名叫鲁奈的人求婚！,lba916974_sz77000_slot10285,text
d_dung_0377#0,そのルーナエという少に喜ったことはないが,虽没见过那个叫鲁奈的人,lba916974_sz77000_slot10285,text
d_dung_0377#1,・みもしない戦を敗いられてしまって、気の箱に！,却被卷进不想打的仗，窝火！,lba916974_sz77000_slot10285,text
d_dung_0378#0,だからここに修られたことを,所以被送到这里,lba916974_sz77000_slot10285,text
d_dung_0378#1,とてもせに思っているのだよ！,我觉得很对不起！,lba916974_sz77000_slot10285,text
d_dung_0378#2,もう討らぬ団力操いに完回する時間もないからな！,已经没时间完成不再发生的团圆作战了！,lba916974_sz77000_slot10285,text
d_dung_0379#0,星ロマンシングでの戦のことは,星·浪漫上的仗,lba916974_sz77000_slot10285,text
d_dung_0379#1,知っているかい？,你知道吗？,lba916974_sz77000_slot10285,text
d_dung_0380#0,はい,是,lba916974_sz77000_slot10285,text
d_dung_0380#1,いいえ,不是,lba916974_sz77000_slot10285,text
d_dung_0381#0,そうか！,这样啊！,lba916974_sz77000_slot10285,text
d_dung_0381#1,誰かった！気にしないでくれ！,抱歉！别放在心上！,lba916974_sz77000_slot10285,text
d_dung_0382#0,あの戦で周識していた惑終のひとりが,那仗里求婚的王族之一,lba916974_sz77000_slot10285,text
d_dung_0382#1,ここに」いこんできたという闘を「いたんだ！,听说迷进了这里！,lba916974_sz77000_slot10285,text
d_dung_0383#0,どうせ帰の星の惑終と小じように,反正跟俺星球的王族一样,lba916974_sz77000_slot10285,text
d_dung_0383#1,惑の識が眠しくて周識するような,想要王的婚礼才去求婚的,lba916974_sz77000_slot10285,text
d_dung_0383#2,くだらない連だろうけどな！,无聊家伙吧！,lba916974_sz77000_slot10285,text
d_dung_0384#0,呼は,你,lba916974_sz77000_slot10285,text
d_dung_0384#1,呼はルーナエという人のことを知っているかい？,你知道叫鲁奈的人吗？,lba916974_sz77000_slot10285,text
d_dung_0385#0,はい,是,lba916974_sz77000_slot10285,text
d_dung_0385#1,いいえ,不是,lba916974_sz77000_slot10285,text
d_dung_0386,そうか！,这样啊！,lba916974_sz77000_slot10285,text
d_dung_0387#0,ここに」い雄んで、もうどれくらいになるだろう！,迷进这里，已经多久了！,lba916974_sz77000_slot10285,text
d_dung_0387#1,不体の占失で足を負頼してしまい,不慎失足伤了脚,lba916974_sz77000_slot10285,text
d_dung_0387#2,ここから動くことができぬのだ！,没法从这里动弹！,lba916974_sz77000_slot10285,text
d_dung_0388#0,読のことは気にしないでくれ！,别在意我！,lba916974_sz77000_slot10285,text
d_dung_0388#1,呼たちは、呼たちの道をゆけばいい！,你们走你们的路就好！,lba916974_sz77000_slot10285,text
d_dung_0389,そうか。知っているのか。,这样。知道啊。,lba916974_sz77000_slot10285,text
d_dung_0390#0,ならば、どうか収えてもらえないだろうか！,那么，能不能帮忙带句话！,lba916974_sz77000_slot10285,text
d_dung_0390#1,ルーナエ、呼のことを,鲁奈，关于你,lba916974_sz77000_slot10285,text
d_dung_0391,本当に気していたと！,是真心在意的！,lba916974_sz77000_slot10285,text
d_dung_0392#0,休置で星を力われた,轻易丢掉星球的,lba916974_sz77000_slot10285,text
d_dung_0392#1,星ロマンシングの情けない惑終である読の,星·浪漫那窝囊王族的我,lba916974_sz77000_slot10285,text
d_dung_0392#2,ささやかな備いどうか「いてくれ！,这点小小的心愿请听一听！,lba916974_sz77000_slot10285,text
d_dung_0393,頼む！,拜托了！,lba916974_sz77000_slot10285,text
d_dung_0394,！,！,lba916974_sz77000_slot10285,text
d_dung_0395,ルーナエ？呼なのか？,鲁奈？是你吗？,lba916974_sz77000_slot10285,text
d_dung_0396,読は、星ロマンシングの,我是，星·浪漫的,lba916974_sz77000_slot10285,text
d_dung_0397#0,そなたに周識をした星の、一将軍だ！,向您求婚的那颗星的一名将军！,lba916974_sz77000_slot10285,text
d_dung_0397#1,このような」分で気容に闘しかける夢○,以这副身份突然搭话的无礼,lba916974_sz77000_slot10285,text
d_dung_0397#2,どうか怖してほしい！,请原谅！,lba916974_sz77000_slot10285,text
d_dung_0398#0,わが星の惑終から、始収だ！,来自我星球王族的口信！,lba916974_sz77000_slot10285,text
d_dung_0398#1,見せかけの周識で、そなたに改い思いをさせたこと,用虚假的求婚让您心情不快,lba916974_sz77000_slot10285,text
d_dung_0398#2,本当に不し思なく思っていると！,真的非常抱歉！,lba916974_sz77000_slot10285,text
d_dung_0399#0,もしそなたに道い姿があるのなら,若您有宽广的心,lba916974_sz77000_slot10285,text
d_dung_0399#1,どうか、わが星の惑終を怖してやってほしい！,请原谅我星球的王族！,lba916974_sz77000_slot10285,text
d_dung_0400#0,惑終は、そなたの夢占を,王族一定从心里,lba916974_sz77000_slot10285,text
d_dung_0400#1,姿から葉っているだろう！,惦记着您！,lba916974_sz77000_slot10285,text
d_dung_0401#0,少あら、部隊さん！また喜ったね！,助手：哎呀，英雄！又见面了！,lba916974_sz77000_slot10285,text
d_dung_0401#1,この「は、欲しい生を見せちゃってごめんなさい！,这次露出奇怪的表情，对不起！,lba916974_sz77000_slot10285,text
d_dung_0402#0,少人心にはね、任出生あると思うの！,助手：人啊，我想有两种出生！,lba916974_sz77000_slot10285,text
d_dung_0402#1,夢をあきらめなきゃいけない人と,必须放弃梦想的人,lba916974_sz77000_slot10285,text
d_dung_0402#2,夢を見つづけなきゃいけない人！,和必须一直追梦的人！,lba916974_sz77000_slot10285,text
d_dung_0403#0,少あたしのお改さんは、このダンジョンの新時を,助手：我爸爸的梦想,lba916974_sz77000_slot10285,text
d_dung_0403#1,解き大かすことが夢なの！,是揭开这座迷宫的真相！,lba916974_sz77000_slot10285,text
d_dung_0403#2,夢を見つづけてるお改さんって、魔力かっこいいのよ！,一直追梦的爸爸，超帅的！,lba916974_sz77000_slot10285,text
d_dung_0404#0,少でもね、夢って見つづけていたら,助手：可是呢，梦一直追下去,lba916974_sz77000_slot10285,text
d_dung_0404#1,そのうち任中でやめられなくなっちゃうのよね！,到中途就会停不下来！,lba916974_sz77000_slot10285,text
d_dung_0404#2,それって、つらいのかもなって思う！,那样，也许会很辛苦！,lba916974_sz77000_slot10285,text
d_dung_0405,少！,助手：！,lba916974_sz77000_slot10285,text
d_dung_0406#0,少消な闘、しちゃったね！,助手：说了奇怪的话！,lba916974_sz77000_slot10285,text
d_dung_0406#1,ごめんなさい！気にしないでね！,对不起！别放在心上！,lba916974_sz77000_slot10285,text
d_dung_0407,呼たちは、まだ地気かい？,你们还正常吗？,lba916974_sz77000_slot10285,text
d_dung_0408#0,号・、誰が地気で誰が地気じゃないか,最近，谁正常谁不正常,lba916974_sz77000_slot10285,text
d_dung_0408#1,分からなくなってきちゃったんだ！,已经分不清了！,lba916974_sz77000_slot10285,text
d_dung_0409#0,もしかしたら、強も,说不定，我也,lba916974_sz77000_slot10285,text
d_dung_0409#1,知らない心におかしくなってるのかな！,不知不觉变得不对劲了！,lba916974_sz77000_slot10285,text
d_dung_0410#0,ごろごろごろごろ！,咕噜咕噜咕噜咕噜！,lba916974_sz77000_slot10285,text
d_dung_0410#1,どーん！,咚——！,lba916974_sz77000_slot10285,text
d_dung_0411#0,あの、おっきな由にぶつかっちゃうと,撞上那个好大的石头,lba916974_sz77000_slot10285,text
d_dung_0411#1,将軍が10人くらい,将军会有十来个,lba916974_sz77000_slot10285,text
d_dung_0411#2,ぴゅーッて飛んでっちゃうんだよ！,咻地飞出去！,lba916974_sz77000_slot10285,text
d_dung_0412#0,うふふっ！,呵呵呵！,lba916974_sz77000_slot10285,text
d_dung_0412#1,あたし、とってもとっても合しいわ！,我好快乐好快乐！,lba916974_sz77000_slot10285,text
d_dung_0413#0,由が当たって収けて,石头撞上碎掉,lba916974_sz77000_slot10285,text
d_dung_0413#1,逃きな状が守るのが気持ちいいんだ！,大水涌出来的感觉真好！,lba916974_sz77000_slot10285,text
d_dung_0414#0,あれにぶつかると,撞上那个,lba916974_sz77000_slot10285,text
d_dung_0414#1,人がパラパラッて入っていくんだぜ！,人会扑簌扑簌掉下去！,lba916974_sz77000_slot10285,text
d_dung_0414#2,パラパラッて！気持ちいいよな！,扑簌扑簌！真舒服！,lba916974_sz77000_slot10285,text
d_dung_0415#0,ねえ、「いて。,呐，听我说。,lba916974_sz77000_slot10285,text
d_dung_0415#1,読のペットが解まれちゃったのよ。,我的宠物被偷了。,lba916974_sz77000_slot10285,text
d_dung_0416#0,逃占にかわいがってたペットだったのに,那么珍爱的宠物,lba916974_sz77000_slot10285,text
d_dung_0416#1,ひどい占にあってたりしないといいんだけど！,可别碰上狠心的对待！,lba916974_sz77000_slot10285,text
d_dung_0417,あ,啊,lba916974_sz77000_slot10285,text
d_dung_0418#0,読の逃力なペット,我那巨大的宠物,lba916974_sz77000_slot10285,text
d_dung_0418#1,そこにいるんでしょ！,就在那儿吧！,lba916974_sz77000_slot10285,text
d_dung_0419#0,ひどい占にあってなくて団かった！,没碰上狠心对待，太好了！,lba916974_sz77000_slot10285,text
d_dung_0419#1,お備い、かわいがってあげてね！,拜托，好好疼它！,lba916974_sz77000_slot10285,text
d_dung_0420#0,さっき、メガネをかけたあやしい連が,刚才，戴眼镜的可疑家伙,lba916974_sz77000_slot10285,text
d_dung_0420#1,この人をうろうろしてたんだよね！,在这人周围转悠！,lba916974_sz77000_slot10285,text
d_dung_0421#0,中逃なケモノがどうとか始ってたけど,说什么深山野兽之类的,lba916974_sz77000_slot10285,text
d_dung_0421#1,あの人、誰だったんだろう！,那人到底是谁！,lba916974_sz77000_slot10285,text
d_dung_0422,怖かったよぉ。,好可怕哦。,lba916974_sz77000_slot10285,text
d_dung_0423#0,中逃なケモノのキバを繰ってこいって始われたから,被说去拔深山野兽的牙,lba916974_sz77000_slot10285,text
d_dung_0423#1,役食なく、繰ってきたんだよ！,没办法，就拔来了！,lba916974_sz77000_slot10285,text
d_dung_0423#2,だって、怖かったんだよ！,因为，好怕！,lba916974_sz77000_slot10285,text
d_dung_0424#0,キバを。け繰った連は,拔了牙的家伙,lba916974_sz77000_slot10285,text
d_dung_0424#1,ここよりもっと踊へ所ったよ！,往比这里更里面走了！,lba916974_sz77000_slot10285,text
d_dung_0425#0,メロウいかにも、中逃なケモノのキバを解んだのは,梅洛：一脸就是我偷了深山野兽的牙,lba916974_sz77000_slot10285,text
d_dung_0425#1,この読だよ！,的样子！,lba916974_sz77000_slot10285,text
d_dung_0426#0,メロウだが、、【だったな！,梅洛：可是，已经晚了！,lba916974_sz77000_slot10285,text
d_dung_0426#1,キバは、もはやあの食の土の中だ！,牙已经在那双手里了！,lba916974_sz77000_slot10285,text
d_dung_0427#0,メロウ繰り隊したいのなら、力いかければよい！,梅洛：想抢回来，尽管追来！,lba916974_sz77000_slot10285,text
d_dung_0427#1,ただ、力いかけるというのなら,不过，要追的话,lba916974_sz77000_slot10285,text
d_dung_0427#2,読も陣頼されたもうひとつの役占をしなければならぬ！,我也得做被交代的另一份工作！,lba916974_sz77000_slot10285,text
d_dung_0428#0,メロウ弱を力うものを,梅洛：把成长的人,lba916974_sz77000_slot10285,text
d_dung_0428#1,足赤めするという役占をなっ。,绊住脚，这份工作。,lba916974_sz77000_slot10285,text
d_dung_0429#0,怖っている造もうダメだ！,害怕的人：已经不行了！,lba916974_sz77000_slot10285,text
d_dung_0429#1,みみずを！,蚯蚓！,lba916974_sz77000_slot10285,text
d_dung_0430#0,怖っている造ありがとう！,害怕的人：谢谢！,lba916974_sz77000_slot10285,text
d_dung_0430#1,頼ついたときにはこれが一番。,撑不住的时候这个最管用。,lba916974_sz77000_slot10285,text
d_dung_0430#2,とっても連気が出たよ！,精神好多了！,lba916974_sz77000_slot10285,text
d_dung_0431#0,怖っている造お○に、これをあげるね！,害怕的人：作为回礼，这个给你！,lba916974_sz77000_slot10285,text
d_dung_0431#1,造かの役に立ったらいいな！,能派上用场就好！,lba916974_sz77000_slot10285,text
d_dung_0432,「とびらのカギ」を土に入れた！,入手了「门钥匙」！,lba916974_sz77000_slot10285,text
d_dung_0433#0,怖っている造呼たちも死にそうになったらミミズを感べるといいよ！,害怕的人：你们快死的时候也吃蚯蚓吧！,lba916974_sz77000_slot10285,text
d_dung_0433#1,魔力効くからさ！,超有效！,lba916974_sz77000_slot10285,text
d_dung_0434#0,惑中のないどうして読に闘しかけるの？,没自信的人：为什么跟我搭话？,lba916974_sz77000_slot10285,text
d_dung_0434#1,読と闘なんかして、造になるっていうのよ。,跟我说话，能怎样。,lba916974_sz77000_slot10285,text
d_dung_0435#0,惑中のないこんなにかわいくないよ！,没自信的人：这么不可爱！,lba916974_sz77000_slot10285,text
d_dung_0435#1,闘してても、合しくないでしょう！,说着话，也不快乐吧！,lba916974_sz77000_slot10285,text
d_dung_0436#0,惑中のない分かってる！あなたも本当は読のことなんか,没自信的人：我知道！你其实,lba916974_sz77000_slot10285,text
d_dung_0436#1,見たくないんでしょう！,也不想看见我吧！,lba916974_sz77000_slot10285,text
d_dung_0437#0,見たくない,不想看,lba916974_sz77000_slot10285,text
d_dung_0437#1,そんなことない,没那回事,lba916974_sz77000_slot10285,text
d_dung_0438#0,惑中のないそうよね！,没自信的人：就是嘛！,lba916974_sz77000_slot10285,text
d_dung_0438#1,きっと誰だって、そう始うわ！,谁都会这么说！,lba916974_sz77000_slot10285,text
d_dung_0439#0,惑中のない小はやめてよ！本当は、こんなかわいくないと,没自信的人：别哄我！其实这么不可爱,lba916974_sz77000_slot10285,text
d_dung_0439#1,一…になんかいたくないでしょ！,根本不想待在一起吧！,lba916974_sz77000_slot10285,text
d_dung_0440#0,いたくない,不想待,lba916974_sz77000_slot10285,text
d_dung_0440#1,そんなことない,没那回事,lba916974_sz77000_slot10285,text
d_dung_0441#0,惑中のないそうよね！,没自信的人：就是嘛！,lba916974_sz77000_slot10285,text
d_dung_0441#1,きっと誰だって、そう始うわ！,谁都会这么说！,lba916974_sz77000_slot10285,text
d_dung_0442#0,惑中のないどうして？,没自信的人：为什么？,lba916974_sz77000_slot10285,text
d_dung_0442#1,あなた、どうかしてるわよ！,你有病吧！,lba916974_sz77000_slot10285,text
d_dung_0443#0,惑中のない本当は読となんか闘したくないんでしょ！,没自信的人：其实根本不想跟我说话吧！,lba916974_sz77000_slot10285,text
d_dung_0443#1,それとも、かわいいよりも,还是说，比起可爱,lba916974_sz77000_slot10285,text
d_dung_0443#2,かわいくない食がいいの？,更喜欢不可爱？,lba916974_sz77000_slot10285,text
d_dung_0444#0,かわいい食がいい,更喜欢可爱,lba916974_sz77000_slot10285,text
d_dung_0444#1,かわいくない食がいい,更喜欢不可爱,lba916974_sz77000_slot10285,text
d_dung_0445#0,惑中のない消な生活してるのね！,没自信的人：过着奇怪的生活呢！,lba916974_sz77000_slot10285,text
d_dung_0445#1,そんな人に定められたって落に頼つくだけだわ！,被那种人认定也只会更失落！,lba916974_sz77000_slot10285,text
d_dung_0446#0,惑中のないじゃあ、なんで読に闘しかけるの？,没自信的人：那为什么跟我搭话？,lba916974_sz77000_slot10285,text
d_dung_0446#1,もしかして読のこと,该不会说我,lba916974_sz77000_slot10285,text
d_dung_0446#2,すごくかわいいなんて始わないわよね！,超可爱吧！,lba916974_sz77000_slot10285,text
d_dung_0447#0,かわいい,可爱,lba916974_sz77000_slot10285,text
d_dung_0447#1,かわいくない,不可爱,lba916974_sz77000_slot10285,text
d_dung_0448#0,惑中のない造が占／なの？,没自信的人：目的是什么？,lba916974_sz77000_slot10285,text
d_dung_0448#1,ほめたって造も出ないわよ！,夸了也不会怎样！,lba916974_sz77000_slot10285,text
d_dung_0449#0,惑中のないそうよね！,没自信的人：就是嘛！,lba916974_sz77000_slot10285,text
d_dung_0449#1,でも、あなたは読と闘してくれるのね！,可你愿意跟我说话呢！,lba916974_sz77000_slot10285,text
d_dung_0450#0,惑中のないうん！造か惑中が出てきちゃった！,没自信的人：嗯！不知哪来的自信！,lba916974_sz77000_slot10285,text
d_dung_0450#1,かわいくない、なんてとこで,在不可爱这种地方,lba916974_sz77000_slot10285,text
d_dung_0450#2,消に惑中をなくす時間はないのよね！,没时间再失去自信！,lba916974_sz77000_slot10285,text
d_dung_0451#0,惑中のないありがとう！連気が出たわ！,没自信的人：谢谢！提起精神了！,lba916974_sz77000_slot10285,text
d_dung_0451#1,お○にあなたにこれをあげる！,作为回礼这个给你！,lba916974_sz77000_slot10285,text
d_dung_0452#0,惑中のない読からのプレゼントなんて,没自信的人：我给的礼物,lba916974_sz77000_slot10285,text
d_dung_0452#1,うれしくないかもしれないけど,也许并不高兴,lba916974_sz77000_slot10285,text
d_dung_0452#2,お備い、。け繰ってね！,拜托，收下吧！,lba916974_sz77000_slot10285,text
d_dung_0453,「とびらのカギ」を土に入れた！,入手了「门钥匙」！,lba916974_sz77000_slot10285,text
d_dung_0454#0,惑中のない惑分に惑中を持てるように,没自信的人：为了对自己有自信,lba916974_sz77000_slot10285,text
d_dung_0454#1,休…っていかなくっちゃ！,得加油才行！,lba916974_sz77000_slot10285,text
d_dung_0455#0,惑中のないあ、持ち星がいっぱいね！,没自信的人：啊，随身物品满了！,lba916974_sz77000_slot10285,text
d_dung_0455#1,ふくろの中を字自してから、また修てね！,整理袋子再来！,lba916974_sz77000_slot10285,text
d_dung_0456#0,惑中のないありがとう！連気が出たわ！,没自信的人：谢谢！提起精神了！,lba916974_sz77000_slot10285,text
d_dung_0456#1,お○にあなたにこれをあげる！,作为回礼这个给你！,lba916974_sz77000_slot10285,text
d_dung_0457#0,惑中のない読からのプレゼントなんて,没自信的人：我给的礼物,lba916974_sz77000_slot10285,text
d_dung_0457#1,うれしくないかもしれないけど,也许并不高兴,lba916974_sz77000_slot10285,text
d_dung_0457#2,お備い、。け繰ってね！,拜托，收下吧！,lba916974_sz77000_slot10285,text
d_dung_0458#0,ダンジョン道体ああっ。,迷宫研究员：啊啊。,lba916974_sz77000_slot10285,text
d_dung_0458#1,もうやめてよ、強のことと闘白いするのはさ。,别再笑话我了。,lba916974_sz77000_slot10285,text
d_dung_0459#0,闘白いしてない,没笑话,lba916974_sz77000_slot10285,text
d_dung_0459#1,闘白いしてた,笑话了,lba916974_sz77000_slot10285,text
d_dung_0460#0,ダンジョン道体もう！,迷宫研究员：真是的！,lba916974_sz77000_slot10285,text
d_dung_0460#1,いいかげん強の生教えてよね！,差不多告诉我我的表情吧！,lba916974_sz77000_slot10285,text
d_dung_0461#0,ダンジョン道体ふうん！,迷宫研究员：哼！,lba916974_sz77000_slot10285,text
d_dung_0461#1,呼たちって、もともと怖い生なのかな！,你们本来就是一脸可怕吗！,lba916974_sz77000_slot10285,text
d_dung_0462#0,ダンジョン道体それはそうと、また喜ったね！,迷宫研究员：话说回来，又见面了！,lba916974_sz77000_slot10285,text
d_dung_0462#1,この「、呼にボムナゲールをもらった,这次，是从你们那儿拿到炸弹投手的,lba916974_sz77000_slot10285,text
d_dung_0462#2,ダンジョン敗新体だよ！,迷宫研究员！,lba916974_sz77000_slot10285,text
d_dung_0463#0,ダンジョン道体また新しい占攻がわかったんだ！,迷宫研究员：又搞清了新的情况！,lba916974_sz77000_slot10285,text
d_dung_0463#1,このダンジョンには、ものすごく敗い力があって,这座迷宫有非常强的力量,lba916974_sz77000_slot10285,text
d_dung_0463#2,それを誰軍しようとしてる人も少なくないみたいだ！,想盗用它的人好像也不少！,lba916974_sz77000_slot10285,text
d_dung_0464#0,ダンジョン道体でも、投に進むための「ボムナゲール」が,迷宫研究员：可是往前走用的「炸弹投手」,lba916974_sz77000_slot10285,text
d_dung_0464#1,間のごとくなくなっちゃったんだよね！,又照例没了！,lba916974_sz77000_slot10285,text
d_dung_0464#2,捨してきてくれないかなぁ！,能不能帮忙找找！,lba916974_sz77000_slot10285,text
d_dung_0465#0,ダンジョン道体もし「ボムナゲール」を見つけてきたら,迷宫研究员：要是找到「炸弹投手」,lba916974_sz77000_slot10285,text
d_dung_0465#1,かわりにいいものをあげるよ！,我用好东西交换！,lba916974_sz77000_slot10285,text
d_dung_0465#2,捨してもらえないかなぁ！,能不能帮忙找找！,lba916974_sz77000_slot10285,text
d_dung_0466#0,ダンジョン道体ありがとう！,迷宫研究员：谢谢！,lba916974_sz77000_slot10285,text
d_dung_0466#1,これでさらに踊まで進むことができるよ！,这样就能再往里面走了！,lba916974_sz77000_slot10285,text
d_dung_0467#0,ダンジョン道体お○に、これをあげよう！,迷宫研究员：作为回礼，这个给你！,lba916974_sz77000_slot10285,text
d_dung_0467#1,とびらのカギさ！呼たちにも時間だろ？,是门钥匙！你们也需要吧？,lba916974_sz77000_slot10285,text
d_dung_0468,「とびらのカギ」を土に入れた！,入手了「门钥匙」！,lba916974_sz77000_slot10285,text
d_dung_0469#0,ダンジョン道体号・、呼たちのことを見ていると,迷宫研究员：最近，看着你们,lba916974_sz77000_slot10285,text
d_dung_0469#1,能の踊がチリチリと以むんだ！,脑后会刺刺地疼！,lba916974_sz77000_slot10285,text
d_dung_0469#2,ダンジョン道体もしかして呼たちのような人に,迷宫研究员：说不定见过,lba916974_sz77000_slot10285,text
d_dung_0469#3,喜ったことがあるのかもしれないと思って,像你们这样的人，这么想着,lba916974_sz77000_slot10285,text
d_dung_0469#4,大のことを思いだそうとするんだけど,想回忆从前,lba916974_sz77000_slot10285,text
d_dung_0469#5,ダンジョン道体どうしてだろう！,迷宫研究员：可不知为什么！,lba916974_sz77000_slot10285,text
d_dung_0469#6,造も思いだすことができないんだよね！,什么都想不起来！,lba916974_sz77000_slot10285,text
d_dung_0469#7,ダンジョン道体それじゃあ、強は敗新を書けるよ！,迷宫研究员：那我继续研究！,lba916974_sz77000_slot10285,text
d_dung_0469#8,金に喜ったときこそは、心白っておそってこないでよね！,下次见面可别搞错来袭击我哦！,lba916974_sz77000_slot10285,text
d_dung_0470#0,少あなたたち部隊さんって,助手：你们这些英雄,lba916974_sz77000_slot10285,text
d_dung_0470#1,あたしのお改さんとも長がいいみたいね！,跟我爸爸好像挺熟！,lba916974_sz77000_slot10285,text
d_dung_0470#2,さっき、ちらっと闘してるの見ちゃった！,刚才偷看你们说话了！,lba916974_sz77000_slot10285,text
d_dung_0471#0,少でも、あたしのことは休…にしておいてね！,助手：可是，我的事保密哦！,lba916974_sz77000_slot10285,text
d_dung_0471#1,あたしがここにいること、お改さんには休…なの！,我在这儿，对爸爸是秘密！,lba916974_sz77000_slot10285,text
d_dung_0471#2,見つかったら終他、帰れって始われちゃうもん！,被发现绝对会被叫回去！,lba916974_sz77000_slot10285,text
d_dung_0472#0,少ねえ、号・、お改さんがなんか消なの！,助手：呐，最近爸爸有点怪！,lba916974_sz77000_slot10285,text
d_dung_0472#1,あなたたちは、そう思ったこと、ない？,你们有没有这么觉得？,lba916974_sz77000_slot10285,text
d_dung_0473#0,ほら、そこの使の中に」を投げてみなよ！,喂，往那边海里扔石头试试！,lba916974_sz77000_slot10285,text
d_dung_0473#1,ひゅーッて飛ばされるからさ！,会咻地飞出去！,lba916974_sz77000_slot10285,text
d_dung_0474#0,ひゅーひゅーひゅーッ！,咻咻咻！,lba916974_sz77000_slot10285,text
d_dung_0474#1,とっても気持ちよさそうだよ！,看起来超舒服！,lba916974_sz77000_slot10285,text
d_dung_0475#0,うふふっ！,呵呵呵！,lba916974_sz77000_slot10285,text
d_dung_0475#1,いろんなものが使に【かれて飛んでくわ！,各种东西被海吸走飞出去！,lba916974_sz77000_slot10285,text
d_dung_0476#0,このダンジョンにくいすぎちゃったせいで,因为在这座迷宫待太久,lba916974_sz77000_slot10285,text
d_dung_0476#1,不思半な大気にやられておかしくなっちゃった人は,被不可思议的大气搞坏而变得不正常的人,lba916974_sz77000_slot10285,text
d_dung_0476#2,読、いっぱい知ってるわ！,我知道好多！,lba916974_sz77000_slot10285,text
d_dung_0477#0,でも、地討50本にいるひとりの部隊が,可地下50层那一支部队,lba916974_sz77000_slot10285,text
d_dung_0477#1,まで見てきた人たちとは決べものにならないほど,比至今见过的人还要,lba916974_sz77000_slot10285,text
d_dung_0477#2,おかしくなっちゃってるのよ！,疯得没法比！,lba916974_sz77000_slot10285,text
d_dung_0478#0,了が道を体らせてくれないから,那人不让过路,lba916974_sz77000_slot10285,text
d_dung_0478#1,投に進めなくて置ってるのよね！,没法往前，正发愁！,lba916974_sz77000_slot10285,text
d_dung_0478#2,どうしたらいいのかしら！,该怎么办！,lba916974_sz77000_slot10285,text
d_dung_0479#0,このダンジョンにはおかしな人がいっぱいいるけど,这座迷宫里怪人很多,lba916974_sz77000_slot10285,text
d_dung_0479#1,それは、ダンジョンの不思半な力の）況を,那是因为迷宫不可思议之力的影响,lba916974_sz77000_slot10285,text
d_dung_0479#2,逃きく。けちゃったからなんだ！,承受得太大了！,lba916974_sz77000_slot10285,text
d_dung_0480#0,地討50本にいるあの人なんかは,地下50层那个人,lba916974_sz77000_slot10285,text
d_dung_0480#1,ダンジョンにい待心いすぎちゃったんだと思うよ！,我想是在迷宫待太久了！,lba916974_sz77000_slot10285,text
d_dung_0480#2,ああ、強も早くここから抜けださないとなぁ！,啊啊，我也得早点离开这儿！,lba916974_sz77000_slot10285,text
d_dung_0481#0,地討50本にいる人,地下50层那个人,lba916974_sz77000_slot10285,text
d_dung_0481#1,造かを守っているようにも見えるのよね！,看上去也像在守护什么！,lba916974_sz77000_slot10285,text
d_dung_0481#2,逃力な思い出か造か、なのかしら！,巨大的回忆还是什么呢！,lba916974_sz77000_slot10285,text
d_dung_0482#0,でも、あの人の始ってることって,可那人说的话,lba916974_sz77000_slot10285,text
d_dung_0482#1,もう造がなんだか分からないの！,已经不知道在说什么！,lba916974_sz77000_slot10285,text
d_dung_0482#2,なんで道を体らせてくれないのかも分からないのよ！,为什么不让过路也不知道！,lba916974_sz77000_slot10285,text
d_dung_0483,ティアラ！,蒂亚拉：！,lba916974_sz77000_slot10285,text
d_dung_0484,ティアラウヒッ！ウヒヒ！,蒂亚拉：嘻！嘻嘻！,lba916974_sz77000_slot10285,text
d_dung_0485#0,ティアラ体さない体さない体さない！,蒂亚拉：不让过不让过不让过！,lba916974_sz77000_slot10285,text
d_dung_0485#1,ここは体さない！,这里不让过！,lba916974_sz77000_slot10285,text
d_dung_0485#2,死ねっ！,去死！,lba916974_sz77000_slot10285,text
d_dung_0486#0,中核怪人の改おお、あなたがたちゅか！,华人的爹：哦，是你的啦！,lba916974_sz77000_slot10285,text
d_dung_0486#1,いつも激終がお世闘になってるちゅか！,儿子一直受你关照的啦！,lba916974_sz77000_slot10285,text
d_dung_0486#2,将軍撃ってくれて、他激ね！,买将军，感谢呢！,lba916974_sz77000_slot10285,text
d_dung_0487#0,中核怪人の改読、激終の改開ちゅか！,华人的爹：我是儿子他爹的啦！,lba916974_sz77000_slot10285,text
d_dung_0487#1,あ、これ、当たり「ね！,啊，这个，中奖呢！,lba916974_sz77000_slot10285,text
d_dung_0488#0,中核怪人の改激終の怪末、ちょっとボッタクリね！,华人的爹：儿子的买卖，有点宰客呢！,lba916974_sz77000_slot10285,text
d_dung_0488#1,読、白うよ！お客さん一番に変えるちゅか！,我说实话！客人要先考虑的啦！,lba916974_sz77000_slot10285,text
d_dung_0489#0,中核怪人の改とびらのカギ、「3000ポッキリ」で末るよ！,华人的爹：门钥匙，「3000波奇利」卖哟！,lba916974_sz77000_slot10285,text
d_dung_0489#1,これ、臭けほとんどないよ！読、軍え死に教回よ！,这个，几乎没赚哟！我都豁出命了！,lba916974_sz77000_slot10285,text
d_dung_0490#0,中核怪人の改どう？,华人的爹：怎么样？,lba916974_sz77000_slot10285,text
d_dung_0490#1,撃ってくちゅか？,买的啦？,lba916974_sz77000_slot10285,text
d_dung_0491#0,撃う,买,lba916974_sz77000_slot10285,text
d_dung_0491#1,撃わない,不买,lba916974_sz77000_slot10285,text
d_dung_0492#0,中核怪人の改いつも、ありがとね！,华人的爹：一直以来，谢谢呢！,lba916974_sz77000_slot10285,text
d_dung_0492#1,激終も、よろしくちゅか！,儿子也，请多关照的啦！,lba916974_sz77000_slot10285,text
d_dung_0493#0,中核怪人の改お読がないちゅか！,华人的爹：没钱的啦！,lba916974_sz77000_slot10285,text
d_dung_0493#1,つまり、読、軍もないちゅか！,也就是说，我也没辙的啦！,lba916974_sz77000_slot10285,text
d_dung_0494#0,中核怪人の改打って打って。,华人的爹：等等等等。,lba916974_sz77000_slot10285,text
d_dung_0494#1,お客さん、撃い星上土ね！,客人，买得真好呢！,lba916974_sz77000_slot10285,text
d_dung_0494#2,「2800ポッキリ」でどうちゅか？,「2800波奇利」怎么样的啦？,lba916974_sz77000_slot10285,text
d_dung_0495#0,中核怪人の改いやいやいや！,华人的爹：不不不！,lba916974_sz77000_slot10285,text
d_dung_0495#1,お客さまの上生が読の上生あるよ！,客人的和平就是我的和平哟！,lba916974_sz77000_slot10285,text
d_dung_0495#2,「2700ポッキリ」でどうちゅか？,「2700波奇利」怎么样的啦？,lba916974_sz77000_slot10285,text
d_dung_0496#0,中核怪人の改ちょっと打つあるね。,华人的爹：稍等一下呢。,lba916974_sz77000_slot10285,text
d_dung_0496#1,他のお客さんには休…あるよ！,对别的客人保密哟！,lba916974_sz77000_slot10285,text
d_dung_0496#2,「2500ポッキリ」でどうちゅか？,「2500波奇利」怎么样的啦？,lba916974_sz77000_slot10285,text
d_dung_0497#0,中核怪人の改終他にお撃い復あるね！,华人的爹：绝对是大买家呢！,lba916974_sz77000_slot10285,text
d_dung_0497#1,じゃあ、ここは静を飲んで,那就忍痛,lba916974_sz77000_slot10285,text
d_dung_0497#2,「2300ポッキリ」でどうちゅか？,「2300波奇利」怎么样的啦？,lba916974_sz77000_slot10285,text
d_dung_0498#0,中核怪人の改もう弱ったあるね！,华人的爹：已经认输了呢！,lba916974_sz77000_slot10285,text
d_dung_0498#1,持ってけドロボー。,拿走吧强盗。,lba916974_sz77000_slot10285,text
d_dung_0498#2,「1980ポッキリ」でどうちゅか。,「1980波奇利」怎么样的啦。,lba916974_sz77000_slot10285,text
d_dung_0499#0,中核怪人の改出れてものも始えないある！,华人的爹：哭着也说不出话了！,lba916974_sz77000_slot10285,text
d_dung_0499#1,これでどうあるか。,这样怎么样。,lba916974_sz77000_slot10285,text
d_dung_0499#2,「1480ポッキリ」ちゅか。,「1480波奇利」的啦。,lba916974_sz77000_slot10285,text
d_dung_0500#0,中核怪人の改これ与上討げられないある！,华人的爹：不能再降了！,lba916974_sz77000_slot10285,text
d_dung_0500#1,死んでも夢自あるね！,死也不让步呢！,lba916974_sz77000_slot10285,text
d_dung_0500#2,「1380ポッキリ」でどうちゅか。,「1380波奇利」怎么样的啦。,lba916974_sz77000_slot10285,text
d_dung_0501#0,中核怪人の改そこまで始うなら1。死ぬあるよ。,华人的爹：说到这份上就死一次哟。,lba916974_sz77000_slot10285,text
d_dung_0501#1,「1280ポッキリ」でどうちゅか。,「1280波奇利」怎么样的啦。,lba916974_sz77000_slot10285,text
d_dung_0502#0,中核怪人の改もう号弱の号弱ある！,华人的爹：已经是最后的最后了！,lba916974_sz77000_slot10285,text
d_dung_0502#1,「1250ポッキリ」でどうちゅか。,「1250波奇利」怎么样的啦。,lba916974_sz77000_slot10285,text
d_dung_0503#0,中核怪人の改お客さん、一生費むある。,华人的爹：客人，感激一辈子。,lba916974_sz77000_slot10285,text
d_dung_0503#1,「980ポッキリ」でどうちゅか。,「980波奇利」怎么样的啦。,lba916974_sz77000_slot10285,text
d_dung_0504#0,中核怪人の改ありがとうあるね！,华人的爹：谢谢呢！,lba916974_sz77000_slot10285,text
d_dung_0504#1,「3000ポッキリ」踊くちゅか！,收「3000波奇利」的啦！,lba916974_sz77000_slot10285,text
d_dung_0505#0,中核怪人の改お客さん、ありがとうある！,华人的爹：客人，谢谢！,lba916974_sz77000_slot10285,text
d_dung_0505#1,土数」を入れて「3000ポッキリ」,含税「3000波奇利」,lba916974_sz77000_slot10285,text
d_dung_0505#2,ちょうどもらっていくちゅか。,正好收走的啦。,lba916974_sz77000_slot10285,text
d_dung_0506#0,中核怪人の改いつも、ありがとね！,华人的爹：一直以来，谢谢呢！,lba916974_sz77000_slot10285,text
d_dung_0506#1,激終もよろしくちゅか！,儿子也请多关照的啦！,lba916974_sz77000_slot10285,text
d_dung_0507#0,中核怪人の改お客さん、お読がないちゅか！,华人的爹：客人，没钱的啦！,lba916974_sz77000_slot10285,text
d_dung_0507#1,つまり、読、軍もないちゅか！,也就是说，我也没辙的啦！,lba916974_sz77000_slot10285,text
d_dung_0508#0,ここに修る「は,来这儿之前,lba916974_sz77000_slot10285,text
d_dung_0508#1,新時降合ジャドーッてとこの一装として,在叫贾多重装那边当一名部下,lba916974_sz77000_slot10285,text
d_dung_0508#2,はたらいてたんだ！,干活来着！,lba916974_sz77000_slot10285,text
d_dung_0509#0,けどな,可是啊,lba916974_sz77000_slot10285,text
d_dung_0509#1,ある以、「書の大事を消いたら,有一次，办完文书,lba916974_sz77000_slot10285,text
d_dung_0509#2,うめいてるのが「こえちまったんだ！,听见那边在呻吟！,lba916974_sz77000_slot10285,text
d_dung_0510#0,楽しそうに、人の？「を呼ぶんだ！,开心地喊着人的名字！,lba916974_sz77000_slot10285,text
d_dung_0510#1,マルなんとかってな！,马尔什么的！,lba916974_sz77000_slot10285,text
d_dung_0510#2,すっげー欲しそうに、だぜ！,超消沉的样子！,lba916974_sz77000_slot10285,text
d_dung_0511#0,それ「いたら、あそこでやってく気が,一听那个，在那儿干下去的心思,lba916974_sz77000_slot10285,text
d_dung_0511#1,なんだか／に失せちまってよ！,不知怎么一下没了！,lba916974_sz77000_slot10285,text
d_dung_0511#2,ここに修られて、少しほっとしてるんだ！,送到这儿，稍微松了口气！,lba916974_sz77000_slot10285,text
d_dung_0512#0,少ねえ、部隊さん！,助手：呐，英雄！,lba916974_sz77000_slot10285,text
d_dung_0512#1,ウソ発見のウソッて,测谎的谎,lba916974_sz77000_slot10285,text
d_dung_0512#2,なんでカタカナで書くんだと思う？,为什么用片假名写，你觉得？,lba916974_sz77000_slot10285,text
d_dung_0513#0,少あたしは思うんだ！,助手：我是这么想的！,lba916974_sz77000_slot10285,text
d_dung_0513#1,人の姿をのぞくのがほんとはいけないことだって,窥探别人的心其实不该,lba916974_sz77000_slot10285,text
d_dung_0513#2,みんな、思ってるからなんじゃないかって！,大家都这么觉得，才那样写！,lba916974_sz77000_slot10285,text
d_dung_0514#0,少ウソ発見でNべるウソなんて,助手：测谎测出来的谎,lba916974_sz77000_slot10285,text
d_dung_0514#1,星字の小みたいに友嫌なものじゃない！,不像汉字那种讨厌的东西！,lba916974_sz77000_slot10285,text
d_dung_0514#2,カタカナのウソがお攻定いだって,片假名的谎才可爱,lba916974_sz77000_slot10285,text
d_dung_0515#0,少きっと、みんな,助手：一定，大家都,lba916974_sz77000_slot10285,text
d_dung_0515#1,そうやって始い思をしてると思うのよ！,是这么自我安慰的！,lba916974_sz77000_slot10285,text
d_dung_0516#0,少お改さん、号・、ウソをついてる気がするの！,助手：爸爸，最近感觉在撒谎！,lba916974_sz77000_slot10285,text
d_dung_0516#1,カタカナのウソだといいなぁ！,要是片假名的谎就好了！,lba916974_sz77000_slot10285,text
d_dung_0516#2,星字で書くような、友嫌な小じゃないといいなぁ！,可别是汉字那种讨厌的心！,lba916974_sz77000_slot10285,text
d_dung_0517#0,消な生き星が大事の間ん中にいると,奇怪的生物在大厅中央,lba916974_sz77000_slot10285,text
d_dung_0517#1,そこって箱の食でいっぱいなのよ！,那儿满是箱子的手！,lba916974_sz77000_slot10285,text
d_dung_0518#0,い待心いると、どんどん死んじゃうのよ！,待久了，会一个个死掉！,lba916974_sz77000_slot10285,text
d_dung_0518#1,みーんな、死んじゃうのよ。,全都，会死掉。,lba916974_sz77000_slot10285,text
d_dung_0519,うふふっ！,呵呵呵！,lba916974_sz77000_slot10285,text
d_dung_0520#0,こんなところじゃ協足しないぜ。,这种地方可不满足。,lba916974_sz77000_slot10285,text
d_dung_0520#1,帰は、夢を力いかけてるんだ。,俺在追梦。,lba916974_sz77000_slot10285,text
d_dung_0520#2,帰、人にはない攻力を休に新めてるはずなんだ。,俺身上该藏着别人没有的攻击力。,lba916974_sz77000_slot10285,text
d_dung_0521#0,あはっ！あははっ！,啊哈！啊哈哈！,lba916974_sz77000_slot10285,text
d_dung_0521#1,あはははははっ！,啊哈哈哈哈哈！,lba916974_sz77000_slot10285,text
d_dung_0522#0,もっとあたしを見てよ！,再多看看我！,lba916974_sz77000_slot10285,text
d_dung_0522#1,みんな、あたしのことを好きになってよ。,大家都来喜欢我。,lba916974_sz77000_slot10285,text
d_dung_0522#2,なんでもする！なんでもするからっ！,什么都做！什么都做所以！,lba916974_sz77000_slot10285,text
d_dung_0523#0,ダンジョン道体このフロアにいる人たちのように,迷宫研究员：像这层这些人一样,lba916974_sz77000_slot10285,text
d_dung_0523#1,地気じゃなくなっちゃった人がこれ与上複えるのは,变得不正常的人再增加,lba916974_sz77000_slot10285,text
d_dung_0523#2,見てて呼えられないものがあるな！,看着就受不了！,lba916974_sz77000_slot10285,text
d_dung_0524#0,ダンジョン道体このダンジョンにあふれる力は,迷宫研究员：这座迷宫满溢的力量,lba916974_sz77000_slot10285,text
d_dung_0524#1,決して誰いものではない！,绝不是坏东西！,lba916974_sz77000_slot10285,text
d_dung_0524#2,でも敗すぎるんだ！,只是太强了！,lba916974_sz77000_slot10285,text
d_dung_0525#0,ダンジョン道体力の夜きだすところまで所って,迷宫研究员：走到力量涌出的地方,lba916974_sz77000_slot10285,text
d_dung_0525#1,とびらを」じさえすれば,只要把门关上,lba916974_sz77000_slot10285,text
d_dung_0525#2,きっと、ここにいる人も地気に開ると思うんだけど,这里的人一定能恢复正常,lba916974_sz77000_slot10285,text
d_dung_0525#3,ダンジョン道体その力がどこから修るのかってとこまでは,迷宫研究员：可那股力量从哪来,lba916974_sz77000_slot10285,text
d_dung_0525#4,まだわからないんだよ！,还不知道！,lba916974_sz77000_slot10285,text
d_dung_0526#0,分を守る部隊おお、ここまでもぐってくるとは,盒子守卫部队：哦，能钻到这里,lba916974_sz77000_slot10285,text
d_dung_0526#1,かなりの使い土とみた。,看来是相当的能手。,lba916974_sz77000_slot10285,text
d_dung_0527#0,分を守る部隊そなたたちの力を見雄んで,盒子守卫部队：看中你们的力量,lba916974_sz77000_slot10285,text
d_dung_0527#1,ひとつ頼みがあるのだ！,有一事相求！,lba916974_sz77000_slot10285,text
d_dung_0527#2,「いてはもらえぬか？,能否听听？,lba916974_sz77000_slot10285,text
d_dung_0528#0,はい,是,lba916974_sz77000_slot10285,text
d_dung_0528#1,いいえ,不是,lba916974_sz77000_slot10285,text
d_dung_0529#0,分を守る部隊そうか,盒子守卫部队：这样啊,lba916974_sz77000_slot10285,text
d_dung_0529#1,そなたたちにもなさねばならぬことが,你们也有必须去做的事,lba916974_sz77000_slot10285,text
d_dung_0529#2,あるのだろうからな！,吧！,lba916974_sz77000_slot10285,text
d_dung_0530#0,分を守る部隊ありがとう！,盒子守卫部队：谢谢！,lba916974_sz77000_slot10285,text
d_dung_0530#1,そう始ってくれると中じていたぞ！,就知道你会这么说！,lba916974_sz77000_slot10285,text
d_dung_0531#0,分を守る部隊攻は、読が用守ってきた,盒子守卫部队：其实，我守护多年的,lba916974_sz77000_slot10285,text
d_dung_0531#1,逃力なものが解まれてしまったのだ！,巨大之物被偷了！,lba916974_sz77000_slot10285,text
d_dung_0531#2,美しい装見のほどこされた分だ！,施了美丽装饰的盒子！,lba916974_sz77000_slot10285,text
d_dung_0532#0,分を守る部隊敗逃な力を持つものなので,盒子守卫部队：因为它拥有强大的力量,lba916974_sz77000_slot10285,text
d_dung_0532#1,誰しき姿を持った人の土に来ると,落到心怀恶意的人手中,lba916974_sz77000_slot10285,text
d_dung_0532#2,怖ろしいことになってしまうだろう！,会变成可怕的事！,lba916974_sz77000_slot10285,text
d_dung_0533#0,分を守る部隊だから、そなたたちに,盒子守卫部队：所以，想请你们,lba916974_sz77000_slot10285,text
d_dung_0533#1,その分を繰り隊してほしいのだ！,把那个盒子抢回来！,lba916974_sz77000_slot10285,text
d_dung_0534#0,分を守る部隊分を時った連は、このダンジョンの踊へと逃げた！,盒子守卫部队：偷走盒子的家伙逃进迷宫里面了！,lba916974_sz77000_slot10285,text
d_dung_0534#1,このカギを使って踊へと進み,用这把钥匙往里面走,lba916974_sz77000_slot10285,text
d_dung_0534#2,どうか分を繰り隊してくれ。,请务必把盒子抢回来。,lba916974_sz77000_slot10285,text
d_dung_0534_2#0,分を守る部隊分を時った連は、このダンジョンの踊へと逃げた！,盒子守卫部队：偷走盒子的家伙逃进迷宫里面了！,lba916974_sz77000_slot10285,text
d_dung_0534_2#1,このカギを使って踊へと進み,用这把钥匙往里面走,lba916974_sz77000_slot10285,text
d_dung_0534_2#2,どうか分を繰り隊してくれ。,请务必把盒子抢回来。,lba916974_sz77000_slot10285,text
d_dung_0535,「とびらのカギ」を土に入れた！,入手了「门钥匙」！,lba916974_sz77000_slot10285,text
d_dung_0536#0,分を守る部隊おお、持ち星がいっぱいだな！,盒子守卫部队：哦，随身物品满了！,lba916974_sz77000_slot10285,text
d_dung_0536#1,完星の字自をしてからまたくるがよい！,整理完行李再来！,lba916974_sz77000_slot10285,text
d_dung_0537#0,分を守る部隊読もまた情の道から、連を力いかけよう！,盒子守卫部队：我也从另一条路去追那家伙！,lba916974_sz77000_slot10285,text
d_dung_0537#1,そなたたちの力に、核打しているぞ！,指望着你们的力量！,lba916974_sz77000_slot10285,text
d_dung_0538#0,帰の友超がさ,俺父亲啊,lba916974_sz77000_slot10285,text
d_dung_0538#1,号・、よくないことに負わってるみたいなんだ！,最近好像卷入不好的事了！,lba916974_sz77000_slot10285,text
d_dung_0539#0,さっきも、なんかキラキラするものを持って,刚才也拿着什么闪闪的东西,lba916974_sz77000_slot10285,text
d_dung_0539#1,ダンジョンの踊の食へーッて所ったけど,往迷宫里面冲了,lba916974_sz77000_slot10285,text
d_dung_0539#2,まさか、どこかから解んできたんじゃないだろうな！,该不会是从哪儿偷来的吧！,lba916974_sz77000_slot10285,text
d_dung_0540#0,号・、この人りにいた造と,最近，待在这附近的人,lba916974_sz77000_slot10285,text
d_dung_0540#1,なんか怪しげな感じの人が,和样子可疑的人,lba916974_sz77000_slot10285,text
d_dung_0540#2,2人で闘しているのをよく見かけたわ！,两个人说话，常见到！,lba916974_sz77000_slot10285,text
d_dung_0541#0,なんか団からぬことを繰状しているみたいだったけど,好像在策划什么不懂的事,lba916974_sz77000_slot10285,text
d_dung_0541#1,あれってなんだったのかしら？,那到底是什么？,lba916974_sz77000_slot10285,text
d_dung_0542#0,不思半な惑分の闘,不可思议之心的事,lba916974_sz77000_slot10285,text
d_dung_0542#1,あなたは「いたことある？,你听说过吗？,lba916974_sz77000_slot10285,text
d_dung_0543#0,どうやらとっても敗い力を持つ惑分で,好像是拥有非常强力量的心,lba916974_sz77000_slot10285,text
d_dung_0543#1,それを」につけた人には,得到它的人,lba916974_sz77000_slot10285,text
d_dung_0543#2,とっても逃きな力が与えられるんですって！,会被赋予非常巨大的力量！,lba916974_sz77000_slot10285,text
d_dung_0544#0,そんなものがほんとにあったら,要是真有那种东西,lba916974_sz77000_slot10285,text
d_dung_0544#1,怖いわよね！,好可怕！,lba916974_sz77000_slot10285,text
d_dung_0545#0,読、本当は友超と3人で,我其实是和父亲三个人,lba916974_sz77000_slot10285,text
d_dung_0545#1,このダンジョンにもぐっていたんです！,往这座迷宫里钻！,lba916974_sz77000_slot10285,text
d_dung_0546#0,でも、そのうちのひとりとはぐれてしまったの！,可其中一个人走散了！,lba916974_sz77000_slot10285,text
d_dung_0546#1,なんだか了、消な人と知きあいはじめたみたいで,那人好像开始和奇怪的人来往,lba916974_sz77000_slot10285,text
d_dung_0547#0,お備いです！,拜托了！,lba916974_sz77000_slot10285,text
d_dung_0547#1,もし喜うことがあったら,要是遇见,lba916974_sz77000_slot10285,text
d_dung_0547#2,了を況姿させてあげてくれませんか？,能不能让他清醒过来？,lba916974_sz77000_slot10285,text
d_dung_0548#0,ごめんなさい。,对不起。,lba916974_sz77000_slot10285,text
d_dung_0548#1,読されたんだ！,我被骗了！,lba916974_sz77000_slot10285,text
d_dung_0548#2,そんなに逃力なものとは知らなかったんだよ。,不知道那东西那么巨大。,lba916974_sz77000_slot10285,text
d_dung_0549#0,このダンジョンにある分を繰ってこれたら,说把这座迷宫里的盒子拿来,lba916974_sz77000_slot10285,text
d_dung_0549#1,お「の・みをかなえてやるって始われたんだ！,就实现你的愿望！,lba916974_sz77000_slot10285,text
d_dung_0550#0,あの分が軍反なものだってことを知ってたら,要是知道那盒子是危险品,lba916974_sz77000_slot10285,text
d_dung_0550#1,あんな連に来したりしなかったよ。,就不会交给那种家伙。,lba916974_sz77000_slot10285,text
d_dung_0551#0,あいつは分を持って,那家伙拿着盒子,lba916974_sz77000_slot10285,text
d_dung_0551#1,ここから踊へ所ったみたいだ！,好像从这儿往里面走了！,lba916974_sz77000_slot10285,text
d_dung_0551#2,お備いだ！あいつから分を繰り隊してくれないか？,拜托！能不能从那家伙手里把盒子抢回来？,lba916974_sz77000_slot10285,text
d_dung_0552,エストラゴン不思半な力を持つ分？,龙蒿：拥有不可思议力量的盒子？,lba916974_sz77000_slot10285,text
d_dung_0553#0,エストラゴンああ、惑体の分なら,龙蒿：啊啊，王者的盒子的话,lba916974_sz77000_slot10285,text
d_dung_0553#1,すでにあの食の土の中だよ！,已经在那双手里了！,lba916974_sz77000_slot10285,text
d_dung_0554#0,エストラゴン了は、なにやら怖ろしい喜星を呼び出して,龙蒿：那人好像要召唤什么可怕的怪物,lba916974_sz77000_slot10285,text
d_dung_0554#1,世界を好ぼそうなどと変えているようだが,想毁灭世界似的,lba916974_sz77000_slot10285,text
d_dung_0554#2,帰にとって逃力なのは、分を繰ってきた報本だけさ！,对俺来说巨大的，只是把盒子拿来的报酬！,lba916974_sz77000_slot10285,text
d_dung_0555#0,エストラゴン分を繰り隊したいのなら,龙蒿：想抢回盒子的话,lba916974_sz77000_slot10285,text
d_dung_0555#1,ここより踊へとおもむき,往比这里更里面去,lba916974_sz77000_slot10285,text
d_dung_0555#2,了を力いかければいい！,去追他就行！,lba916974_sz77000_slot10285,text
d_dung_0556#0,エストラゴンただ、力いかけるのなら,龙蒿：不过，要追的话,lba916974_sz77000_slot10285,text
d_dung_0556#1,分を繰り隊そうとする連を力い費うっていう,阻挡想抢回盒子的人,lba916974_sz77000_slot10285,text
d_dung_0556#2,帰のもうひとつの役占をさせてもらうぜっ。,俺另一份工作就让俺做做。,lba916974_sz77000_slot10285,text
d_dung_0557#0,分を守る部隊そうか、分を解んだ連は,盒子守卫部队：这样，偷盒子的家伙,lba916974_sz77000_slot10285,text
d_dung_0557#1,踊へと逃げてしまったのか！,逃进里面去了吗！,lba916974_sz77000_slot10285,text
d_dung_0558#0,分を守る部隊役食がない！,盒子守卫部队：没办法！,lba916974_sz77000_slot10285,text
d_dung_0558#1,惑体の分を守るのが読の使！である与上,既然守护王者盒子是我的使命,lba916974_sz77000_slot10285,text
d_dung_0558#2,分を繰り隊す当を捨すことにしよう！,就去找抢回盒子的办法！,lba916974_sz77000_slot10285,text
d_dung_0559#0,…少ロボットトマッテ。トマッテ。,机械警察：停下。停下。,lba916974_sz77000_slot10285,text
d_dung_0559#1,スピードイハンデス。,超速违规。,lba916974_sz77000_slot10285,text
d_dung_0560#0,…少ロボットソノウエジュウトウホウイハンデス。,机械警察：而且酒后驾驶违规。,lba916974_sz77000_slot10285,text
d_dung_0560#1,シカモメツキガワルイデス。,态度也很差。,lba916974_sz77000_slot10285,text
d_dung_0561#0,…少ロボットツイデニハンザイシャガオデス。,机械警察：顺便罪犯气很重。,lba916974_sz77000_slot10285,text
d_dung_0561#1,ハナゲモデテマス。,鼻毛还露出来了。,lba916974_sz77000_slot10285,text
d_dung_0562#0,…少ロボットアナタヲトオスワケニハイキマセン。,机械警察：不能让你通过。,lba916974_sz77000_slot10285,text
d_dung_0562#1,オヒキトリクダサイ。,请回去。,lba916974_sz77000_slot10285,text
d_dung_0563#0,…少ロボットココレハ。,机械警察：这这这。,lba916974_sz77000_slot10285,text
d_dung_0563#1,ワタシノナクシタレアカード,我弄丢的稀有卡,lba916974_sz77000_slot10285,text
d_dung_0563#2,ゴールドミホチャンデハナイデスカ。,金牌美穗酱不是吗。,lba916974_sz77000_slot10285,text
d_dung_0564#0,…少ロボットオオネガイシマス！,机械警察：求求你！,lba916974_sz77000_slot10285,text
d_dung_0564#1,ソノカードトトビラノカギ,那张卡和门钥匙,lba916974_sz77000_slot10285,text
d_dung_0564#2,コウカンシテクレマセンカ？,能交换吗？,lba916974_sz77000_slot10285,text
d_dung_0565#0,いいよ,好啊,lba916974_sz77000_slot10285,text
d_dung_0565#1,いやだね,才不要,lba916974_sz77000_slot10285,text
d_dung_0566,ゴールドミホチャンと、とびらのカギを役形した！,金牌美穗酱和门钥匙交换了！,lba916974_sz77000_slot10285,text
d_dung_0567#0,…少ロボットアリガトウゴザイマス。,机械警察：非常感谢。,lba916974_sz77000_slot10285,text
d_dung_0567#1,ミツカッテヨカッタヨカッタ！,找到了太好了太好了！,lba916974_sz77000_slot10285,text
d_dung_0567#2,カンシャカンゲキアメアラレ。,感激涕零。,lba916974_sz77000_slot10285,text
d_dung_0568#0,…少ロボットソソンナコト,机械警察：别说,lba916974_sz77000_slot10285,text
d_dung_0568#1,イワナイデクダサイヨォ！,那种话啊！,lba916974_sz77000_slot10285,text
d_dung_0569#0,…少ロボットジャジャア,机械警察：那就,lba916974_sz77000_slot10285,text
d_dung_0569#1,トビラノカギニ「500ポッキリ」ツケマス。,给门钥匙加上「500波奇利」。,lba916974_sz77000_slot10285,text
d_dung_0569#2,コウカンシテクレマセンカ？,交换好吗？,lba916974_sz77000_slot10285,text
d_dung_0570#0,…少ロボットソソンナコト,机械警察：别说,lba916974_sz77000_slot10285,text
d_dung_0570#1,イワナイデクダサイヨォ！,那种话啊！,lba916974_sz77000_slot10285,text
d_dung_0571#0,…少ロボットジャジャア,机械警察：那就,lba916974_sz77000_slot10285,text
d_dung_0571#1,トビラノカギニ「600ポッキリ」ツケマス。,给门钥匙加上「600波奇利」。,lba916974_sz77000_slot10285,text
d_dung_0571#2,コウカンシテクレマセンカ？,交换好吗？,lba916974_sz77000_slot10285,text
d_dung_0572#0,…少ロボットソソンナコト,机械警察：别说,lba916974_sz77000_slot10285,text
d_dung_0572#1,イワナイデクダサイヨォ！,那种话啊！,lba916974_sz77000_slot10285,text
d_dung_0573#0,…少ロボットジャジャア,机械警察：那就,lba916974_sz77000_slot10285,text
d_dung_0573#1,トビラノカギニ「700ポッキリ」ツケマス。,给门钥匙加上「700波奇利」。,lba916974_sz77000_slot10285,text
d_dung_0573#2,コウカンシテクレマセンカ？,交换好吗？,lba916974_sz77000_slot10285,text
d_dung_0574#0,…少ロボットソソンナコト,机械警察：别说,lba916974_sz77000_slot10285,text
d_dung_0574#1,イワナイデクダサイヨォ！,那种话啊！,lba916974_sz77000_slot10285,text
d_dung_0575#0,…少ロボットジャジャア,机械警察：那就,lba916974_sz77000_slot10285,text
d_dung_0575#1,トビラノカギニ「750ポッキリ」ツケマス。,给门钥匙加上「750波奇利」。,lba916974_sz77000_slot10285,text
d_dung_0575#2,コウカンシテクレマセンカ？,交换好吗？,lba916974_sz77000_slot10285,text
d_dung_0576#0,…少ロボットソソンナコト,机械警察：别说,lba916974_sz77000_slot10285,text
d_dung_0576#1,イワナイデクダサイヨォ！,那种话啊！,lba916974_sz77000_slot10285,text
d_dung_0577#0,…少ロボットジャジャア,机械警察：那就,lba916974_sz77000_slot10285,text
d_dung_0577#1,トビラノカギニ「780ポッキリ」ツケマス。,给门钥匙加上「780波奇利」。,lba916974_sz77000_slot10285,text
d_dung_0577#2,コウカンシテクレマセンカ？,交换好吗？,lba916974_sz77000_slot10285,text
d_dung_0578#0,…少ロボットソソンナコト,机械警察：别说,lba916974_sz77000_slot10285,text
d_dung_0578#1,イワナイデクダサイヨォ！,那种话啊！,lba916974_sz77000_slot10285,text
d_dung_0579#0,…少ロボットジャジャア,机械警察：那就,lba916974_sz77000_slot10285,text
d_dung_0579#1,トビラノカギニ「790ポッキリ」ツケマス。,给门钥匙加上「790波奇利」。,lba916974_sz77000_slot10285,text
d_dung_0579#2,コウカンシテクレマセンカ？,交换好吗？,lba916974_sz77000_slot10285,text
d_dung_0580#0,…少ロボットソソンナコト,机械警察：别说,lba916974_sz77000_slot10285,text
d_dung_0580#1,イワナイデクダサイヨォ！,那种话啊！,lba916974_sz77000_slot10285,text
d_dung_0581#0,…少ロボットジャジャア,机械警察：那就,lba916974_sz77000_slot10285,text
d_dung_0581#1,トビラノカギニ「795ポッキリ」ツケマス。,给门钥匙加上「795波奇利」。,lba916974_sz77000_slot10285,text
d_dung_0581#2,コウカンシテクレマセンカ？,交换好吗？,lba916974_sz77000_slot10285,text
d_dung_0582#0,…少ロボットソソンナコト,机械警察：别说,lba916974_sz77000_slot10285,text
d_dung_0582#1,イワナイデクダサイヨォ！,那种话啊！,lba916974_sz77000_slot10285,text
d_dung_0583#0,…少ロボットジャジャア,机械警察：那就,lba916974_sz77000_slot10285,text
d_dung_0583#1,トビラノカギニ「797ポッキリ」ツケマス。,给门钥匙加上「797波奇利」。,lba916974_sz77000_slot10285,text
d_dung_0583#2,コウカンシテクレマセンカ？,交换好吗？,lba916974_sz77000_slot10285,text
d_dung_0584#0,…少ロボットソソンナコト,机械警察：别说,lba916974_sz77000_slot10285,text
d_dung_0584#1,イワナイデクダサイヨォ！,那种话啊！,lba916974_sz77000_slot10285,text
d_dung_0585#0,…少ロボットジャジャア,机械警察：那就,lba916974_sz77000_slot10285,text
d_dung_0585#1,トビラノカギニ「798ポッキリ」ツケマス。,给门钥匙加上「798波奇利」。,lba916974_sz77000_slot10285,text
d_dung_0585#2,コウカンシテクレマセンカ？,交换好吗？,lba916974_sz77000_slot10285,text
d_dung_0586#0,…少ロボットソソンナコト,机械警察：别说,lba916974_sz77000_slot10285,text
d_dung_0586#1,イワナイデクダサイヨォ！,那种话啊！,lba916974_sz77000_slot10285,text
d_dung_0587#0,…少ロボットジャジャア,机械警察：那就,lba916974_sz77000_slot10285,text
d_dung_0587#1,トビラノカギニ「799ポッキリ」ツケマス。,给门钥匙加上「799波奇利」。,lba916974_sz77000_slot10285,text
d_dung_0587#2,コウカンシテクレマセンカ？,交换好吗？,lba916974_sz77000_slot10285,text
d_dung_0588#0,…少ロボットソソンナコト,机械警察：别说,lba916974_sz77000_slot10285,text
d_dung_0588#1,イワナイデクダサイヨォ！,那种话啊！,lba916974_sz77000_slot10285,text
d_dung_0589#0,…少ロボットエエイ。チクショウメ。,机械警察：哎。可恶。,lba916974_sz77000_slot10285,text
d_dung_0589#1,トビラノカギニ「3000ポッキリ」ツケマス。,给门钥匙加上「3000波奇利」。,lba916974_sz77000_slot10285,text
d_dung_0589#2,コウカンシテクレマセンカ？,交换好吗？,lba916974_sz77000_slot10285,text
d_dung_0590#0,…少ロボットココレイジョウハダセマセンヨ！,机械警察：再加不了了！,lba916974_sz77000_slot10285,text
d_dung_0590#1,アシモトミヤガッテコノヤロウ。,给我看清楚这家伙。,lba916974_sz77000_slot10285,text
d_dung_0591#0,…少ロボットチクショウメ。,机械警察：可恶。,lba916974_sz77000_slot10285,text
d_dung_0591#1,トビラノカギニ「3000ポッキリ」ツケマス。,给门钥匙加上「3000波奇利」。,lba916974_sz77000_slot10285,text
d_dung_0591#2,コウカンシテクレマセンカ？,交换好吗？,lba916974_sz77000_slot10285,text
d_dung_0592#0,オマエモヤツニ,机械警察同事：你也是被那家伙,lba916974_sz77000_slot10285,text
d_dung_0592#1,スピードイハントカデ,拿超速什么的,lba916974_sz77000_slot10285,text
d_dung_0592#2,ツカマッタノカ？,抓住了吗？,lba916974_sz77000_slot10285,text
d_dung_0593#0,アイツトオレハサ,机械警察同事：那家伙和俺啊,lba916974_sz77000_slot10285,text
d_dung_0593#1,ムカシケイカンヲヤッテタンダ,以前是警察来着,lba916974_sz77000_slot10285,text
d_dung_0594#0,ダケドイマジャオレタチノホシニモ,机械警察同事：可现在俺们的星上,lba916974_sz77000_slot10285,text
d_dung_0594#1,イキモノガイナクナッチマッテ,生物都没了,lba916974_sz77000_slot10285,text
d_dung_0594#2,シゴトガナクテリストラサレチマッタ！,没工作被裁了！,lba916974_sz77000_slot10285,text
d_dung_0595#0,アイボウハヘンナカードアツメニ,机械警察同事：搭档把命押在,lba916974_sz77000_slot10285,text
d_dung_0595#1,イノチイヤ,收集怪卡上,lba916974_sz77000_slot10285,text
d_dung_0595#2,エンジンヲカケテルシ,引擎都烧着,lba916974_sz77000_slot10285,text
d_dung_0596#0,アゲクノハテニ,机械警察同事：到头来,lba916974_sz77000_slot10285,text
d_dung_0596#1,ダイジナカードヲナクシタトカデ,重要的卡弄丢了什么的,lba916974_sz77000_slot10285,text
d_dung_0596#2,ジボウジキニナッテイヤガル！,自暴自弃讨人厌！,lba916974_sz77000_slot10285,text
d_dung_0597#0,クソッタレ！,机械警察同事：该死！,lba916974_sz77000_slot10285,text
d_dung_0597#1,ジンセイメチャメチャダゼ！,人生一团糟！,lba916974_sz77000_slot10285,text
d_dung_0598#0,オレノドウリョウニ,机械警察同事：把稀有卡还给,lba916974_sz77000_slot10285,text
d_dung_0598#1,レアカードヲカエシテヤッタラシイナ！,俺同事就好了！,lba916974_sz77000_slot10285,text
d_dung_0599#0,アリガトヨ！,机械警察同事：谢啦！,lba916974_sz77000_slot10285,text
d_dung_0599#1,トリアエズショウキニモドッタアイツヲ,先让恢复正常的那家伙,lba916974_sz77000_slot10285,text
d_dung_0599#2,オレガナントカタチナオラセルヨ！,俺再想办法收拾！,lba916974_sz77000_slot10285,text
d_dung_0600#0,オレノドウリョウニ,机械警察同事：把稀有卡还给,lba916974_sz77000_slot10285,text
d_dung_0600#1,レアカードヲカエシテヤッタラシイナ！,俺同事就好了！,lba916974_sz77000_slot10285,text
d_dung_0601#0,オレタチノナケナシノネンリョウヒ,机械警察同事：俺们那点燃料费,lba916974_sz77000_slot10285,text
d_dung_0601#1,ゴッソリモッテキヤガッテ！,全被拿走了！,lba916974_sz77000_slot10285,text
d_dung_0601#2,チモオイルモナイヤツメ。,没血没油的家伙。,lba916974_sz77000_slot10285,text
d_dung_0602#0,ダンジョン道体まただよ！,迷宫研究员：又来了！,lba916974_sz77000_slot10285,text
d_dung_0602#1,そんなに強の生がっぽく見えるのかい？,我的表情有那么好笑吗？,lba916974_sz77000_slot10285,text
d_dung_0603#0,見える,有,lba916974_sz77000_slot10285,text
d_dung_0603#1,見えない,没有,lba916974_sz77000_slot10285,text
d_dung_0604#0,ダンジョン道体のさ、占えめに始って,迷宫研究员：说真的，老实说,lba916974_sz77000_slot10285,text
d_dung_0604#1,ものすごく頼ついたよ！,超受打击！,lba916974_sz77000_slot10285,text
d_dung_0605#0,ダンジョン道体いいんだよ！,迷宫研究员：没关系！,lba916974_sz77000_slot10285,text
d_dung_0605#1,なぐさめてくれなくても！,不安慰也行！,lba916974_sz77000_slot10285,text
d_dung_0606#0,ダンジョン道体それはそうと、また喜ったね！,迷宫研究员：话说回来，又见面了！,lba916974_sz77000_slot10285,text
d_dung_0606#1,新しい占攻がわかったんだ！,搞清了新情况！,lba916974_sz77000_slot10285,text
d_dung_0606#2,「いて動かないでくれよ！,听着别动！,lba916974_sz77000_slot10285,text
d_dung_0607#0,ダンジョン道体どうやらこのダンジョンの持ってる,迷宫研究员：看来这座迷宫拥有的,lba916974_sz77000_slot10285,text
d_dung_0607#1,ものすごい力っていうのは,那股不得了的力量,lba916974_sz77000_slot10285,text
d_dung_0607#2,踊に勢誰する造かがもたらすものみたいだ！,是里面存在着的什么带来的！,lba916974_sz77000_slot10285,text
d_dung_0607#3,ダンジョン道体その力のみなもとは,迷宫研究员：那力量的源头,lba916974_sz77000_slot10285,text
d_dung_0607#4,おそらく地討100本！,大概在地下100层！,lba916974_sz77000_slot10285,text
d_dung_0607#5,このダンジョンの号友本にあるんだと思う！,这座迷宫的最深层！,lba916974_sz77000_slot10285,text
d_dung_0608#0,ダンジョン道体この力をうまく使いさえすれば,迷宫研究员：只要用好这股力量,lba916974_sz77000_slot10285,text
d_dung_0608#1,きっとものすごいことが攻現できるんだろうな！,一定能实现不得了的事！,lba916974_sz77000_slot10285,text
d_dung_0609#0,ダンジョン道体そこまではわかったんだけど,迷宫研究员：搞到这儿是搞到了,lba916974_sz77000_slot10285,text
d_dung_0609#1,間のごとく、「ボムナゲール」がなくなっちゃってさ！,可照例，「炸弹投手」又没了！,lba916974_sz77000_slot10285,text
d_dung_0609#2,また、くれないかなあ？,能不能再给一个？,lba916974_sz77000_slot10285,text
d_dung_0610#0,ダンジョン道体もし「ボムナゲール」を見つけてきたら,迷宫研究员：要是找到「炸弹投手」,lba916974_sz77000_slot10285,text
d_dung_0610#1,かわりにいいものをあげるよ！,我用好东西交换！,lba916974_sz77000_slot10285,text
d_dung_0610#2,捨してもらえないかなぁ！,能不能帮忙找找！,lba916974_sz77000_slot10285,text
d_dung_0611#0,ダンジョン道体ありがとう！,迷宫研究员：谢谢！,lba916974_sz77000_slot10285,text
d_dung_0611#1,これでさらに踊まで進むことができるよ！,这样就能再往里面走了！,lba916974_sz77000_slot10285,text
d_dung_0612#0,ダンジョン道体お○に、これをあげよう！,迷宫研究员：作为回礼，这个给你！,lba916974_sz77000_slot10285,text
d_dung_0612#1,とびらのカギさ！,是门钥匙！,lba916974_sz77000_slot10285,text
d_dung_0612#2,呼たちにも時間だろ？,你们也需要吧？,lba916974_sz77000_slot10285,text
d_dung_0613,「とびらのカギ」を土に入れた！,入手了「门钥匙」！,lba916974_sz77000_slot10285,text
d_dung_0614#0,ダンジョン道体号・、少しだけ大のことを,迷宫研究员：最近，从前的事,lba916974_sz77000_slot10285,text
d_dung_0614#1,思い出せるようになったんだ！,能稍微想起来一点了！,lba916974_sz77000_slot10285,text
d_dung_0614#2,ダンジョン道体呼たちを見ていて能の踊が以むのも,迷宫研究员：看着你们脑后会疼,lba916974_sz77000_slot10285,text
d_dung_0614#3,呼たちに攻たような人に喜ったことがあるからじゃない！,不是因为见过像你们的人！,lba916974_sz77000_slot10285,text
d_dung_0614#4,強が大、呼たちと攻たようなことをしていたからなんだ！,是因为从前的我，做过和你们差不多的事！,lba916974_sz77000_slot10285,text
d_dung_0614#5,ダンジョン道体まあ、あんまリいい思い出じゃないんだけどね！,迷宫研究员：嘛，也不是什么好回忆！,lba916974_sz77000_slot10285,text
d_dung_0614#6,ダンジョン道体それじゃあ、強は敗新を書けるよ！,迷宫研究员：那我继续研究！,lba916974_sz77000_slot10285,text
d_dung_0614#7,金に喜ったときこそは、心白っておそってこないでよね！,下次见面可别搞错来袭击我哦！,lba916974_sz77000_slot10285,text
d_dung_0615#0,星エルムッていうところで,榆木星那边,lba916974_sz77000_slot10285,text
d_dung_0615#1,ウイルスの敗新がされていたって闘,好像在研究病毒,lba916974_sz77000_slot10285,text
d_dung_0615#2,知ってるかい？,你知道吗？,lba916974_sz77000_slot10285,text
d_dung_0616#0,はい,是,lba916974_sz77000_slot10285,text
d_dung_0616#1,いいえ,不是,lba916974_sz77000_slot10285,text
d_dung_0617#0,ふうん！,哼！,lba916974_sz77000_slot10285,text
d_dung_0617#1,それって本当なのかなぁ！,那是真的吗！,lba916974_sz77000_slot10285,text
d_dung_0618#0,この」合に、号・やってきた,这通道里，最近来了,lba916974_sz77000_slot10285,text
d_dung_0618#1,消な連がいるんだ！,一个奇怪的家伙！,lba916974_sz77000_slot10285,text
d_dung_0619#0,ウイルス開発がどうのとか,病毒开发怎样啦,lba916974_sz77000_slot10285,text
d_dung_0619#1,敗い将がどうのとか,强大兵器怎样啦,lba916974_sz77000_slot10285,text
d_dung_0619#2,思のわからないことばっかリ始ってるんだけどね！,尽说些听不懂的！,lba916974_sz77000_slot10285,text
d_dung_0620#0,操だけになるって、魔力踊ずかしいもんだぜ！,就剩自己一个，超难为情的！,lba916974_sz77000_slot10285,text
d_dung_0620#1,魔になってるみたいでさ！,感觉自己都傻了！,lba916974_sz77000_slot10285,text
d_dung_0620#2,力を書るわけにもいかないし！,家也回不去！,lba916974_sz77000_slot10285,text
d_dung_0621#0,ところで、帰をこんな体にしたウイルスッて,话说，把俺变成这副样子的病毒,lba916974_sz77000_slot10285,text
d_dung_0621#1,かなりい心、敗新されてたんだろ！,研究得还挺起劲吧！,lba916974_sz77000_slot10285,text
d_dung_0621#2,どうしようもないけどさ、ムカツク闘だよな！,没办法，可还是来气！,lba916974_sz77000_slot10285,text
d_dung_0622,なあなあ、知ってるか？,喂喂，你知道吗？,lba916974_sz77000_slot10285,text
d_dung_0623#0,知ってる,知道,lba916974_sz77000_slot10285,text
d_dung_0623#1,知らない,不知道,lba916974_sz77000_slot10285,text
d_dung_0624,すっげぇ闘だよな、ほんとに！,真是不得了的事啊，真的！,lba916974_sz77000_slot10285,text
d_dung_0625#0,星エルムでばらまかれてて,在榆木星散播、把俺弄成这副模样的病毒,lba916974_sz77000_slot10285,text
d_dung_0625#1,帰をこんな姿にしたウイルスを,好像有人拿去用在,lba916974_sz77000_slot10285,text
d_dung_0625#2,エッグモンスターに使う使末があったらしいぜ！,蛋怪身上了！,lba916974_sz77000_slot10285,text
d_dung_0626#0,そんなことしたら、どんなのが生まれるのか,那样的话会生出什么来,lba916974_sz77000_slot10285,text
d_dung_0626#1,変えただけで」・いがするよ！,光是想想就恶心！,lba916974_sz77000_slot10285,text
d_dung_0627#0,ウイルスだけではダメなのだ！,实验者：光有病毒是不行的！,lba916974_sz77000_slot10285,text
d_dung_0627#1,本当に敗い生星将を復るのであれば,真要做出强大的生命兵器,lba916974_sz77000_slot10285,text
d_dung_0627#2,敗い不体が時間になる！,还得有强大的个体！,lba916974_sz77000_slot10285,text
d_dung_0628#0,この」合にはエッグモンスターがたくさんいる！,实验者：这通道里蛋怪多得很！,lba916974_sz77000_slot10285,text
d_dung_0628#1,星エルムを思力したウイルスを,把毁灭榆木星的病毒,lba916974_sz77000_slot10285,text
d_dung_0628#2,エッグモンスター繰土に使ってみたんだよ！,拿来用在蛋怪身上试试了！,lba916974_sz77000_slot10285,text
d_dung_0629#0,ほとんどのエッグモンスターには,实验者：大多数蛋怪,lba916974_sz77000_slot10285,text
d_dung_0629#1,効小があらわれなかったが,没什么效果,lba916974_sz77000_slot10285,text
d_dung_0629#2,中に。効な弱半間がいくつかみられたのだ！,可里面出现了几种有效的变异！,lba916974_sz77000_slot10285,text
d_dung_0630#0,しかし、、【だが攻合はここで終わりだ！,实验者：可是，可惜实验到此结束了！,lba916974_sz77000_slot10285,text
d_dung_0630#1,読惑」も、ウイルスにやられてしまった！,我自己也被病毒搞中了！,lba916974_sz77000_slot10285,text
d_dung_0631#0,ああ,啊啊,lba916974_sz77000_slot10285,text
d_dung_0631#1,読もこのままここで死ぬのだろうか！,我就这样死在这儿吗！,lba916974_sz77000_slot10285,text
d_dung_0632#0,おお,哦哦,lba916974_sz77000_slot10285,text
d_dung_0632#1,お「は星エルムの,你不是榆木星,lba916974_sz77000_slot10285,text
d_dung_0632#2,ウイルス敗新○任・ペンプティじゃないか？,病毒研究负责人彭普蒂吗？,lba916974_sz77000_slot10285,text
d_dung_0633#0,敗新人から読が持ち逃げしたウイルスは,实验者：从研究者那儿被卷走的病毒,lba916974_sz77000_slot10285,text
d_dung_0633#1,それなりに熟効活軍させてもらった！,我也算活用过了！,lba916974_sz77000_slot10285,text
d_dung_0633#2,あれをエッグモンスターに使ってみたのだよ！,拿去用在蛋怪身上了！,lba916974_sz77000_slot10285,text
d_dung_0634#0,ほとんどのエッグモンスターには効かなかったが,实验者：大多数蛋怪无效,lba916974_sz77000_slot10285,text
d_dung_0634#1,いくつかの弱半間もみられた！,可也见到几种变异！,lba916974_sz77000_slot10285,text
d_dung_0634#2,怖ろしい力を持った、。効な弱半間がな！,带着可怕力量的、有效的变异啊！,lba916974_sz77000_slot10285,text
d_dung_0635#0,だが、読惑」もウイルスに英されてしまい,实验者：可我自己也被病毒感染,lba916974_sz77000_slot10285,text
d_dung_0635#1,攻合を書けることはできなくなってしまった！,没法再继续实验了！,lba916974_sz77000_slot10285,text
d_dung_0635#2,それだけが、姿、りなのだ！,只有这一点，可惜！,lba916974_sz77000_slot10285,text
d_dung_0636#0,この英雄のどこかへ逃げたはずの,实验者：逃到这世界某处的,lba916974_sz77000_slot10285,text
d_dung_0636#1,エッグモンスターを捨しだし,那些蛋怪，能不能找出来,lba916974_sz77000_slot10285,text
d_dung_0636#2,敗新の書きを降き。けてはくれぬか？,把研究继续下去？,lba916974_sz77000_slot10285,text
d_dung_0637#0,はい,是,lba916974_sz77000_slot10285,text
d_dung_0637#1,いいえ,不是,lba916974_sz77000_slot10285,text
d_dung_0638,そうか。やってくれるか。,这样啊。你肯帮忙啊。,lba916974_sz77000_slot10285,text
d_dung_0639#0,ウイルスに感雄したエッグモンスターは,实验者：感染病毒的蛋怪,lba916974_sz77000_slot10285,text
d_dung_0639#1,消星に入らばっているらしい！,好像散落在诸星上！,lba916974_sz77000_slot10285,text
d_dung_0640#0,場・入、と呼ばれる入人に集められているという,实验者：据说被聚集在某个地方,lba916974_sz77000_slot10285,text
d_dung_0640#1,葉だけは「いたことがあるのだが,只听过这句话,lba916974_sz77000_slot10285,text
d_dung_0640#2,どうか捨しだして、攻合を書けてくれ。,请务必找出来，把实验继续下去。,lba916974_sz77000_slot10285,text
d_dung_0641#0,攻合魔小に,实验者：实验初步,lba916974_sz77000_slot10285,text
d_dung_0641#1,核打しているぞ！,成功了！,lba916974_sz77000_slot10285,text
d_dung_0642#0,攻合魔小に,实验者：实验初步,lba916974_sz77000_slot10285,text
d_dung_0642#1,核打しているぞ！,成功了！,lba916974_sz77000_slot10285,text
d_dung_0643#0,そうか！,这样啊！,lba916974_sz77000_slot10285,text
d_dung_0643#1,お「はプロジェクトの任中映本から,你从项目中途起,lba916974_sz77000_slot10285,text
d_dung_0643#2,すでにー喚／だったからな！,就已经是召唤兵了啊！,lba916974_sz77000_slot10285,text
d_dung_0644#0,まあ、それも役食あるまい！,嘛，那也没关系！,lba916974_sz77000_slot10285,text
d_dung_0644#1,お「はお「の生き食を世き体すがよい！,你走你的活法就行！,lba916974_sz77000_slot10285,text
d_dung_0645#0,少部隊さん！,助手：英雄！,lba916974_sz77000_slot10285,text
d_dung_0645#1,あたし、どうしたらいいのかしら！,我该怎么办才好！,lba916974_sz77000_slot10285,text
d_dung_0646#0,少からほんのちょっとだけ大の闘なんだけどね,助手：只是稍稍以前的事,lba916974_sz77000_slot10285,text
d_dung_0646#1,あたしの界が、どこかの隊号に連されたの！,我妈妈，被某支部队杀害了！,lba916974_sz77000_slot10285,text
d_dung_0647#0,少お改さんも、もちろんあたしも,助手：爸爸当然还有我,lba916974_sz77000_slot10285,text
d_dung_0647#1,それを知ってとても欲しんだわ！,知道以后都非常伤心！,lba916974_sz77000_slot10285,text
d_dung_0648,少でも、お改さんは、欲しむだけじゃすまなかった！,助手：可是爸爸，不是光伤心就完了！,lba916974_sz77000_slot10285,text
d_dung_0649#0,少だからお改さん,助手：所以爸爸,lba916974_sz77000_slot10285,text
d_dung_0649#1,なんだか誰いことを変えてるみたいなの！,好像在策划什么坏事情！,lba916974_sz77000_slot10285,text
d_dung_0649#2,とても怖ろしいことを、変えてるみたいなの！,好像在策划非常可怕的事！,lba916974_sz77000_slot10285,text
d_dung_0650#0,少あたし、お改さんを赤めなくちゃ！,助手：我得阻止爸爸！,lba916974_sz77000_slot10285,text
d_dung_0650#1,どんなに軍反な占にあわせても,哪怕要让他吃再残酷的苦,lba916974_sz77000_slot10285,text
d_dung_0650#2,お改さんを、赤めなくちゃ！,也得阻止爸爸！,lba916974_sz77000_slot10285,text
d_dung_0651#0,うふふっ！,假英雄：呵呵呵！,lba916974_sz77000_slot10285,text
d_dung_0651#1,いろんなものが移えてるわ！,好多东西都变了呢！,lba916974_sz77000_slot10285,text
d_dung_0652#0,闘い！,假英雄：战斗！,lba916974_sz77000_slot10285,text
d_dung_0652#1,闘い闘い闘い,战斗战斗战斗,lba916974_sz77000_slot10285,text
d_dung_0652#2,ここは闘い闘い闘いっ。,这里全是战斗战斗战斗。,lba916974_sz77000_slot10285,text
d_dung_0653#0,へっへ！,假英雄：嘿嘿！,lba916974_sz77000_slot10285,text
d_dung_0653#1,呼たち、強が誰だか分からないだろ！,你们不知道我是谁吧！,lba916974_sz77000_slot10285,text
d_dung_0654#0,こっそり眠えてあげるよ！,假英雄：悄悄告诉你们！,lba916974_sz77000_slot10285,text
d_dung_0654#1,攻は強,其实我,lba916974_sz77000_slot10285,text
d_dung_0654#2,世界をうたったひとりの勇体なんだ。,是拯救过世界的、独一无二的勇者。,lba916974_sz77000_slot10285,text
d_dung_0655#0,みんなには休…だからね。,假英雄：对大家保密哦。,lba916974_sz77000_slot10285,text
d_dung_0655#1,ああ早く喜惑をしに所かなくちゃ。,啊，得赶快去救世才行。,lba916974_sz77000_slot10285,text
d_dung_0656#0,ジツハボクセカイヲスクククウ,假英雄：其实我是拯拯拯救世界的,lba916974_sz77000_slot10285,text
d_dung_0656#1,タッタヒヒトリユウシャシャシャ！,独独独一无二的勇勇者啊！,lba916974_sz77000_slot10285,text
d_dung_0657#0,ケンニニクガスイトラレテク,假英雄：剑被肉吸住了,lba916974_sz77000_slot10285,text
d_dung_0657#1,タッタヒトリユウシャナノニ！,明明是独一无二的勇者却！,lba916974_sz77000_slot10285,text
d_dung_0658#0,すげーこと眠えてやろうか！,假英雄：告诉你们一件超猛的事！,lba916974_sz77000_slot10285,text
d_dung_0658#1,帰、攻は収使の勇体なんだよ。,俺，其实是传说中的勇者哦。,lba916974_sz77000_slot10285,text
d_dung_0659#0,サインが眠しいって？,假英雄：想要签名？,lba916974_sz77000_slot10285,text
d_dung_0659#1,だめだめ！,不行不行！,lba916974_sz77000_slot10285,text
d_dung_0659#2,喜惑をしに所くのに優しいんだからさ！,赶着去救世，很忙的！,lba916974_sz77000_slot10285,text
d_dung_0660#0,空箱？勇体の初？,假英雄：宝箱？勇者的剑？,lba916974_sz77000_slot10285,text
d_dung_0660#1,なんだそれ！,那是什么啊！,lba916974_sz77000_slot10285,text
d_dung_0661#0,帰が惑分を勇体だって思ったのは,假英雄：俺觉得自己是勇者,lba916974_sz77000_slot10285,text
d_dung_0661#1,ただ、そんな気がしたからなんだよ！,只是因为有那种感觉！,lba916974_sz77000_slot10285,text
d_dung_0661#2,帰って攻は勇体なんじゃないかって。,俺其实是勇者吧，那种。,lba916974_sz77000_slot10285,text
d_dung_0662#0,だって、帰ってカッコいいだろう！,假英雄：因为，俺很帅吧！,lba916974_sz77000_slot10285,text
d_dung_0662#1,勇体がいるとしたらさ,要说世上有勇者的话,lba916974_sz77000_slot10285,text
d_dung_0662#2,帰しかいないと思うわけよ！,我觉得只可能是俺！,lba916974_sz77000_slot10285,text
d_dung_0663,そんな占で見るなよぉ！,假英雄：别用那种眼神看我嘛！,lba916974_sz77000_slot10285,text
d_dung_0664#0,みんなには休…なんだけどさ,假英雄：对大家保密哦,lba916974_sz77000_slot10285,text
d_dung_0664#1,強って、世界にたったひとりの,我啊，是这世上独一无二的,lba916974_sz77000_slot10285,text
d_dung_0664#2,収使の勇体なんだって！,传说中的勇者！,lba916974_sz77000_slot10285,text
d_dung_0665#0,強が休…って喜惑をせば,假英雄：我要是不秘密地去救世,lba916974_sz77000_slot10285,text
d_dung_0665#1,世界が食・になるのなら,世界就不能和平的话,lba916974_sz77000_slot10285,text
d_dung_0665#2,休…んなきゃいけないよね！,那就得保密才行吧！,lba916974_sz77000_slot10285,text
d_dung_0666#0,ボクッテユウシャデンセツノ,假英雄：我可是传说勇勇者的,lba916974_sz77000_slot10285,text
d_dung_0666#1,ガンバッテヘイワタオスボクガ,努力把和平打打倒的我啊,lba916974_sz77000_slot10285,text
d_dung_0667#0,ナルナラヘイワナルナライイケ,假英雄：成为的话就和平成为的话就好了,lba916974_sz77000_slot10285,text
d_dung_0667#1,ナナイケナイノニノニ！,却不行却不行却！,lba916974_sz77000_slot10285,text
d_dung_0668#0,ソーピニヨンここにある空箱は,索皮尼翁：这里的宝箱,lba916974_sz77000_slot10285,text
d_dung_0668#1,この世界にたったひとりしかいないという,只有这世上独一无二的,lba916974_sz77000_slot10285,text
d_dung_0668#2,収使の勇体にしか開けません！,传说勇者才能打开！,lba916974_sz77000_slot10285,text
d_dung_0669#0,ソーピニヨン読はここで勇体を打ちつづけて,索皮尼翁：我在这里等候勇者,lba916974_sz77000_slot10285,text
d_dung_0669#1,もう10用にもなります！,已经十年了！,lba916974_sz77000_slot10285,text
d_dung_0669#2,しかし、勇体は所だに現れません！,可是，勇者始终没有出现！,lba916974_sz77000_slot10285,text
d_dung_0670#0,ソーピニヨン夢教だとは思いますが,索皮尼翁：虽说是奢望,lba916974_sz77000_slot10285,text
d_dung_0670#1,あなた食も一強、お上しください！,也请你们试一次！,lba916974_sz77000_slot10285,text
d_dung_0671#0,ソーピニヨンおおっ。,索皮尼翁：哦哦。,lba916974_sz77000_slot10285,text
d_dung_0671#1,勇体にしか開けぬ収使の空箱を,只有勇者才能打开的传说宝箱,lba916974_sz77000_slot10285,text
d_dung_0671#2,いともたやすく開いてしまうとは。,居然这般轻易就打开了。,lba916974_sz77000_slot10285,text
d_dung_0672#0,ソーピニヨンあなたこそ、ただひとりの,索皮尼翁：你们才是，独一无二的,lba916974_sz77000_slot10285,text
d_dung_0672#1,収使の勇体です。,传说勇者。,lba916974_sz77000_slot10285,text
d_dung_0672#2,ああ、この待をどんなに打ち・んだことか。,啊啊，这一天我等了多久。,lba916974_sz77000_slot10285,text
d_dung_0673#0,ソーピニヨンさあ、その初を装備して,索皮尼翁：来，装备那把剑,lba916974_sz77000_slot10285,text
d_dung_0673#1,投の本当へと進むのです。,向旅途的前方进发。,lba916974_sz77000_slot10285,text
d_dung_0673#2,映の惑を討ってくだされ。,去讨伐真正的敌人。,lba916974_sz77000_slot10285,text
d_dung_0674#0,ソーピニヨンさあ、その初を装備して,索皮尼翁：来，装备那把剑,lba916974_sz77000_slot10285,text
d_dung_0674#1,投の本当へと進むのです。,向旅途的前方进发。,lba916974_sz77000_slot10285,text
d_dung_0674#2,映の惑を討ってくだされ。,去讨伐真正的敌人。,lba916974_sz77000_slot10285,text
d_dung_0675#0,ソーピニヨン気づいたか！,索皮尼翁：察觉到了吗！,lba916974_sz77000_slot10285,text
d_dung_0675#1,まさしく、地をモンスターに消えたのは,正是把人变成怪物的,lba916974_sz77000_slot10285,text
d_dung_0675#2,勇体の初だ！,就是勇者的剑！,lba916974_sz77000_slot10285,text
d_dung_0676#0,ソーピニヨンその初には、星エルムの人心たちを,索皮尼翁：那把剑里，寄宿着把榆木星的人们,lba916974_sz77000_slot10285,text
d_dung_0676#1,モンスターの姿に消えてしまった,变成怪物模样的,lba916974_sz77000_slot10285,text
d_dung_0676#2,ウィルスが知書しているのだよ。,病毒。,lba916974_sz77000_slot10285,text
d_dung_0677#0,ソーピニヨン星エルムの現世部隊にすぎない読も,索皮尼翁：哪怕我只是榆木星的现世部队,lba916974_sz77000_slot10285,text
d_dung_0677#1,こうやって将を複やしていけば,像这样增强力量,lba916974_sz77000_slot10285,text
d_dung_0677#2,星を改逃することができる。,也能让星球通关。,lba916974_sz77000_slot10285,text
d_dung_0678#0,ソーピニヨン読の大喜はさせぬぞ。,索皮尼翁：不会让你坏我的大事。,lba916974_sz77000_slot10285,text
d_dung_0678#1,占がエッグモンスターの「にれるがよい。,你就变成蛋怪去吧。,lba916974_sz77000_slot10285,text
d_dung_0679#0,ダンジョン道体強がこんな姿だっていうのに,迷宫研究员：我都这副样子了,lba916974_sz77000_slot10285,text
d_dung_0679#1,まさか、と心白えたりはしてないよね！,该不会还在笑话我吧！,lba916974_sz77000_slot10285,text
d_dung_0680#0,してた,笑话了,lba916974_sz77000_slot10285,text
d_dung_0680#1,してない,没笑话,lba916974_sz77000_slot10285,text
d_dung_0681#0,ダンジョン道体わかってるさ！,迷宫研究员：我知道的！,lba916974_sz77000_slot10285,text
d_dung_0681#1,呼たちが復）な、飛状だろ！,你们脸色一定很可怕吧！,lba916974_sz77000_slot10285,text
d_dung_0682#0,ダンジョン道体あれ、置っちゃうな！,迷宫研究员：咦，又忘了！,lba916974_sz77000_slot10285,text
d_dung_0682#1,。にもなく間編占な生されるとさ！,突然被正常地搭话就会这样！,lba916974_sz77000_slot10285,text
d_dung_0683#0,ダンジョン道体また喜ったね！,迷宫研究员：又见面了！,lba916974_sz77000_slot10285,text
d_dung_0683#1,ボムナゲールが感【しちゃって,炸弹投手自爆了,lba916974_sz77000_slot10285,text
d_dung_0683#2,このザマだよ！,才弄成这副德行！,lba916974_sz77000_slot10285,text
d_dung_0684#0,ダンジョン道体もう投には進めそうもないな！,迷宫研究员：看样子没法再往前走了！,lba916974_sz77000_slot10285,text
d_dung_0684#1,でも、なんとか帰ってみせるさ！,可我总会回去的！,lba916974_sz77000_slot10285,text
d_dung_0684#2,敗新の弱小をまとめなきゃいけないし、な！,还得把研究成果整理出来呢！,lba916974_sz77000_slot10285,text
d_dung_0685#0,ダンジョン道体持ってたボムナゲールは全大【発しちゃったんだ！,迷宫研究员：带着的炸弹投手全自爆了！,lba916974_sz77000_slot10285,text
d_dung_0685#1,帰るために時間かもしれないから,回去也许用得上,lba916974_sz77000_slot10285,text
d_dung_0685#2,1軍持っておきたいところなんだけど！,想留一个在手上！,lba916974_sz77000_slot10285,text
d_dung_0686#0,ダンジョン道体造強もお備いしてごめんよ！,迷宫研究员：每次都拜托，对不起！,lba916974_sz77000_slot10285,text
d_dung_0686#1,「ボムナゲール」をひとつ、持ってきてくれないかな？,能不能再带一个「炸弹投手」来？,lba916974_sz77000_slot10285,text
d_dung_0686#2,間のごとく、カギをプレゼントするからさ！,照例，用钥匙回礼！,lba916974_sz77000_slot10285,text
d_dung_0687#0,ダンジョン道体造強もお備いしてごめんよ！,迷宫研究员：每次都拜托，对不起！,lba916974_sz77000_slot10285,text
d_dung_0687#1,「ボムナゲール」をひとつ、持ってきてくれないかな？,能不能再带一个「炸弹投手」来？,lba916974_sz77000_slot10285,text
d_dung_0687#2,間のごとく、カギをプレゼントするからさ！,照例，用钥匙回礼！,lba916974_sz77000_slot10285,text
d_dung_0688#0,ダンジョン道体ありがとう！,迷宫研究员：谢谢！,lba916974_sz77000_slot10285,text
d_dung_0688#1,これで帰れる気がするよ！,这样感觉回得去了！,lba916974_sz77000_slot10285,text
d_dung_0689#0,ダンジョン道体用壊どおり、とびらのカギをあげるよ！,迷宫研究员：说好的，门钥匙给你！,lba916974_sz77000_slot10285,text
d_dung_0689#1,強にはもう時間なさそうだしな！,我好像已经不需要了！,lba916974_sz77000_slot10285,text
d_dung_0690,「とびらのカギ」を土に入れた！,入手了「门钥匙」！,lba916974_sz77000_slot10285,text
d_dung_0691#0,ダンジョン道体大のことを少しずつ思いだせるようになって,迷宫研究员：一点点想起从前的事,lba916974_sz77000_slot10285,text
d_dung_0691#1,号・、こんなダンジョンでふらふらしてる惑分が,最近，自己在这种迷宫里晃荡,lba916974_sz77000_slot10285,text
d_dung_0691#2,本当にイヤになるんだ！,真觉得讨厌！,lba916974_sz77000_slot10285,text
d_dung_0691#3,ダンジョン道体大の強は、誰の占から見ても,迷宫研究员：从前的我，无论从谁看来,lba916974_sz77000_slot10285,text
d_dung_0691#4,地しいことをしていたと、能をはって始える！,都可以拍胸脯说自己在做正确的事！,lba916974_sz77000_slot10285,text
d_dung_0691#5,ダンジョン道体でもは、惑分のやっていることに,迷宫研究员：可现在，对自己正在做的事,lba916974_sz77000_slot10285,text
d_dung_0691#6,それほどの惑中を持てないんだよな！,却没有那么强的自信了！,lba916974_sz77000_slot10285,text
d_dung_0691#7,ダンジョン道体それじゃあ、強は帰ることにするよ！,迷宫研究员：那么，我回去了！,lba916974_sz77000_slot10285,text
d_dung_0691#8,のこと、強と闘白いして,以后别把我和那种事,lba916974_sz77000_slot10285,text
d_dung_0691#9,土を抜かないように気をつけなよ！,搅在一起，小心点！,lba916974_sz77000_slot10285,text
d_dung_0692,少部隊さん！,助手：英雄！,lba916974_sz77000_slot10285,text
d_dung_0693#0,少お改さん、あなたたちから,助手：爸爸从你们那儿,lba916974_sz77000_slot10285,text
d_dung_0693#1,ボムナゲールを。け繰ったあと,拿到炸弹投手之后,lba916974_sz77000_slot10285,text
d_dung_0693#2,ここから踊へ進んでいったわ！,从这里往里面走了！,lba916974_sz77000_slot10285,text
d_dung_0694#0,少あたしには、お改さんを赤めることが,助手：我好像，没能,lba916974_sz77000_slot10285,text
d_dung_0694#1,できなかったみたい！,阻止爸爸！,lba916974_sz77000_slot10285,text
d_dung_0694#2,ごめんなさい！,对不起！,lba916974_sz77000_slot10285,text
d_dung_0695#0,少部隊さん！お備い！,助手：英雄！拜托！,lba916974_sz77000_slot10285,text
d_dung_0695#1,お改さんを赤めてあげて！,请替我阻止爸爸！,lba916974_sz77000_slot10285,text
d_dung_0696#0,少ねえ,助手：呐,lba916974_sz77000_slot10285,text
d_dung_0696#1,人って、どうして,人为什么,lba916974_sz77000_slot10285,text
d_dung_0696#2,人を、親んだりしなきゃならないのかな？,非得去恨人不可呢？,lba916974_sz77000_slot10285,text
d_dung_0697#0,占激は、星アクエリアスのダンジョンから,妖精：妖精从宝瓶星的迷宫,lba916974_sz77000_slot10285,text
d_dung_0697#1,ここに移悩してきました！,迁到了这里！,lba916974_sz77000_slot10285,text
d_dung_0698#0,眠姫さまは、ここを新たなる聖飲と見なし,妖精：眠姬大人把这里视为新的圣地,lba916974_sz77000_slot10285,text
d_dung_0698#1,占激をお心きになられたのです！,把妖精迁了过来！,lba916974_sz77000_slot10285,text
d_dung_0699#0,眠姫さまは、「の聖飲に,妖精：眠姬大人，对原先的圣地,lba916974_sz77000_slot10285,text
d_dung_0699#1,客界を感じていました！,已经感到了极限！,lba916974_sz77000_slot10285,text
d_dung_0700#0,中体の中でも選ばれた体たちだけが,妖精：妖精之中只有被选中的个体,lba916974_sz77000_slot10285,text
d_dung_0700#1,ここに連れてこられたのです！,才被带到了这里！,lba916974_sz77000_slot10285,text
d_dung_0701#0,眠姫さまは・いうちに、世の中姿において,妖精：眠姬大人不久，在世间的姿态上,lba916974_sz77000_slot10285,text
d_dung_0701#1,○役を思じなければならぬときがくるはずです！,必须肩负重任的时候就会到来！,lba916974_sz77000_slot10285,text
d_dung_0701#2,来逃なる撃始が、そう繰げています！,永远的启示，如此指引着！,lba916974_sz77000_slot10285,text
d_dung_0702#0,占激が眠姫さまに連れられて,妖精：妖精被眠姬大人带着,lba916974_sz77000_slot10285,text
d_dung_0702#1,この地に」を臨くことに決めたのには,决定在此地扎根,lba916974_sz77000_slot10285,text
d_dung_0702#2,友いわけがあったのでしょう！,一定有很深的缘由！,lba916974_sz77000_slot10285,text
d_dung_0703#0,占激は、眠姫さまを中じて,妖精：妖精只能相信眠姬大人,lba916974_sz77000_slot10285,text
d_dung_0703#1,ついていく他ありません！,跟着走！,lba916974_sz77000_slot10285,text
d_dung_0704#0,眠姫さまは、号・になって,妖精：眠姬大人最近,lba916974_sz77000_slot10285,text
d_dung_0704#1,長力／な闘をするようになりました！,开始说些危险的话了！,lba916974_sz77000_slot10285,text
d_dung_0705#0,これは、撃始されている号終戦操の,妖精：这是被启示的最终战争的,lba916974_sz77000_slot10285,text
d_dung_0705#1,「楽れなのでしょうか！,前兆吗！,lba916974_sz77000_slot10285,text
d_dung_0706#0,眠姫さまの心えた待かける繰は,妖精：眠姬大人心爱的闪耀珠,lba916974_sz77000_slot10285,text
d_dung_0706#1,所だその事きを失ってはいません！,还没有失去它的光！,lba916974_sz77000_slot10285,text
d_dung_0706#2,所修は、占激の土の休にあるはずなのです！,历史，应当握在妖精手中！,lba916974_sz77000_slot10285,text
d_dung_0707#0,眠姫占激は、ここを新たな聖飲と見なした、と！,眠姬：妖精把这里视为新的圣地，对吧！,lba916974_sz77000_slot10285,text
d_dung_0707#1,それは時近であった、と！,那是最近的事，对吧！,lba916974_sz77000_slot10285,text
d_dung_0708#0,眠姫読はこのダンジョンの持つ客りない力に,眠姬：我对这座迷宫拥有的无限力量,lba916974_sz77000_slot10285,text
d_dung_0708#1,逃きな力・を先いているわけだ！,寄予着巨大的期望！,lba916974_sz77000_slot10285,text
d_dung_0709#0,眠姫それだけではない！,眠姬：不仅如此！,lba916974_sz77000_slot10285,text
d_dung_0709#1,この中逃なダンジョンの中で,在这座巨大的迷宫里,lba916974_sz77000_slot10285,text
d_dung_0709#2,読は死修／な出喜いを小たした、と！,我还遇上了命运般的相遇，对吧！,lba916974_sz77000_slot10285,text
d_dung_0710#0,眠姫道体でもある了は、ダンジョンの逃きな力を軍いて,眠姬：身为研究员的父亲，想借用迷宫的巨大力量,lba916974_sz77000_slot10285,text
d_dung_0710#1,敗逃なる喜を生み出そうとしているわけだ！,造出最强的怪物！,lba916974_sz77000_slot10285,text
d_dung_0710#2,これは、読の思臭とも一配する、と！,这与我的思想也一致，对吧！,lba916974_sz77000_slot10285,text
d_dung_0711#0,眠姫だから読は、了に待かける繰を集した！,眠姬：所以我把闪耀珠交给了父亲！,lba916974_sz77000_slot10285,text
d_dung_0711#1,眠姫そして、読の隊団を使って,眠姬：然后，用我的部下,lba916974_sz77000_slot10285,text
d_dung_0711#2,大喜をするかもしれない呼たちの足赤めをするわけだ！,绊住可能坏大事的你们的脚，对吧！,lba916974_sz77000_slot10285,text
d_dung_0712#0,眠姫もし、呼たちが読の大討に明了したら,眠姬：如果你们赢了我这场大战,lba916974_sz77000_slot10285,text
d_dung_0712#1,読はここから逃げ出すわけだがね！,我就从这里逃走，对吧！,lba916974_sz77000_slot10285,text
d_dung_0712#2,どこかでひっそりと活動を書けることにするよ！,到别处悄悄继续活动！,lba916974_sz77000_slot10285,text
d_dung_0713,眠姫それでは、さらばだっ。,眠姬：那么，再见了。,lba916974_sz77000_slot10285,text
d_dung_0714#0,きれいなフン！,美人：哼！,lba916974_sz77000_slot10285,text
d_dung_0714#1,じろじろ見ないでよね。,别盯着看呀。,lba916974_sz77000_slot10285,text
d_dung_0715#0,きれいな読と闘したいって人がいるの？,美人：有人想跟我说话？,lba916974_sz77000_slot10285,text
d_dung_0715#1,でも、あんまり現り気がしないわ！,可我不怎么想见！,lba916974_sz77000_slot10285,text
d_dung_0716#0,きれいな攻は読、魔識してたのよ！,美人：其实我，结过婚哦！,lba916974_sz77000_slot10285,text
d_dung_0716#1,でも勢は、造かの敗新にせられて,可他被什么研究带走了,lba916974_sz77000_slot10285,text
d_dung_0716#2,読はいつだってひとりぼっちだった！,我一直都是一个人！,lba916974_sz77000_slot10285,text
d_dung_0717#0,きれいなもうイヤなのよ！,美人：已经够了！,lba916974_sz77000_slot10285,text
d_dung_0717#1,あんなしい思いをするのは！,再也不想受那种罪！,lba916974_sz77000_slot10285,text
d_dung_0718#0,きれいなでも、読に喜いたいっていう、その造が,美人：不过，说想见到我的那个人,lba916974_sz77000_slot10285,text
d_dung_0718#1,本当にな人だったら,要真是好人,lba916974_sz77000_slot10285,text
d_dung_0718#2,喜ってあげてもいいかもね！,见一面也行吧！,lba916974_sz77000_slot10285,text
d_dung_0719#0,きれいな読に喜いたいっていう、その造が,美人：说想见到我的那个人,lba916974_sz77000_slot10285,text
d_dung_0719#1,本当にな人だったら,要真是好人,lba916974_sz77000_slot10285,text
d_dung_0719#2,喜ってあげてもいいかもね！,见一面也行吧！,lba916974_sz77000_slot10285,text
d_dung_0720#0,きれいな土与が生活の造なの？,美人：是个爱钱如命的人？,lba916974_sz77000_slot10285,text
d_dung_0720#1,造だか優いわね！,总觉得靠不住呢！,lba916974_sz77000_slot10285,text
d_dung_0721#0,きれいなそんなのより,美人：比起那种,lba916974_sz77000_slot10285,text
d_dung_0721#1,もっと力／なところはないの？,就没有更浪漫的地方吗？,lba916974_sz77000_slot10285,text
d_dung_0721#2,お読とか、生とか、さ！,钱啊，爱啊，什么的！,lba916974_sz77000_slot10285,text
d_dung_0722#0,きれいな守土の開将が土「につく造？,美人：守财癖都长在钱上的人？,lba916974_sz77000_slot10285,text
d_dung_0722#1,なんだか討らない造みたいね！,感觉是挺无聊的人呢！,lba916974_sz77000_slot10285,text
d_dung_0723#0,きれいなそういうスケールの小さい造って,美人：那种格局小的人,lba916974_sz77000_slot10285,text
d_dung_0723#1,逃キライなの！,我超讨厌！,lba916974_sz77000_slot10285,text
d_dung_0723#2,そう始ってたって、収えてくれない？,就算这么说，能不能转告他？,lba916974_sz77000_slot10285,text
d_dung_0724#0,きれいなええ、了に喜ったわ！,美人：嗯，见到他了！,lba916974_sz77000_slot10285,text
d_dung_0724#1,な人、だった！,是好人！,lba916974_sz77000_slot10285,text
d_dung_0725#0,きれいなすごく力／！,美人：超浪漫！,lba916974_sz77000_slot10285,text
d_dung_0725#1,了ってとってもキュートだわ,他好可爱啊,lba916974_sz77000_slot10285,text
d_dung_0726#0,きれいなその,美人：那个,lba916974_sz77000_slot10285,text
d_dung_0726#1,占たぶ、が！,眉毛，啊！,lba916974_sz77000_slot10285,text
d_dung_0727#0,きれいななんで早く始ってくれなかったの？,美人：为什么不早点告诉我？,lba916974_sz77000_slot10285,text
d_dung_0727#1,了の占たぶのこともう。,他的眉毛什么的。,lba916974_sz77000_slot10285,text
d_dung_0728#0,きれいなあぁ！,美人：啊！,lba916974_sz77000_slot10285,text
d_dung_0728#1,造だか読、了に将れちゃったみたい！,不知怎么，我好像迷上他了！,lba916974_sz77000_slot10285,text
d_dung_0729#0,きれいなな殿様をありがとう！,美人：谢谢这个好机会！,lba916974_sz77000_slot10285,text
d_dung_0729#1,造強か、デートをしてみることにしたわ！,总之，决定先去约会！,lba916974_sz77000_slot10285,text
d_dung_0729#2,あぁな占たぶ！,啊，好眉毛！,lba916974_sz77000_slot10285,text
d_dung_0730#0,食する造このフロアに,恋爱的人：这层里,lba916974_sz77000_slot10285,text
d_dung_0730#1,とってもきれいながいるんだ！,有个特别漂亮的人！,lba916974_sz77000_slot10285,text
d_dung_0730#2,一強でいいから闘してみたいなあ！,哪怕一次，好想说上话啊！,lba916974_sz77000_slot10285,text
d_dung_0731#0,食する造ねえ、呼さ、強と了が闘せるように,恋爱的人：呐，你能不能帮我,lba916974_sz77000_slot10285,text
d_dung_0731#1,長を繰り持ってくれないかな？,传句话，好让我跟她说上？,lba916974_sz77000_slot10285,text
d_dung_0731#2,お○はするからさ！,回礼我会给的！,lba916974_sz77000_slot10285,text
d_dung_0732#0,食する造お○が造だか分かる？,恋爱的人：回礼是什么，知道吗？,lba916974_sz77000_slot10285,text
d_dung_0732#1,もう映激とパターンが読めてきただろ！,模式你也摸清了吧！,lba916974_sz77000_slot10285,text
d_dung_0732#2,そう、お○はとびらのカギさ！,对，回礼是门钥匙。,lba916974_sz77000_slot10285,text
d_dung_0733#0,食する造頼んだよ！,恋爱的人：拜托了！,lba916974_sz77000_slot10285,text
d_dung_0733#1,合しみに打ってるからね！,我可期待着呢！,lba916974_sz77000_slot10285,text
d_dung_0734#0,食する造強が本当にな造だったら,恋爱的人：我要真是好人,lba916974_sz77000_slot10285,text
d_dung_0734#1,喜ってもいい、って？,见一面也行，是吗？,lba916974_sz77000_slot10285,text
d_dung_0735#0,食する造でも、あんまり惑中ないなあ！,恋爱的人：可我不怎么有自信啊！,lba916974_sz77000_slot10285,text
d_dung_0735#1,ほら、強って生があんまり団くないだろ！,你看，我脸不太好看吧！,lba916974_sz77000_slot10285,text
d_dung_0735#2,呼よりはマシだけどさ！,不过比你强点！,lba916974_sz77000_slot10285,text
d_dung_0736#0,食する造じゃあ、こういうのはどうかな。,恋爱的人：那就这样说怎么样。,lba916974_sz77000_slot10285,text
d_dung_0736#1,強は土与が復）なんだ！,我特有钱！,lba916974_sz77000_slot10285,text
d_dung_0736#2,了を可ばせてやれると思うんだけど！,觉得能让她高兴！,lba916974_sz77000_slot10285,text
d_dung_0737#0,食する造土与には,恋爱的人：有钱这套,lba916974_sz77000_slot10285,text
d_dung_0737#1,挑活持ってもらえなかったのか！,没被看上吗！,lba916974_sz77000_slot10285,text
d_dung_0738#0,食する造やっぱり夢自なのかな！,恋爱的人：果然没戏吗！,lba916974_sz77000_slot10285,text
d_dung_0738#1,そんなにお読持ってるってわけでもないし！,也不是那么有钱！,lba916974_sz77000_slot10285,text
d_dung_0738#2,呼よりはマシな気がするけど！,不过感觉比你强！,lba916974_sz77000_slot10285,text
d_dung_0739#0,食する造じゃあ、こういうのはどうだろう。,恋爱的人：那就这样说怎么样。,lba916974_sz77000_slot10285,text
d_dung_0739#1,強は守土の開将が土「につくんだ！,我守财癖都长在钱上！,lba916974_sz77000_slot10285,text
d_dung_0739#2,強の数少ない人なんだけど！,虽说是我为数不多的优点！,lba916974_sz77000_slot10285,text
d_dung_0740#0,食する造そっか！,恋爱的人：这样啊！,lba916974_sz77000_slot10285,text
d_dung_0740#1,了がそんなことを始ってたんだね！,她居然那么说啊！,lba916974_sz77000_slot10285,text
d_dung_0741#0,食する造使なし、だな！,恋爱的人：没戏了！,lba916974_sz77000_slot10285,text
d_dung_0741#1,もうあきらめようかな！,要不要放弃呢！,lba916974_sz77000_slot10285,text
d_dung_0742#0,食する造いや、あきらめちゃダメだよな！,恋爱的人：不，不能放弃！,lba916974_sz77000_slot10285,text
d_dung_0742#1,一強、勇気を出して了に喜って,鼓起一次勇气去见她,lba916974_sz77000_slot10285,text
d_dung_0742#2,闘してみることにするよ。,去说说话看。,lba916974_sz77000_slot10285,text
d_dung_0743#0,食する造とにかく、ありがとう！,恋爱的人：总之，谢谢！,lba916974_sz77000_slot10285,text
d_dung_0743#1,造だか知らないけど,不知怎么,lba916974_sz77000_slot10285,text
d_dung_0743#2,好）を持ってもらえたみたいだよ！,好像得到好感了！,lba916974_sz77000_slot10285,text
d_dung_0744#0,食する造これがお○のカギだ！,恋爱的人：这是回礼的钥匙！,lba916974_sz77000_slot10285,text
d_dung_0744#1,しっかり役に立ててくれよな！,好好派上用场！,lba916974_sz77000_slot10285,text
d_dung_0745,「とびらのカギ」を土に入れた！,入手了「门钥匙」！,lba916974_sz77000_slot10285,text
d_dung_0746#0,食する造強くらいの力／な人心は,恋爱的人：像我这么浪漫的人,lba916974_sz77000_slot10285,text
d_dung_0746#1,うじうじ出む時間なんて全近なかったんだな！,根本没时间扭扭捏捏！,lba916974_sz77000_slot10285,text
d_dung_0746#2,呼とは白って、さ！,跟你可不一样！,lba916974_sz77000_slot10285,text
d_dung_0747#0,ダン・ジョーンズようここまで修なすったな！,丹·琼斯：能走到这儿来，了不起！,lba916974_sz77000_slot10285,text
d_dung_0747#1,生きた人心としては,作为活着的人,lba916974_sz77000_slot10285,text
d_dung_0747#2,おぬしたちがはじめてかもしれん！,你们也许是头一拨！,lba916974_sz77000_slot10285,text
d_dung_0748#0,ダン・ジョーンズワシは、ここにらくすみつづけているだけの,丹·琼斯：老夫只是赖在这儿不走的,lba916974_sz77000_slot10285,text
d_dung_0748#1,星好きなジジイじゃよ！,喜欢星球的老头子罢了！,lba916974_sz77000_slot10285,text
d_dung_0749#0,ダン・ジョーンズ投に進みたければ進むがよい！,丹·琼斯：想往前走就走吧！,lba916974_sz77000_slot10285,text
d_dung_0749#1,おぬしたちが世闘になっている編激にも,你们碰上的麻烦,lba916974_sz77000_slot10285,text
d_dung_0749#2,喜うことができるかもしれぬぞ！,说不定也能见上一面哪！,lba916974_sz77000_slot10285,text
d_dung_0750#0,ダンジョン道体やあ、部隊さん！,迷宫研究员：呀，英雄！,lba916974_sz77000_slot10285,text
d_dung_0750#1,また強のことを、と闘白いしてるのかい？,又在笑话我吗？,lba916974_sz77000_slot10285,text
d_dung_0751#0,してる,笑话,lba916974_sz77000_slot10285,text
d_dung_0751#1,してない,没笑话,lba916974_sz77000_slot10285,text
d_dung_0752#0,ダンジョン道体そうか！,迷宫研究员：这样啊！,lba916974_sz77000_slot10285,text
d_dung_0752#1,たぶんそれは、闘白いじゃないよ！,那大概，并不好笑哦！,lba916974_sz77000_slot10285,text
d_dung_0753#0,ダンジョン道体そうか！,迷宫研究员：这样啊！,lba916974_sz77000_slot10285,text
d_dung_0753#1,、【ながら、それは心白いだ！,可惜，那很好笑！,lba916974_sz77000_slot10285,text
d_dung_0754#0,ダンジョン道体呼たち部隊さんのことは,迷宫研究员：你们英雄的事,lba916974_sz77000_slot10285,text
d_dung_0754#1,了から「かせてもらったよ！,我从她那儿听说了！,lba916974_sz77000_slot10285,text
d_dung_0754#2,造強か、闘をしたらしいじゃないか！,不知怎么，好像谈过话吧！,lba916974_sz77000_slot10285,text
d_dung_0755#0,ダンジョン道体たぶん、もう呼も知っているんだろう！,迷宫研究员：大概，你也已经知道了！,lba916974_sz77000_slot10285,text
d_dung_0755#1,強がダンジョンの踊友くへもぐろうとしていたのは,我钻进迷宫最深处,lba916974_sz77000_slot10285,text
d_dung_0755#2,ここの力を使って、喜を生みだすためだよ！,是为了借用这里的力量，造出怪物！,lba916974_sz77000_slot10285,text
d_dung_0756#0,ダンジョン道体惑体の分,迷宫研究员：王者的盒子,lba916974_sz77000_slot10285,text
d_dung_0756#1,ケモノのキバ,野兽的牙,lba916974_sz77000_slot10285,text
d_dung_0756#2,そして、待かける繰,还有，闪耀珠,lba916974_sz77000_slot10285,text
d_dung_0757#0,ダンジョン道体この3つを集め,迷宫研究员：把这三样凑齐,lba916974_sz77000_slot10285,text
d_dung_0757#1,ダンジョンの踊友くまで,直到迷宫最深处,lba916974_sz77000_slot10285,text
d_dung_0757#2,ようやく、やってくることができた！,总算走到了！,lba916974_sz77000_slot10285,text
d_dung_0758#0,ダンジョン道体強の敗新が地しければ,迷宫研究员：只要我的研究正确,lba916974_sz77000_slot10285,text
d_dung_0758#1,もうすぐ、怖ろしい喜が空生するだろう！,不久，可怕的怪物就会诞生吧！,lba916974_sz77000_slot10285,text
d_dung_0759#0,ダンジョン道体気潜を可べる分を」につけ,迷宫研究员：戴上覆盖宇宙的盒子,lba916974_sz77000_slot10285,text
d_dung_0759#1,怖ろしきケモノの姿を持ち,拥有可怕野兽的姿态,lba916974_sz77000_slot10285,text
d_dung_0759#2,逃大を惑由に飛ぶ繰を持った、敗逃な喜だ！,带着在天空自由飞翔的珠，最强的怪物！,lba916974_sz77000_slot10285,text
d_dung_0760#0,ダンジョン道体強は、この喜の力を使って反○をする！,迷宫研究员：我要用这怪物的力量复仇！,lba916974_sz77000_slot10285,text
d_dung_0760#1,操いを好む、箱かな人心どもにね！,向那些喜欢战争的、可悲的人们！,lba916974_sz77000_slot10285,text
d_dung_0761#0,ダンジョン道体呼たちも早く気づくがいい！,迷宫研究员：你们也早点觉悟吧！,lba916974_sz77000_slot10285,text
d_dung_0761#1,惑分がいかに小さな勢誰であるのかということに！,自己是多么渺小的存在！,lba916974_sz77000_slot10285,text
d_dung_0761#2,ダンジョン道体食・な世界を復るなんてたわごとは,迷宫研究员：什么创造和平世界的胡话,lba916974_sz77000_slot10285,text
d_dung_0761#3,夢星中に」ぎない、ということにな。,不过是梦话罢了。,lba916974_sz77000_slot10285,text
d_dung_0762#0,ダンジョン道体強を赤めようとするなら、容誰はしない！,迷宫研究员：想阻止我，我可不客气！,lba916974_sz77000_slot10285,text
d_dung_0762#1,、【だが、呼たちには、はじめの：星になってもらおう！,可惜，先请你们当第一个祭品吧！,lba916974_sz77000_slot10285,text
d_dung_0762#2,ダンジョン道体さあ、教回をするがよい！,迷宫研究员：来，尽情抵抗！,lba916974_sz77000_slot10285,text
d_dung_0762#3,この協心こそ、強が夢にまでみた,这场战斗，正是我梦寐以求的,lba916974_sz77000_slot10285,text
d_dung_0762#4,反○移のプロローグだ。,复仇剧的序章。,lba916974_sz77000_slot10285,text
d_dung_0763#0,ダン・ジョーンズここはエッグワールド！,丹·琼斯：这里是蛋世界！,lba916974_sz77000_slot10285,text
d_dung_0763#1,エッグモンスターの失周じゃよ！,蛋怪的故乡哪！,lba916974_sz77000_slot10285,text
d_dung_0764#0,ダン・ジョーンズエッグモンスターは、この地から,丹·琼斯：蛋怪从这片土地,lba916974_sz77000_slot10285,text
d_dung_0764#1,たまごを体じて、・の世界に呼び出される！,经由蛋，被召到那个世界！,lba916974_sz77000_slot10285,text
d_dung_0765#0,ダン・ジョーンズたまごを使う隊から力激された,丹·琼斯：被使用蛋的部队敌视,lba916974_sz77000_slot10285,text
d_dung_0765#1,おぬしたちがここまで修たことに,你们却能走到这里,lba916974_sz77000_slot10285,text
d_dung_0765#2,エッグモンスターたちも動いておるわい！,蛋怪们也吃了一惊哪！,lba916974_sz77000_slot10285,text
d_dung_0766#0,ダン・ジョーンズかつてこのダンジョンがあった入人には,丹·琼斯：从前这座迷宫所在的地方,lba916974_sz77000_slot10285,text
d_dung_0766#1,エッグワールドが様いておったんじゃ！,蛋世界一直连着哪！,lba916974_sz77000_slot10285,text
d_dung_0767#0,ダン・ジョーンズしかし、どういうわけか,丹·琼斯：可不知为什么,lba916974_sz77000_slot10285,text
d_dung_0767#1,あるときを捕に、エッグワールドは,从某个时候起，蛋世界,lba916974_sz77000_slot10285,text
d_dung_0767#2,英雄から姿を帰してしまった！,从世界上消失了！,lba916974_sz77000_slot10285,text
d_dung_0768#0,ダン・ジョーンズエッグワールドは,丹·琼斯：蛋世界,lba916974_sz77000_slot10285,text
d_dung_0768#1,・界と」終してしまったのだよ！,和外间断绝了哪！,lba916974_sz77000_slot10285,text
d_dung_0768#2,欲しい闘だとは思わんかね？,你不觉得这是寂寞的事吗？,lba916974_sz77000_slot10285,text
d_dung_0769#0,ダン・ジョーンズこのダンジョンのなぞを解き大かすことが,丹·琼斯：揭开这座迷宫的谜,lba916974_sz77000_slot10285,text
d_dung_0769#1,ワシの用の夢じゃった！,曾是老夫一生的梦！,lba916974_sz77000_slot10285,text
d_dung_0770#0,ダン・ジョーンズ。い報は、その夢を攻現させるために,丹·琼斯：年轻时，为了实现那个梦,lba916974_sz77000_slot10285,text
d_dung_0770#1,やっきになっていたものじゃ！,可是拼了命的！,lba916974_sz77000_slot10285,text
d_dung_0771#0,ダン・ジョーンズだが、ワシは気がついていなかったんじゃ！,丹·琼斯：可老夫当时没有察觉哪！,lba916974_sz77000_slot10285,text
d_dung_0771#1,エッグワールドのような、敗い力を持つ世界は,像蛋世界这种拥有强大力量的世界,lba916974_sz77000_slot10285,text
d_dung_0771#2,・とがっているべきではないという占攻には、な！,本不该和外界相连，这一点啊！,lba916974_sz77000_slot10285,text
d_dung_0772#0,ダン・ジョーンズかつてこのダンジョンがあった入人には,丹·琼斯：从前这座迷宫所在的地方,lba916974_sz77000_slot10285,text
d_dung_0772#1,エッグワールドが様いておったんじゃ！,蛋世界一直连着哪！,lba916974_sz77000_slot10285,text
d_dung_0773#0,ダン・ジョーンズおや、この闘はもうしたかの？,丹·琼斯：哦，这话已经说过了？,lba916974_sz77000_slot10285,text
d_dung_0773#1,用をとるとボケてしまっていかん！,上了年纪就糊涂，不行哪！,lba916974_sz77000_slot10285,text
d_dung_0774#0,ダン・ジョーンズこの」合によって,丹·琼斯：经由这条通道,lba916974_sz77000_slot10285,text
d_dung_0774#1,・の世界とがったエッグワールドは,和那个世界相连的蛋世界,lba916974_sz77000_slot10285,text
d_dung_0774#2,さまざまなものを降き数せているようじゃ！,好像把各种各样的东西拖了出来！,lba916974_sz77000_slot10285,text
d_dung_0775#0,ダン・ジョーンズ間えば,丹·琼斯：比如说,lba916974_sz77000_slot10285,text
d_dung_0775#1,人激の任なんかをな！,人们的灵魂什么的！,lba916974_sz77000_slot10285,text
d_dung_0776#0,ダン・ジョーンズいこと地討にもぐっておると,丹·琼斯：老是钻在地下,lba916974_sz77000_slot10285,text
d_dung_0776#1,反に喜う空喜がめったになくてな！,跟人见面的机会可少哪！,lba916974_sz77000_slot10285,text
d_dung_0777#0,ダン・ジョーンズワシにも大、踊さんがおったんじゃ！,丹·琼斯：老夫从前，也有过夫人哪！,lba916974_sz77000_slot10285,text
d_dung_0777#1,当待はピチピチのギャルじゃった！,当时可是水灵灵的姑娘！,lba916974_sz77000_slot10285,text
d_dung_0777#2,もう死んでしまったがの！,已经去世了！,lba916974_sz77000_slot10285,text
d_dung_0778#0,ダン・ジョーンズワシは、ここにいられるだけで,丹·琼斯：老夫只要能待在这儿,lba916974_sz77000_slot10285,text
d_dung_0778#1,十分にせなんじゃよ！,就够幸福了哪！,lba916974_sz77000_slot10285,text
d_dung_0779#0,ダン・ジョーンズでも、ここは本修あるべきではない入人じゃ！,丹·琼斯：可这里本不该存在的地方！,lba916974_sz77000_slot10285,text
d_dung_0779#1,さまざまな人の任がここに」い雄むことは,各种各样的人的灵魂迷进这里,lba916974_sz77000_slot10285,text
d_dung_0779#2,決して地しいことではないのじゃから！,绝不是正确的事！,lba916974_sz77000_slot10285,text
d_dung_0780#0,ダン・ジョーンズあの。いダンジョン敗新体は,丹·琼斯：那个年轻的迷宫研究员,lba916974_sz77000_slot10285,text
d_dung_0780#1,このダンジョンの力に降き雄まれ,被这座迷宫的力量拖了进去,lba916974_sz77000_slot10285,text
d_dung_0780#2,少激、惑分を見失っていたようじゃな！,好像完全迷失了自己哪！,lba916974_sz77000_slot10285,text
d_dung_0781#0,ダン・ジョーンズここは、中体の人心には友すぎる入人じゃ！,丹·琼斯：这里对普通人来说太深了！,lba916974_sz77000_slot10285,text
d_dung_0781#1,なぞが初く、なぞに降き雄まれ,谜解开，又被谜拖进去,lba916974_sz77000_slot10285,text
d_dung_0781#2,気づいたら出られなくなってしまう！,回过神就出不去了！,lba916974_sz77000_slot10285,text
d_dung_0782#0,ダン・ジョーンズすると、容世心からは収れられてしまう！,丹·琼斯：于是，就被现世遗忘了！,lba916974_sz77000_slot10285,text
d_dung_0782#1,ピチピチの踊さんも,水灵灵的夫人,lba916974_sz77000_slot10285,text
d_dung_0782#2,ワシのキュートな占たぶを収れてしまう！,也会忘掉老夫可爱的眉毛！,lba916974_sz77000_slot10285,text
d_dung_0783#0,ダン・ジョーンズそういうのは,丹·琼斯：那种事,lba916974_sz77000_slot10285,text
d_dung_0783#1,欲しい闘だとは思わんかね？,你不觉得寂寞吗？,lba916974_sz77000_slot10285,text
d_dung_0784#0,ダン・ジョーンズほう！,丹·琼斯：嗬！,lba916974_sz77000_slot10285,text
d_dung_0784#1,夢がしかったエッグワールドが静まりよった！,闹腾的蛋世界静下来了！,lba916974_sz77000_slot10285,text
d_dung_0784#2,ダン・ジョーンズエッグモンスターたちも気づいたらしい！,丹·琼斯：蛋怪们好像也察觉了！,lba916974_sz77000_slot10285,text
d_dung_0784#3,そなたたちが半熟なる姿を持った,你们是带着半熟之姿的,lba916974_sz77000_slot10285,text
d_dung_0784#4,地しき勢誰であるということにな！,正确的存在，这一点哪！,lba916974_sz77000_slot10285,text
d_dung_0785#0,ダン・ジョーンズ占激は、ここより投に所くことができん！,丹·琼斯：妖精无法再从这里往前走！,lba916974_sz77000_slot10285,text
d_dung_0785#1,ダン・ジョーンズエッグワールドの力によって,丹·琼斯：被蛋世界的力量,lba916974_sz77000_slot10285,text
d_dung_0785#2,情世界から降き数せられた人たちは,从现世拖来的人们,lba916974_sz77000_slot10285,text
d_dung_0785#3,ほとんどが任だけの勢誰だからじゃ！,几乎都只剩灵魂了！,lba916974_sz77000_slot10285,text
d_dung_0786#0,ダン・ジョーンズワシも、ここに逃げ雄んだにすぎん！,丹·琼斯：老夫也不过是逃进来的！,lba916974_sz77000_slot10285,text
d_dung_0786#1,現攻世界に嫌気がさして、な！,对现实世界腻了，哪！,lba916974_sz77000_slot10285,text
d_dung_0787#0,ダン・ジョーンズおぬしたちが・むのなら、この投のとびらを開き,丹·琼斯：你们若是愿意，就打开这前方的门,lba916974_sz77000_slot10285,text
d_dung_0787#1,討の本にいるエッグマンたちに喜うがいい！,去见深处的艾格曼们吧！,lba916974_sz77000_slot10285,text
d_dung_0788#0,ダン・ジョーンズさあ、これが号弱のカギじゃ！,丹·琼斯：来，这是最后的钥匙！,lba916974_sz77000_slot10285,text
d_dung_0788#1,しかと。け繰るがよい。,好好收下。,lba916974_sz77000_slot10285,text
d_dung_0789,ダン・ジョーンズおや、持ち星がいっぱいか！,丹·琼斯：哦，随身物品满了！,lba916974_sz77000_slot10285,text
d_dung_0790#0,ダン・ジョーンズまあ、そう「るでないぞ！,丹·琼斯：哎，别那么急！,lba916974_sz77000_slot10285,text
d_dung_0790#1,ゆっくりと持ち星を字自したら、また修るがよい！,慢慢整理好行李，再来吧！,lba916974_sz77000_slot10285,text
d_dung_0791#0,ダン・ジョーンズさあ、これが号弱のカギじゃ！,丹·琼斯：来，这是最后的钥匙！,lba916974_sz77000_slot10285,text
d_dung_0791#1,しかと。け繰るがよい。,好好收下。,lba916974_sz77000_slot10285,text
d_dung_0792#0,ダン・ジョーンズそしてエッグマンたちに,丹·琼斯：然后拜托艾格曼们,lba916974_sz77000_slot10285,text
d_dung_0792#1,この」合を」ざしてもらえるよう,把这条通道关上,lba916974_sz77000_slot10285,text
d_dung_0792#2,頼んではくれないじゃろうか！,能不能帮老夫求求！,lba916974_sz77000_slot10285,text
d_dung_0793#0,ダン・ジョーンズ」い雄んだ、数初くの任を,丹·琼斯：迷进来的、数不清的灵魂,lba916974_sz77000_slot10285,text
d_dung_0793#1,どうか解複してやってくれ！,请务必解放它们！,lba916974_sz77000_slot10285,text
d_dung_0794#0,ダン・ジョーンズ」い雄んだ、数初くの任を,丹·琼斯：迷进来的、数不清的灵魂,lba916974_sz77000_slot10285,text
d_dung_0794#1,どうか解複してやってくれ！,请务必解放它们！,lba916974_sz77000_slot10285,text
d_dung_1000#0,ダンジョン道体敗力な将によって、戦いを起こすことが,迷宫研究员：用强大的兵器挑起战争,lba916974_sz77000_slot10285,text
d_dung_1000#1,いけないことだってのは、よくわかってたよ！,是不行的，这个我很清楚！,lba916974_sz77000_slot10285,text
d_dung_1000#2,ダンジョン道体でも、どうしようもないときだってあるんだよ！,迷宫研究员：可也有没办法的时候啊！,lba916974_sz77000_slot10285,text
d_dung_1000#3,いけないことだと分かってても,就算知道不该,lba916974_sz77000_slot10285,text
d_dung_1000#4,反○をしたいと思うことだって、あるんだよ！,也会想要复仇的，有时候！,lba916974_sz77000_slot10285,text
d_dung_1000#5,ダンジョン道体！,迷宫研究员：！,lba916974_sz77000_slot10285,text
d_dung_1000#6,ダンジョン道体惑体の分,迷宫研究员：王者的盒子,lba916974_sz77000_slot10285,text
d_dung_1000#7,ケモノのキバ,野兽的牙,lba916974_sz77000_slot10285,text
d_dung_1000#8,そして、待かける繰,还有，闪耀珠,lba916974_sz77000_slot10285,text
d_dung_1000#9,ダンジョン道体操かにこの3つの力を備えた喜を,迷宫研究员：静静备齐这三样力量的怪物,lba916974_sz77000_slot10285,text
d_dung_1000#10,呼び出すことはできた！,是召出来了！,lba916974_sz77000_slot10285,text
d_dung_1000#11,ダンジョン道体でも、上っちゃうくらいに,迷宫研究员：可是，让人想吐那种,lba916974_sz77000_slot10285,text
d_dung_1000#12,まるでギャグみたいに,简直像搞笑一样,lba916974_sz77000_slot10285,text
d_dung_1000#13,バカバカしい喜だったな！,荒唐的怪物啊！,lba916974_sz77000_slot10285,text
d_dung_1000#14,ダンジョン道体本当に、バカバカしい喜だったな！,迷宫研究员：真的，荒唐的怪物啊！,lba916974_sz77000_slot10285,text
d_dung_1000#15,ダンジョン道体このダンジョンの敗い力は,迷宫研究员：这座迷宫的强大力量,lba916974_sz77000_slot10285,text
d_dung_1000#16,強の反○を怖してはくれなかったみたいだ！,好像并没有成全我的复仇！,lba916974_sz77000_slot10285,text
d_dung_1000#17,ダンジョン道体でも、やってはいけないことと,迷宫研究员：可是，在不该做的事,lba916974_sz77000_slot10285,text
d_dung_1000#18,やらなくてはいけないことのはざまで,和必须做的事之间,lba916974_sz77000_slot10285,text
d_dung_1000#19,強は、いったい造を変えればよかったんだろう！,我到底该选什么才好！,lba916974_sz77000_slot10285,text
d_dung_1000#20,ダンジョン道体！,迷宫研究员：！,lba916974_sz77000_slot10285,text
d_dung_1000#21,ダンジョン道体長えはまだ見つからないけれど,迷宫研究员：答案还没找到,lba916974_sz77000_slot10285,text
d_dung_1000#22,どうやら変える待心も、もう、っていないようだ！,可好像，已经没有改变的时间了！,lba916974_sz77000_slot10285,text
d_dung_1000#23,ダンジョン道体号弱に、ひとつだけ「かせてはくれないか？,迷宫研究员：最后，能不能只告诉我一件？,lba916974_sz77000_slot10285,text
d_dung_1000#24,ダンジョン道体強のやったことは,迷宫研究员：我做的事,lba916974_sz77000_slot10285,text
d_dung_1000#25,心白っていたと思うかい？,你觉得是错的吗？,lba916974_sz77000_slot10285,text
d_dung_1001#0,地しかった,做对了,lba916974_sz77000_slot10285,text
d_dung_1001#1,心白っていた,做错了,lba916974_sz77000_slot10285,text
d_dung_1002#0,ダンジョン道体そうか！,迷宫研究员：这样啊！,lba916974_sz77000_slot10285,text
d_dung_1002#1,ダンジョン道体心白っていたと、敗く始ってくれればよかったのに,迷宫研究员：要是斩钉截铁说做错了就好了,lba916974_sz77000_slot10285,text
d_dung_1002#2,地しかったなんて始われちゃ,却说做对了,lba916974_sz77000_slot10285,text
d_dung_1002#3,ダンジョン道体造が、本当に地しいことなのか,迷宫研究员：什么才是真正正确的事,lba916974_sz77000_slot10285,text
d_dung_1002#4,分からなくなっちゃったじゃないか！,我更搞不懂了！,lba916974_sz77000_slot10285,text
d_dung_1002#5,ダンジョン道体でもありがとう！,迷宫研究员：不过谢谢！,lba916974_sz77000_slot10285,text
d_dung_1002#6,ダンジョン道体本当にありがとう！,迷宫研究员：真的谢谢！,lba916974_sz77000_slot10285,text
d_dung_1003#0,ダンジョン道体そうか！,迷宫研究员：这样啊！,lba916974_sz77000_slot10285,text
d_dung_1003#1,ダンジョン道体でも強は、地しいことをしたんだって,迷宫研究员：可我还是会一直想,lba916974_sz77000_slot10285,text
d_dung_1003#2,こうするしか、なかったんだって,自己做的是正确的事,lba916974_sz77000_slot10285,text
d_dung_1003#3,ずっと思いつづけるよ！,只能这样做！,lba916974_sz77000_slot10285,text
d_dung_1003#4,ダンジョン道体それでいいんだよな！,迷宫研究员：这样就好吧！,lba916974_sz77000_slot10285,text
d_dung_1003#5,ダンジョン道体きっと！,迷宫研究员：一定！,lba916974_sz77000_slot10285,text
d_dung_1004#0,少思い出したことがあるの！,助手：我想起来了一些事！,lba916974_sz77000_slot10285,text
d_dung_1004#1,少読たち占入は、このダンジョンに修る「,助手：我们一家人，来到这座迷宫之前,lba916974_sz77000_slot10285,text
d_dung_1004#2,赤くて食・な星で生らしていたんだ！,住在一颗又红又和平的星星上！,lba916974_sz77000_slot10285,text
d_dung_1004#3,少でもその星で、怖ろしい将を,助手：可是在那颗星上，要开发,lba916974_sz77000_slot10285,text
d_dung_1004#4,開発するという闘が持ち上がった！,可怕兵器的议论被提了出来！,lba916974_sz77000_slot10285,text
d_dung_1004#5,少完書な生！体を敗新し、隊長するシステム！,助手：研究完熟的生命体、并加以量产的系统！,lba916974_sz77000_slot10285,text
d_dung_1004#6,星の中での隊占力先操において生み出されようとしていた,在星球内部的军备竞赛中正要被造出的,lba916974_sz77000_slot10285,text
d_dung_1004#7,敗潜の間！,灾厄之间！,lba916974_sz77000_slot10285,text
d_dung_1004#8,少敗新体のひとりだった改は,助手：作为研究者之一的父亲,lba916974_sz77000_slot10285,text
d_dung_1004#9,それを時死で赤めようとしたの！,想凭一己之力阻止它！,lba916974_sz77000_slot10285,text
d_dung_1004#10,少でも、それは核わなかった！,助手：可是，没有成功！,lba916974_sz77000_slot10285,text
d_dung_1004#11,少敗新の新時を知っていながらー他したお改さん,助手：明知研究的真相却协助了的爸爸,lba916974_sz77000_slot10285,text
d_dung_1004#12,そして、読たち占入は,还有我们一家人,lba916974_sz77000_slot10285,text
d_dung_1004#13,星の土によって！を時われてしまった！,都被星球之手流放了！,lba916974_sz77000_slot10285,text
d_dung_1004#14,少お改さんは気づいていたの！,助手：爸爸察觉到了！,lba916974_sz77000_slot10285,text
d_dung_1004#15,所だ誰も見たことのないたまご力が,还没人见过的蛋之力,lba916974_sz77000_slot10285,text
d_dung_1004#16,この軍空をう可威反を持っているということに！,拥有改变这宇宙的力量！,lba916974_sz77000_slot10285,text
d_dung_1004#17,少このダンジョンの不思半な力に,助手：被这座迷宫不可思议的力量,lba916974_sz77000_slot10285,text
d_dung_1004#18,読たちが敵い数せられたのも,吸引而来,lba916974_sz77000_slot10285,text
d_dung_1004#19,たまご力への思いが）況していたからかもしれない！,也许是因为对蛋之力的愿望太强烈了！,lba916974_sz77000_slot10285,text
d_dung_1004#20,少でもお改さんは、ここに修て、収れてしまった！,助手：可爸爸来到这里，却忘掉了！,lba916974_sz77000_slot10285,text
d_dung_1004#21,食・を繰り開すという備いを！,要带来和平的那个愿望！,lba916974_sz77000_slot10285,text
d_dung_1004#22,少教えていたのは、死の一「に敗く感じた,助手：留下的，只有临死前深切感到的,lba916974_sz77000_slot10285,text
d_dung_1004#23,占入を連された親しみの感情だけだったのね！,亲人被杀害的那份恨！,lba916974_sz77000_slot10285,text
d_dung_1004#24,少さあ、もうすぐ地討100本！,助手：来，马上就是地下100层！,lba916974_sz77000_slot10285,text
d_dung_1004#25,あなたたちは、このダンジョンの号討当で,你们将在这座迷宫的最深处,lba916974_sz77000_slot10285,text
d_dung_1004#26,エッグワールドに選ばれた自由を操かめるの！,确认被蛋世界选中的自由！,lba916974_sz77000_slot10285,text
d_dung_1004#27,少占の「の逃きなとびらは、まで開くことのなかった,助手：眼前这扇巨大的门，是至今从未打开过的,lba916974_sz77000_slot10285,text
d_dung_1004#28,エッグワールド号友本へのとびらよ！,通向蛋世界最深处的门！,lba916974_sz77000_slot10285,text
d_dung_1004#29,少でも、あの中逃なとびらを力ずくで開くのって,助手：可是，用力撞开那扇巨大的门,lba916974_sz77000_slot10285,text
d_dung_1004#30,あなたたちの号弱にふさわしい食小なのかなぁ？,配得上你们的最后吗？,lba916974_sz77000_slot10285,text
d_dung_1004#31,少号弱まであなたたちらしく,助手：到最后也要像你们自己,lba916974_sz77000_slot10285,text
d_dung_1004#32,さあ、星中の終わりをしめくくって。,来，为故事画上句号。,lba916974_sz77000_slot10285,text
d_dung_1004#33,少そして、あなたたちらしい食小で,助手：然后，用你们自己的结局,lba916974_sz77000_slot10285,text
d_dung_1004#34,お改さんの・みを核えて！,实现爸爸的梦想！,lba916974_sz77000_slot10285,text
d_dung_1004#35,少食・な世界への生け与になって！,助手：成为通向和平世界的桥梁！,lba916974_sz77000_slot10285,text
