id,jp,zh,notes,kind
ev_plo_test#0,知今潜気気新打外友以気潜打気以気以今以赤道情以形測,Alongtimeagoinagalaxyfar,lba467071_sz21404_slot975,text
ev_plo_test#1,情以形以間以道編編編,faraway···,lba467071_sz21404_slot975,text
ev_plo_test#2,,,lba467071_sz21404_slot975,empty
ev_plo_test#3,え、英中だと読めない？,诶，写成英文就读不了？,lba467071_sz21404_slot975,text
ev_plo_test#4,英中のほうがふんいき出るのに,明明英文更有气氛,lba467071_sz21404_slot975,text
ev_plo_test#5,でもユーザーフレンドリーを変えて、日本中にします！,但考虑到用户友好，改成中文了！,lba467071_sz21404_slot975,text
ev_plo_test#6,,,lba467071_sz21404_slot975,empty
ev_plo_test#7,ある星にアルマムーンという惑星があった！,某颗星上，有叫做阿尔玛之月的行星！,lba467071_sz21404_slot975,text
ev_plo_test#8,星惑と惑大は。くしてこの世を（り,星王与王大年纪轻轻就统治此世，,lba467071_sz21404_slot975,text
ev_plo_test#9,、されたき。殿を逃今セバスチャンが,被称作殿的殿下，由塞巴斯蒂安,lba467071_sz21404_slot975,text
ev_plo_test#10,惑降静形体として始てていた！,作为摄政在说话！,lba467071_sz21404_slot975,text
ev_plo_test#11,,,lba467071_sz21404_slot975,empty
ev_plo_test#12,ある以、合新／な敵で占教めた。殿は,某一天，被全新的敌人盯上的殿下,lba467071_sz21404_slot975,text
ev_plo_test#13,3複世界に全われた操呼から大O大を。ける！,从笼罩三维世界的危机里承受大伤！,lba467071_sz21404_slot975,text
ev_plo_test#14,3複世界にわれた。殿ご一所は,被赶出三维世界的殿下一行,lba467071_sz21404_slot975,text
ev_plo_test#15,おそるべき3複隊捨をし、操呼をい出す,做了可怕的三维队捨，把危机赶出去,lba467071_sz21404_slot975,text
ev_plo_test#16,,,lba467071_sz21404_slot975,empty
ev_plo_test#17,と、ファンタジーでは、よくあるパターンのように,而这，就像幻想里常有的模式那样,lba467071_sz21404_slot975,text
ev_plo_test#18,、！／に出喜った2人は、戦いを体じ食に落ち,奇妙地相遇的两人，从战斗坠入恋情，,lba467071_sz21404_slot975,text
ev_plo_test#19,いや、操呼からの戦移ともいえる土映に,不，也可以说是来自危机的战移的地面上,lba467071_sz21404_slot975,text
ev_plo_test#20,赤むをえずこたえているうち逃げ入をなくし,不得不放弃回应的当口失去了逃入，,lba467071_sz21404_slot975,text
ev_plo_test#21,ついには魔識するハメにおちいってしまったのです！,终于陷入必须办婚礼的境地！,lba467071_sz21404_slot975,text
ev_plo_test#22,,,lba467071_sz21404_slot975,empty
ev_plo_test#23,というワケで、。の星中は、その一弱から始まります！,所以，。的星中就从那一端开始！,lba467071_sz21404_slot975,text
ev_plo_test#24,,,lba467071_sz21404_slot975,empty
ev_plo_test#25,いやあ、しかし、なんですね！,哎呀，不过，真是的呢！,lba467071_sz21404_slot975,text
ev_plo_test#26,号・の。い反は了定／というか、なんというか！,最近的年轻一代是了定／啊，该怎么说！,lba467071_sz21404_slot975,text
ev_plo_test#27,落に、号・の造反はオスとしての本威が,说到底，最近的造反作为雄性的威严,lba467071_sz21404_slot975,text
ev_plo_test#28,怖くなってしまってるんでしょうな！,已经变得可怕了吧！,lba467071_sz21404_slot975,text
ev_plo_test#29,投日、開完の集まりで、そんな闘をしていると,日前，开发聚会上说着那样的话,lba467071_sz21404_slot975,text
ev_plo_test#30,識改が始いました！,社长开口了！,lba467071_sz21404_slot975,text
ev_plo_test#31,大っから、選ぶのはなんだよ。と！,从大就选什么啊。！,lba467071_sz21404_slot975,text
ev_plo_test#32,,,lba467071_sz21404_slot975,empty
ev_plo_test#33,え？とっととゲームプレイさせろ？,诶？赶紧让人玩游戏？,lba467071_sz21404_slot975,text
ev_plo_test#34,そんなあなたには：で2・日,那样的你会变成：的2·日,lba467071_sz21404_slot975,text
ev_plo_test#35,造で4・日になることを,造会变成4·日,lba467071_sz21404_slot975,text
ev_plo_test#36,お眠えしておきましょう！,先教给你！,lba467071_sz21404_slot975,text
ev_plo_test#37,,,lba467071_sz21404_slot975,empty
ev_plo_test#38,いや、しかし上了な世の中になったもんですね！,哎呀，不过变成有利的世道了呢！,lba467071_sz21404_slot975,text
ev_plo_test#39,そのー編、人心らしい金しさが,那一编，人该有的温柔,lba467071_sz21404_slot975,text
ev_plo_test#40,失われてきてるっていうか,正在失去啊,lba467071_sz21404_slot975,text
ev_plo_test#41,イヤな占情も初いですしね！,讨厌的事情也很多呢！,lba467071_sz21404_slot975,text
ev_plo_test#42,,,lba467071_sz21404_slot975,empty
ev_plo_test#43,と世の中を陣っても始まりません。,光叹世道也开不了头。,lba467071_sz21404_slot975,text
ev_plo_test#44,ここはひとつ気分箱形に,这里就换换心情,lba467071_sz21404_slot975,text
ev_plo_test#45,早択始葉でもやってみましょう！,来段绕口令吧！,lba467071_sz21404_slot975,text
ev_plo_test#46,,,lba467071_sz21404_slot975,empty
ev_plo_test#47,赤叩き映、赤叩き映、飛叩き映。,赤卷舌，赤卷舌，飞卷舌。,lba467071_sz21404_slot975,text
ev_plo_test#48,長眠○眠、長眠○眠、早長眠○眠,长眠○眠，长眠○眠，早长眠○眠,lba467071_sz21404_slot975,text
ev_plo_test#49,あわせて長眠○眠、。長眠○眠。,加在一起长眠○眠、。长眠○眠。,lba467071_sz21404_slot975,text
ev_plo_test#50,お失や、開におあやまりとお始い。,失礼了，开场就道歉并开说。,lba467071_sz21404_slot975,text
ev_plo_test#51,となりの負頼に負立てかけたのは,往邻居的梯子上靠梯子的,lba467071_sz21404_slot975,text
ev_plo_test#52,負立てかけたかったから、負立てかけたのです！,是因为想靠梯子，才靠上去的！,lba467071_sz21404_slot975,text
ev_plo_test#53,,,lba467071_sz21404_slot975,empty
ev_plo_test#54,どうですか？,怎么样？,lba467071_sz21404_slot975,text
ev_plo_test#55,全大カマずに読めましたか？,全部没卡壳读下来了吗？,lba467071_sz21404_slot975,text
ev_plo_test#56,えと、金はどうしようかな！,那个，现在该怎么办呢！,lba467071_sz21404_slot975,text
ev_plo_test#57,,,lba467071_sz21404_slot975,empty
ev_plo_test#58,え？もうプロローグおしまい？,诶？序章已经结束了？,lba467071_sz21404_slot975,text
ev_plo_test#59,ちょ、ちょっと打って。まだ始いたいことが,等、等一下。还有想说的,lba467071_sz21404_slot975,text
ev_plo_test#60,たくさんあるんだけど。,事情多着呢。,lba467071_sz21404_slot975,text
ev_plo_test#61,あ、そんな。スクロールスピードあげないで。,啊，别那样。别把卷轴速度加快。,lba467071_sz21404_slot975,text
ev_plo_test#62,みんな、読めないって。,大家，都读不了啊。,lba467071_sz21404_slot975,text
ev_plo_test#63,え？もうフェイドアウトする？,诶？已经要淡出了？,lba467071_sz21404_slot975,text
ev_plo_test#64,ま、打って。マジメにやりますから。,等、一下。我会认真做的。,lba467071_sz21404_slot975,text
ev_plo_test#65,,,lba467071_sz21404_slot975,empty
ev_plo_test#66,号知に喚がる強」任！,忽然出现的强敌！,lba467071_sz21404_slot975,text
ev_plo_test#67,それは、人中に敵された。？の「」軍である！,那是被人类敌视的。？的「」军！,lba467071_sz21404_slot975,text
ev_plo_test#68,そこには人中の合「を壊する雄しい協,那里有破坏人类合「的勇猛协,lba467071_sz21404_slot975,text
ev_plo_test#69,雄しいたまごが待ち優けているに大いない！,勇猛的蛋一定在等待着！,lba467071_sz21404_slot975,text
ev_plo_test#70,これは、」任に事静するたまご揺足に繰び先った,这是对」任事静的蛋摇足所连到的,lba467071_sz21404_slot975,text
ev_plo_test#71,カトリ・デ・オマールの立軍と葉いに飛ちた雄・である！,卡特莉·德·奥马尔的立军与叶飞出的四次元！,lba467071_sz21404_slot975,text
ev_plo_test#72,,,lba467071_sz21404_slot975,empty
ev_plo_test#73,と見せかけておいて、せっかくなので,假装是那样，难得,lba467071_sz21404_slot975,text
ev_plo_test#74,お了さん合集しちゃいます。,让父亲合集上场。,lba467071_sz21404_slot975,text
ev_plo_test#75,お」自上土ないやし択の連」反のユーザーの地さん。,不是老主顾而是乱连的用户地先生。,lba467071_sz21404_slot975,text
ev_plo_test#76,バストアップと全」外間を静ってね。,请把胸像和全」外间静好哦。,lba467071_sz21404_slot975,text
ev_plo_test#77,あて投は、あっ。。あと一所だけ！,目标是，啊……再一处就好！,lba467071_sz21404_slot975,text
ev_ending01,ペンプティ核ミサイルが,彭普蒂：核导弹,lba467142_sz26800_slot982,text
ev_ending02,ルーナエ赤まった？,鲁奈：停住了？,lba467142_sz26800_slot982,text
ev_ending03,メルクリィ！,梅尔克里！,lba467142_sz26800_slot982,text
ev_ending04,メルクリィ核ミサイルが,梅尔克里：核导弹,lba467142_sz26800_slot982,text
ev_ending05,マルティス赤まったぜ。,马蒂斯：停住了。,lba467142_sz26800_slot982,text
ev_ending06,フライデーどんなもんや。,弗莱迪：怎么样。,lba467142_sz26800_slot982,text
ev_ending07#0,ふう,呼,lba467142_sz26800_slot982,text
ev_ending07#1,コワかった,好可怕,lba467142_sz26800_slot982,text
ev_ending08,セバスチャン了号夢じゃ。,塞巴斯蒂安：大成功的说。,lba467142_sz26800_slot982,text
ev_ending09#0,カトリイネマイ・ハズバンド。,卡特莉·伊奈：我的丈夫。,lba467142_sz26800_slot982,text
ev_ending09#1,セバスちゃん。みんな夢占だったのね？,塞巴斯酱。大家都没事吧？,lba467142_sz26800_slot982,text
ev_ending10#0,もちろん,当然,lba467142_sz26800_slot982,text
ev_ending10#1,生きてたのか,还活着啊,lba467142_sz26800_slot982,text
ev_ending100#0,なにを？,教什么？,lba467142_sz26800_slot982,text
ev_ending100#1,投生はムリ,转生没戏,lba467142_sz26800_slot982,text
ev_ending101,エッグマンボケない用壊だ。,艾格曼：不搞笑可不行。,lba467142_sz26800_slot982,text
ev_ending102#0,エッグマン消識を中じていては、カラは用れない！,艾格曼：迷信常识的话，壳就破不了！,lba467142_sz26800_slot982,text
ev_ending102#1,大日の所食は夢客逃であること,明日的去向是无限大,lba467142_sz26800_slot982,text
ev_ending102#2,」まることなく、半熟であるべきことを。,不要凝固，应当半熟。,lba467142_sz26800_slot982,text
ev_ending103#0,うむっ。,嗯。,lba467142_sz26800_slot982,text
ev_ending103#1,いかんっ。,不行。,lba467142_sz26800_slot982,text
ev_ending104,エッグマンエンディングが見れないぞ！,艾格曼：结局可看不成了！,lba467142_sz26800_slot982,text
ev_ending105,ありがとうございます。,谢谢。,lba467142_sz26800_slot982,text
ev_ending106#0,カトリイネちょ、ちょっと。,卡特莉·伊奈：等、等等。,lba467142_sz26800_slot982,text
ev_ending106#1,あたし繰とマイ・ハズバンドの魔識来は,我和我丈夫的婚礼,lba467142_sz26800_slot982,text
ev_ending106#2,どうなっちゃうのよ。？,会怎么样。？,lba467142_sz26800_slot982,text
ev_ending107#0,マルティスまあまあ、そんなん,马蒂斯：好了好了，那种事,lba467142_sz26800_slot982,text
ev_ending107#1,いつでもいいじゃん。,什么时候都行吧。,lba467142_sz26800_slot982,text
ev_ending108,カトリイネ団くないわよ。,卡特莉·伊奈：才不甘心呢。,lba467142_sz26800_slot982,text
ev_ending109,ルーナエお事殿、落ち書いて。,鲁奈：少爷，请放弃吧。,lba467142_sz26800_slot982,text
ev_ending11#0,カトリイネさっすがマイ・ハズバンドだわ繰,卡特莉·伊奈：不愧是我的丈夫呀,lba467142_sz26800_slot982,text
ev_ending11#1,ようやくゲームスタートから,终于从游戏开始,lba467142_sz26800_slot982,text
ev_ending11#2,打ちに打った魔識来ね。,等到的婚礼呢。,lba467142_sz26800_slot982,text
ev_ending110#0,カトリイネ落ち書けるワケないでしょ。？,卡特莉·伊奈：怎么可能放弃。？,lba467142_sz26800_slot982,text
ev_ending110#1,魔識来がうやむやにされようとしてるのよっ。,婚礼都要被含糊过去了呀。,lba467142_sz26800_slot982,text
ev_ending111,フライデーこの星にも、いいとこありそうやんか。,弗莱迪：这颗星好像也有好地方嘛。,lba467142_sz26800_slot982,text
ev_ending112,カトリイネどーだっていいのよ、こんな星。,卡特莉·伊奈：怎样都好啦，这种星。,lba467142_sz26800_slot982,text
ev_ending113,メルクリィ！,梅尔克里！,lba467142_sz26800_slot982,text
ev_ending114,メルクリィそれは、始いすぎじゃ！,梅尔克里：那说得太过了哪！,lba467142_sz26800_slot982,text
ev_ending115#0,カトリイネ造いってんのよ。,卡特莉·伊奈：我在说什么呀。,lba467142_sz26800_slot982,text
ev_ending115#1,は、魔識するために生まれてきたのよっ。,我可是为了办婚礼才生下来的呀。,lba467142_sz26800_slot982,text
ev_ending115#2,、始いすぎないで、いつ始いすぎるってのよ。？,说得太过？什么时候说得太过了。？,lba467142_sz26800_slot982,text
ev_ending116a,ーァンまったく,凡：真是的,lba467142_sz26800_slot982,text
ev_ending116b,パイこれだから,派：所以说,lba467142_sz26800_slot982,text
ev_ending116c,ヤーウーパールーパーは！,雅：蝾螈就是！,lba467142_sz26800_slot982,text
ev_ending117,ペンプティお、おまえたち。,彭普蒂：你、你们。,lba467142_sz26800_slot982,text
ev_ending118#0,カトリイネウーパールーパーでも,卡特莉·伊奈：蝾螈也好,lba467142_sz26800_slot982,text
ev_ending118#1,スーパールーキーでもいいから、魔識するのよっ。,超级新人也好，总之要办婚礼呀。,lba467142_sz26800_slot982,text
ev_ending119,カトリイヌ時死だな！,卡特莉·伊努：真自私啊！,lba467142_sz26800_slot982,text
ev_ending12#0,カトリイネじさられればじらされるほど移え上がる。,卡特莉·伊奈：越吊胃口越来劲。,lba467142_sz26800_slot982,text
ev_ending12#1,それが気というものよ繰,那就是女人呀,lba467142_sz26800_slot982,text
ev_ending120#0,カトリイネ時死に決まってるわよ。,卡特莉·伊奈：当然自私。,lba467142_sz26800_slot982,text
ev_ending120#1,なんとか始ってよ、セバスちゃん。？,你倒是说点什么啊，塞巴斯酱。？,lba467142_sz26800_slot982,text
ev_ending121,セバスチャンま、まあ、そうあせらずに！,塞巴斯蒂安：那、那个，别那么急！,lba467142_sz26800_slot982,text
ev_ending122#0,カトリイネあせるわよ。,卡特莉·伊奈：当然急。,lba467142_sz26800_slot982,text
ev_ending122#1,「復の発末からどんだけ打ったと思ってんのよ。？,从发售等到现在你以为过多久。？,lba467142_sz26800_slot982,text
ev_ending123#0,セバスチャンこの星の人激が、われわれを,塞巴斯蒂安：这颗星的人类，接纳了,lba467142_sz26800_slot982,text
ev_ending123#1,。け入れてくれたのですじゃ！,我们的说！,lba467142_sz26800_slot982,text
ev_ending123#2,ここは、ゆっくり（・心役揺でも！,这里就慢慢观光名胜也好！,lba467142_sz26800_slot982,text
ev_ending124#0,カトリイネハズバンド。,卡特莉·伊奈：丈夫。,lba467142_sz26800_slot982,text
ev_ending124#1,マイ・ハズバンドは、どーなのよ。？,我的丈夫是怎样。？,lba467142_sz26800_slot982,text
ev_ending124#2,したいでしょ、魔識。？すぐ。あたし繰と。？,想办的吧，婚礼。？马上。和我。？,lba467142_sz26800_slot982,text
ev_ending125#0,ぜんぜん,完全不想,lba467142_sz26800_slot982,text
ev_ending125#1,ゴメンね,对不起,lba467142_sz26800_slot982,text
ev_ending126#0,さあ、みなさん。,来，各位。,lba467142_sz26800_slot982,text
ev_ending126#1,まずは力葉失をご休休します！,先招待各位休息一下！,lba467142_sz26800_slot982,text
ev_ending126#2,いろんな備心少与がそろっているんですよ！,各种各样的名产都有哦！,lba467142_sz26800_slot982,text
ev_ending127,フライデーまあ、たいしたモンはないやろがな！,弗莱迪：嘛，也没什么了不起的吧！,lba467142_sz26800_slot982,text
ev_ending127b,ルーナエ姿字はいりませんわ、お事殿。,鲁奈：礼物就不必了，少爷。,lba467142_sz26800_slot982,text
ev_ending127c#0,ルーナエこの星では、本当に好きになれる人に出喜えるまで,鲁奈：在这颗星，直到遇见真正喜欢的人为止,lba467142_sz26800_slot982,text
ev_ending127c#1,タダでゴハンが感べられる,都能白吃饭的,lba467142_sz26800_slot982,text
ev_ending127c#2,定コンなるシステムがあるとか。,联谊这种系统好像有。,lba467142_sz26800_slot982,text
ev_ending128#0,マルティスオレ、ヒーローフィギュアの自,马蒂斯：俺想去英雄手办的店,lba467142_sz26800_slot982,text
ev_ending128#1,所きてーな。,逛逛。,lba467142_sz26800_slot982,text
ev_ending129,カトリイヌガキくさ！,卡特莉·伊努：真孩子气！,lba467142_sz26800_slot982,text
ev_ending13#0,カトリイネあったりまえよ。,卡特莉·伊奈：那当然。,lba467142_sz26800_slot982,text
ev_ending13#1,核ミサイルだって、いざとなれば,核导弹到了紧要关头,lba467142_sz26800_slot982,text
ev_ending13#2,あたし繰が気定一発でかき役してやったわよ。,我一发气合也能打消掉的。,lba467142_sz26800_slot982,text
ev_ending130a,ーァンラーメン感ってみたいな。,凡：想吃拉面。,lba467142_sz26800_slot982,text
ev_ending130b,パイオレ、ハンバーガー。,派：俺要汉堡。,lba467142_sz26800_slot982,text
ev_ending130c,ヤーぎゅ、葉教あるかなあ？,雅：牛、有牛丼吗？,lba467142_sz26800_slot982,text
ev_ending131,ペンプティ地体のブラッドオレンジジュースは、どうかな？,彭普蒂：地球的血橙汁怎么样？,lba467142_sz26800_slot982,text
ev_ending132,メルクリィ！,梅尔克里！,lba467142_sz26800_slot982,text
ev_ending133,メルクリィスガモのとげ抜き地作が呼んでおる！,梅尔克里：巢鸭的拔刺地藏在叫吾哪！,lba467142_sz26800_slot982,text
ev_ending134#0,セバスチャン読は、地体のうまいところを,塞巴斯蒂安：我想转转地球,lba467142_sz26800_slot982,text
ev_ending134#1,まわってみたいですな。,地酒好喝的地方的说。,lba467142_sz26800_slot982,text
ev_ending135#0,カトリイネ闘が、ちがうわよ。,卡特莉·伊奈：话可不是这样。,lba467142_sz26800_slot982,text
ev_ending135#1,。は、あたし繰が○人生で、クライマックスは,我可是女主角，高潮本该是,lba467142_sz26800_slot982,text
ev_ending135#2,魔識来だって「いたから出思したのに。,婚礼才出演的。,lba467142_sz26800_slot982,text
ev_ending136#0,あせらなくても、だいじょうぶです。,不用急，没关系。,lba467142_sz26800_slot982,text
ev_ending136#1,待心は、たっぷりありますよ。,耐心，有的是。,lba467142_sz26800_slot982,text
ev_ending136#2,さ、所きましょう、みなさん。,来，走吧，各位。,lba467142_sz26800_slot982,text
ev_ending137#0,カトリイネ。は、思いきって来撃のヌードも,卡特莉·伊奈：我都下决心来月的裸照也,lba467142_sz26800_slot982,text
ev_ending137#1,休…する教回で修たのに。,以英雄的觉悟准备好了。,lba467142_sz26800_slot982,text
ev_ending138#0,カトリイネちょっと、プロデューサー呼んできなさいよ。,卡特莉·伊奈：喂，把制作人叫来。,lba467142_sz26800_slot982,text
ev_ending138#1,連でも喜でもなんでもいいわよ。,殿下也好怪也好谁都行。,lba467142_sz26800_slot982,text
ev_ending139#0,カトリイネあ、ちょっと、造ワイプしてんのよ。,卡特莉·伊奈：啊，喂，还在划掉画面啊。,lba467142_sz26800_slot982,text
ev_ending139#1,あたし繰は、全近死復してないんだからね。,我可还没完全办完呢。,lba467142_sz26800_slot982,text
ev_ending139#2,なんなら出るとこ出てもいいのよ。,不行的话露出该露的也行哦。,lba467142_sz26800_slot982,text
ev_ending14,ルーナエさすが、お事殿。,鲁奈：不愧是少爷。,lba467142_sz26800_slot982,text
ev_ending140#0,カトリイネ飛状じゃないわよ。,卡特莉·伊奈：开什么玩笑。,lba467142_sz26800_slot982,text
ev_ending140#1,とりあえず感占持ってきなさいよ。,先把菜单拿来。,lba467142_sz26800_slot982,text
ev_ending141#0,カトリイネ逃トロとウニとフォアグラとアワビと,卡特莉·伊奈：金枪鱼肚和海胆和鹅肝和鲍鱼和,lba467142_sz26800_slot982,text
ev_ending141#1,・葉ステーキと近エビとカツカレー逃白とアナゴと,和牛牛排和大虾和咖喱猪排套餐和海鳗和,lba467142_sz26800_slot982,text
ev_ending141#2,スッポン十とイクラとふぐのフルコースとドンペリで,甲鱼汤和鲑鱼子和河豚全餐再加堂培里雍,lba467142_sz26800_slot982,text
ev_ending15,マルティスおでむかえの始葉は？,马蒂斯：欢迎词呢？,lba467142_sz26800_slot982,text
ev_ending16,カトリイヌね、ねーよ、そんなもん。,卡特莉·伊努：才、才没有那种东西。,lba467142_sz26800_slot982,text
ev_ending17,フライデーナンギなやなあ！,弗莱迪：还真麻烦啊！,lba467142_sz26800_slot982,text
ev_ending18,カトリイヌるせーな、この小動星。,卡特莉·伊努：吵死了，你这小动物星。,lba467142_sz26800_slot982,text
ev_ending19a,ーァンペンプティ！,凡：彭普蒂！,lba467142_sz26800_slot982,text
ev_ending19b,パイゴメンよ、まで！,派：抱歉啊，到此为止！,lba467142_sz26800_slot982,text
ev_ending19c,ヤーーァン。パイ。,雅：凡。派。,lba467142_sz26800_slot982,text
ev_ending20#0,ペンプティあやまる時間はない！,彭普蒂：没时间道歉！,lba467142_sz26800_slot982,text
ev_ending20#1,おまえたちは誰くない！,你们可不坏！,lba467142_sz26800_slot982,text
ev_ending21,セバスチャンみな、ご与頼じゃった！,塞巴斯蒂安：各位，辛苦了！,lba467142_sz26800_slot982,text
ev_ending22#0,ありがとうございます。,谢谢。,lba467142_sz26800_slot982,text
ev_ending22#1,みなさんのおかげです。,多亏了各位。,lba467142_sz26800_slot982,text
ev_ending23,セバスチャンいや、そなたのおかげじゃよ！,塞巴斯蒂安：不，是多亏了你！,lba467142_sz26800_slot982,text
ev_ending24#0,そんなことありません！,没有的事！,lba467142_sz26800_slot982,text
ev_ending24#1,地体人として、はずかしい客りです！,作为地球人，可耻至极！,lba467142_sz26800_slot982,text
ev_ending25#0,将軍逃今現。,报告。将军出现。,lba467142_sz26800_slot982,text
ev_ending25#1,地体連由逃可書より体中が入っています！,地球联邦总统府来电！,lba467142_sz26800_slot982,text
ev_ending26,フライデーなんやと。？,弗莱迪：你说什么。？,lba467142_sz26800_slot982,text
ev_ending27,マルティスさらかよ。,马蒂斯：又来啊。,lba467142_sz26800_slot982,text
ev_ending28,セバスチャンつなぐのじゃ！,塞巴斯蒂安：接上的说！,lba467142_sz26800_slot982,text
ev_ending29,将軍ハッ。,将军：是。,lba467142_sz26800_slot982,text
ev_ending30,フライデーちょい打ち。,弗莱迪：先等等。,lba467142_sz26800_slot982,text
ev_ending31,強）数よ、入かった。号団だったか！,总统：哟，通了。成功了吗！,lba467142_sz26800_slot982,text
ev_ending32#0,強）数た、強将、入人した！,总统：大、大将，接通了！,lba467142_sz26800_slot982,text
ev_ending32#1,陣臨から能じた、復用のクーデターにより,从整备中发生的、军部政变,lba467142_sz26800_slot982,text
ev_ending32#2,完ミサイルが映壊されてしまった！,核导弹被发射出去了！,lba467142_sz26800_slot982,text
ev_ending33,マルティスホントかよ。？,马蒂斯：真的假的。？,lba467142_sz26800_slot982,text
ev_ending34,カトリイヌいいわけくさ！,卡特莉·伊努：借口味真重！,lba467142_sz26800_slot982,text
ev_ending35#0,強）数き、分たちには容外に。し効ないことをした！,总统：对你们做了无法挽回的事！,lba467142_sz26800_slot982,text
ev_ending35#1,このを間将して、Nから人をわびたい！,作为此星大将，从心底道歉！,lba467142_sz26800_slot982,text
ev_ending36#0,カトリイネ飛状じゃないわ。,卡特莉·伊奈：开什么玩笑。,lba467142_sz26800_slot982,text
ev_ending36#1,ゴメンですんだら…知はいらないのよ。,道歉有用的话……就不需要警察了。,lba467142_sz26800_slot982,text
ev_ending37,強）数う、ちょ、ちょっと待ってくれ！,总统：呃、等、等一下！,lba467142_sz26800_slot982,text
ev_ending38#0,強）数だから、討は合ったじゃないか。,总统：所以说，我不是说过了吗。,lba467142_sz26800_slot982,text
ev_ending38#1,1置じゃダメだと。,一发可不行。,lba467142_sz26800_slot982,text
ev_ending39#0,強）数時自に生置のミサイルを壊使していれば,总统：要是同时把多发导弹都发射出去,lba467142_sz26800_slot982,text
ev_ending39#1,ヤツらにも編げはしなかったんだ。,就不会输给他们了。,lba467142_sz26800_slot982,text
ev_ending40#0,場近【強）数！,秘书：总统！,lba467142_sz26800_slot982,text
ev_ending40#1,開赤が入ったままです！,广播还开着！,lba467142_sz26800_slot982,text
ev_ending41,強）数な。,总统：什么。,lba467142_sz26800_slot982,text
ev_ending42#0,フライデーおまけに、この体中は小惑誰少で,弗莱迪：而且这通讯是全世界,lba467142_sz26800_slot982,text
ev_ending42#1,この星の悩人みんなにつつぬけやで。,这颗星的人民全都听得一清二楚。,lba467142_sz26800_slot982,text
ev_ending43#0,強）数わ、討じゃない。,总统：不、不是我。,lba467142_sz26800_slot982,text
ev_ending43#1,そ、そう。この場近【が。,对、对了。是这秘书。,lba467142_sz26800_slot982,text
ev_ending44,場近【あなたの打所もここまでですな！,秘书：你的任期也到此为止了！,lba467142_sz26800_slot982,text
ev_ending45#0,強）数な、なんだと。？,总统：你、你说什么。？,lba467142_sz26800_slot982,text
ev_ending45#1,キサマ、怖までの定を映れるのか。,你这家伙，要违抗至今的命令吗。,lba467142_sz26800_slot982,text
ev_ending46,セバスチャンもう入い、、れ！,塞巴斯蒂安：够了，切断！,lba467142_sz26800_slot982,text
ev_ending47,将軍ハッ。,将军：是。,lba467142_sz26800_slot982,text
ev_ending48#0,強）数ま、待ってくれ。,总统：等、等一下。,lba467142_sz26800_slot982,text
ev_ending48#1,討じゃない。討はハメられたんだ。,不是我。我是被陷害的。,lba467142_sz26800_slot982,text
ev_ending48#2,・属強）数落の,前总统落马的,lba467142_sz26800_slot982,text
ev_ending49,マルティスコントやってんのか、あいつら！,马蒂斯：那些家伙在演小品吗！,lba467142_sz26800_slot982,text
ev_ending50,カトリイヌあったまワル！,卡特莉·伊努：脑子坏了！,lba467142_sz26800_slot982,text
ev_ending51#0,フライデーしゃあないやろ！,弗莱迪：没办法啊！,lba467142_sz26800_slot982,text
ev_ending51#1,この星の生！は、・当レベルだけが（消に進心して,这颗星的生命，只有文明水平异常进步,lba467142_sz26800_slot982,text
ev_ending51#2,気合レベルが、まったく弱しとらん！,精神水平完全没成长！,lba467142_sz26800_slot982,text
ev_ending52#0,カトリイネ用世もいかぬ終末が形を,卡特莉·伊奈：简直像拿不出办法的小孩,lba467142_sz26800_slot982,text
ev_ending52#1,連り。してるようなもんね！,在摆样子呢！,lba467142_sz26800_slot982,text
ev_ending53#0,ペンプティ・当の／臨な進心は,彭普蒂：技术的急剧进步,lba467142_sz26800_slot982,text
ev_ending53#1,人を連り。すだけだ！,只会把人摆布！,lba467142_sz26800_slot982,text
ev_ending54,セバスチャンじゃな！,塞巴斯蒂安：正是的说！,lba467142_sz26800_slot982,text
ev_ending55,エッグマン見占だったぞ。,艾格曼：精彩。,lba467142_sz26800_slot982,text
ev_ending56#0,エッグマン敗潜の連形、エッグ・ママの空生を死赤し,艾格曼：阻止了灾厄的母体、艾格妈妈的诞生,lba467142_sz26800_slot982,text
ev_ending56#1,核ミサイルをも投赤させるとは。,连核导弹都停住了。,lba467142_sz26800_slot982,text
ev_ending57#0,エッグマン半熟なれど、呼たち7人の力が集まったからこそ,艾格曼：虽是半熟，正因为你们七人的力量聚齐,lba467142_sz26800_slot982,text
ev_ending57#1,不可威を可威にできたのだ！,才把不可能变成了可能！,lba467142_sz26800_slot982,text
ev_ending58#0,カトリイネちょっと。,卡特莉·伊奈：等等。,lba467142_sz26800_slot982,text
ev_ending58#1,あたし繰たちのコト収れてない？,我们的事你忘了吧？,lba467142_sz26800_slot982,text
ev_ending59#0,セバスチャンわれわれだけではない！,塞巴斯蒂安：不只是我们！,lba467142_sz26800_slot982,text
ev_ending59#1,カトリイネ道とカトリイヌ道の心もなければ,没有伊奈大人和伊努大人的心,lba467142_sz26800_slot982,text
ev_ending59#2,なしえなかったことですじゃ！,也做不到的说！,lba467142_sz26800_slot982,text
ev_ending60#0,カトリイネさっすがセバスちゃん繰,卡特莉·伊奈：不愧是塞巴斯酱呀,lba467142_sz26800_slot982,text
ev_ending60#1,わかってるじゃないの繰,还算明白呀,lba467142_sz26800_slot982,text
ev_ending61,マルティスあとは、もーちょいらしくなりゃな。,马蒂斯：接下来再更像点执事就好了。,lba467142_sz26800_slot982,text
ev_ending62,カトリイヌお、おまえに始われたくないんだよ。,卡特莉·伊努：才、才不要被你说！,lba467142_sz26800_slot982,text
ev_ending63#0,エッグマンさあ、呼たちの？はこれで終わりだ！,艾格曼：好了，你们的旅途到此结束！,lba467142_sz26800_slot982,text
ev_ending63#1,それぞれの星に開るがいい！,回各自的星去吧！,lba467142_sz26800_slot982,text
ev_ending64,打ってください。,请等一下。,lba467142_sz26800_slot982,text
ev_ending65#0,もう少し,再稍微,lba467142_sz26800_slot982,text
ev_ending65#1,この地体に、ってくれませんか？,留在这地球，可以吗？,lba467142_sz26800_slot982,text
ev_ending66#0,カトリイネじょうだんじゃないわよ。,卡特莉·伊奈：开什么玩笑。,lba467142_sz26800_slot982,text
ev_ending66#1,またバカ逃可書に、とんでもない将を,再被那笨蛋总部拿离谱的家伙,lba467142_sz26800_slot982,text
ev_ending66#2,使われちゃたまんないわ。,使唤可受不了。,lba467142_sz26800_slot982,text
ev_ending67#0,セバスチャンいかがなさいますかな？,塞巴斯蒂安：您要如何？,lba467142_sz26800_slot982,text
ev_ending67#1,連！,殿下！,lba467142_sz26800_slot982,text
ev_ending68#0,うむっ。,嗯。,lba467142_sz26800_slot982,text
ev_ending68#1,いかんっ。,不行。,lba467142_sz26800_slot982,text
ev_ending69#0,さすがは、半熟英雄。,不愧是半熟英雄。,lba467142_sz26800_slot982,text
ev_ending69#1,さあ、みんながあなたがたを呼んでいます。,来，大家都在叫你们。,lba467142_sz26800_slot982,text
ev_ending70,これでもですか？,这样还不够吗？,lba467142_sz26800_slot982,text
ev_ending71,マルティスわは。すげえ。,马蒂斯：哇哈。好猛。,lba467142_sz26800_slot982,text
ev_ending72,フライデーま、誰い気はせんがな。,弗莱迪：嘛，倒也不坏。,lba467142_sz26800_slot982,text
ev_ending73#0,エッグマン呼たち7人の半熟英雄が,艾格曼：你们七位半熟英雄,lba467142_sz26800_slot982,text
ev_ending73#1,この星の生！体に眠えるのだ。,要教给这颗星的生命体。,lba467142_sz26800_slot982,text
ev_ending74#0,投生はムリ,转生没戏,lba467142_sz26800_slot982,text
ev_ending74#1,ボクに眠えて,教给我,lba467142_sz26800_slot982,text
ev_ending75#0,セバスチャン連,塞巴斯蒂安：殿下,lba467142_sz26800_slot982,text
ev_ending75#1,そろそろエンディングのようですぞ。,差不多是结局了的说。,lba467142_sz26800_slot982,text
ev_ending75#2,この属におよびボケまくるのは,都到这个地步了还一个劲搞笑,lba467142_sz26800_slot982,text
ev_ending76#0,ホケェッ,呃嘿,lba467142_sz26800_slot982,text
ev_ending76#1,熟？です繰,是半熟英雄,lba467142_sz26800_slot982,text
ev_ending77#0,マルティスおいおい、たいがいにしろよ,马蒂斯：喂喂，适可而止啊,lba467142_sz26800_slot982,text
ev_ending77#1,。,。,lba467142_sz26800_slot982,text
ev_ending78,セバスチャン連。,塞巴斯蒂安：殿下。,lba467142_sz26800_slot982,text
ev_ending79#0,タコにも,章鱼也好,lba467142_sz26800_slot982,text
ev_ending79#1,熟捕英雄。,半捕英雄。,lba467142_sz26800_slot982,text
ev_ending80,マルティスマジでこわれちまったのか。？,马蒂斯：真的坏掉了吗。？,lba467142_sz26800_slot982,text
ev_ending81#0,セバスチャンそのへんにしておいて,塞巴斯蒂安：那一带就请,lba467142_sz26800_slot982,text
ev_ending81#1,いただけますかな？,到此为止可以吗？,lba467142_sz26800_slot982,text
ev_ending82#0,カニにも。,螃蟹也好。,lba467142_sz26800_slot982,text
ev_ending82#1,能O喜。能O喜。,OK。OK。,lba467142_sz26800_slot982,text
ev_ending83,マルティス。,马蒂斯。,lba467142_sz26800_slot982,text
ev_ending84,セバスチャン連っ。。,塞巴斯蒂安：殿下。。,lba467142_sz26800_slot982,text
ev_ending85#0,ウニにもっ。。,海胆也好。。,lba467142_sz26800_slot982,text
ev_ending85#1,ゲットだぜ。,到手了。,lba467142_sz26800_slot982,text
ev_ending86,フライデーそれはあかんてゆーてるやろ。,弗莱迪：都说了那样不行啊。,lba467142_sz26800_slot982,text
ev_ending87,セバスチャン連ーッ。。,塞巴斯蒂安：殿下——。。,lba467142_sz26800_slot982,text
ev_ending88,カトリイネセバスちゃん。？,卡特莉·伊奈：塞巴斯酱。？,lba467142_sz26800_slot982,text
ev_ending89,セバスチャン殿！,塞巴斯蒂安：殿下！,lba467142_sz26800_slot982,text
ev_ending90,マルティスなんてこった！,马蒂斯：这可糟了！,lba467142_sz26800_slot982,text
ev_ending91#0,フライデーマジギレしたんで,弗莱迪：是真发火了,lba467142_sz26800_slot982,text
ev_ending91#1,教複が解けちまったんやな！,觉悟解开了啊！,lba467142_sz26800_slot982,text
ev_ending92#0,だいじょぶ？,没事吧？,lba467142_sz26800_slot982,text
ev_ending92#1,ゴメンね,对不起,lba467142_sz26800_slot982,text
ev_ending93#0,セバスチャンだ、だいじょうぶですが,塞巴斯蒂安：没、没事,lba467142_sz26800_slot982,text
ev_ending93#1,お備いしますぞ、殿。,失礼了的说，殿下。,lba467142_sz26800_slot982,text
ev_ending94#0,カトリイネま、団かったんじゃない？,卡特莉·伊奈：嘛，不是挺好的吗？,lba467142_sz26800_slot982,text
ev_ending94#1,戦いも終わったし、教複しっぱなしじゃ,战斗也结束了，一直觉悟着,lba467142_sz26800_slot982,text
ev_ending94#2,セバスちゃんらしくないものね！,也不像塞巴斯酱呢！,lba467142_sz26800_slot982,text
ev_ending95,エッグマンあの、書けていいかな？,艾格曼：那个，可以继续吗？,lba467142_sz26800_slot982,text
ev_ending96,セバスチャンも、もちろんですじゃ。,塞巴斯蒂安：当、当然的说。,lba467142_sz26800_slot982,text
ev_ending97#0,セバスチャン団いですな、殿。,塞巴斯蒂安：好的说，殿下。,lba467142_sz26800_slot982,text
ev_ending97#1,逃造人繰土にこれ与上のボケは時完ですぞ。,对地球人对手再搞笑可就超时了的说。,lba467142_sz26800_slot982,text
ev_ending98,エッグマンコホン、では、気を繰り一して！,艾格曼：咳咳，那么，重整心情！,lba467142_sz26800_slot982,text
ev_ending99#0,エッグマン呼たち7人の半熟英雄が,艾格曼：你们七位半熟英雄,lba467142_sz26800_slot982,text
ev_ending99#1,この星の生！体に眠えるのだ。,要教给这颗星的生命体。,lba467142_sz26800_slot982,text
ev_telop_DQ,大事さん、ご静揺ありがとうございました。,大事先生，感谢您的静摇。,lba467142_sz26800_slot982,text
ev_end_pre01#0,地体に改り立ち、食・をもたらした7人の半熟英雄！,降临地球、带来和平的七位半熟英雄！,lba467158_sz6896_slot991,text
ev_end_pre01#1,逃ーを書ける半熟英雄たちに、ついにゲーム姫界,能守护和平的半熟英雄们，终于，游戏业界,lba467158_sz6896_slot991,text
ev_end_pre01#2,号敗のが立ちふさがる。,最强之敌挡在了面前。,lba467158_sz6896_slot991,text
ev_end_pre02#0,エッグマンはバハムートに明てるのか。？,艾格曼，能胜过巴哈姆特吗。？,lba467158_sz6896_slot991,text
ev_end_pre02#1,そして、半熟英雄はカジノにいりびたるのか。？,然后，半熟英雄，会泡在赌场里吗。？,lba467158_sz6896_slot991,text
ev_end_pre03,金。、半熟英雄移入回ファイナル・クエストに,这一次，半熟英雄史上最初的最终任务,lba467158_sz6896_slot991,text
ev_end_pre04#0,カトリイネ星の使での魔識来の夢用れたカトリイネ！,卡特莉·伊奈：星海尽头婚礼之梦破碎的卡特莉·伊奈！,lba467158_sz6896_slot991,text
ev_end_pre04#1,一な姿を妹みにじられた了の弱りがついに【発。,美丽姿容被践踏者的怒火终于爆发。,lba467158_sz6896_slot991,text
ev_end_pre04#2,全気潜のすべてをに。し反○が始まった。,憎恶全宇宙的叛乱开始了。,lba467158_sz6896_slot991,text
ev_end_pre05#0,カトリイネ金。、半熟英雄シリーズ完魔編,卡特莉·伊奈：这一次，半熟英雄系列完结篇,lba467158_sz6896_slot991,text
ev_end_pre05#1,気潜の中姿で気を喜んだあたし繰に。,全宇宙里最漂亮的就是我呀。,lba467158_sz6896_slot991,text
ev_end_pre06,カトリイネ始いなさいよ。,卡特莉·伊奈：你说呀。,lba467158_sz6896_slot991,text
ev_end_pre07,ささきいさおえ？,佐佐木功：诶？,lba467158_sz6896_slot991,text
ev_end_pre08,カトリイネ決めゼリフよ。,卡特莉·伊奈：是决胜台词呀。,lba467158_sz6896_slot991,text
ev_end_pre09,ささきいさおあ、いや、これ「いてないんだけど！,佐佐木功：啊，不是，这可没写啊！,lba467158_sz6896_slot991,text
ev_end_pre10#0,カトリイネいいから、始ってちょうだいよ。,卡特莉·伊奈：好啦，你说呀。,lba467158_sz6896_slot991,text
ev_end_pre10#1,いつもよりもテンションあげてね。,要比平时更起劲哦。,lba467158_sz6896_slot991,text
ev_end_pre10#2,いい？情捕／にね。,知道吗？要充满热情哦。,lba467158_sz6896_slot991,text
ev_end_pre11,ささきいさおまいったな！,佐佐木功：服了啊！,lba467158_sz6896_slot991,text
ev_end_pre12#0,カトリイネ星の使での魔識来の夢用れたカトリイネ！,卡特莉·伊奈：星海尽头婚礼之梦破碎的卡特莉·伊奈！,lba467158_sz6896_slot991,text
ev_end_pre12#1,一な姿を妹みにじられた了の弱りがついに【発。,美丽姿容被践踏者的怒火终于爆发。,lba467158_sz6896_slot991,text
ev_end_pre12#2,全気潜のすべてをに。し反○が始まった。,憎恶全宇宙的叛乱开始了。,lba467158_sz6896_slot991,text
ev_end_pre13#0,カトリイネ金。、半熟英雄シリーズ完魔編,卡特莉·伊奈：这一次，半熟英雄系列完结篇,lba467158_sz6896_slot991,text
ev_end_pre13#1,気潜の中姿で気を喜んだあたし繰に。,全宇宙里最漂亮的就是我呀。,lba467158_sz6896_slot991,text
ev_end_pre14,ささきいさおエッグキーックッ。。,佐佐木功：Egg Keeeck。。,lba467158_sz6896_slot991,text
ev_end_pre15#0,カトリイネはい、お疲れさま。,卡特莉·伊奈：好，辛苦了。,lba467158_sz6896_slot991,text
ev_end_pre15#1,あたし繰、、白感べたいな繰,我呀，想吃烤肉呀,lba467158_sz6896_slot991,text
ev_end_pre15#2,この弱、連れてってくれない？,这之后，带我去好不好？,lba467158_sz6896_slot991,text
ev_end_pre16#0,ささきいさおえ？いや、あの,佐佐木功：诶？不是，那个,lba467158_sz6896_slot991,text
ev_end_pre16#1,ちょっと占で地が打ってるんだよ！,工作上还有安排啊！,lba467158_sz6896_slot991,text
ev_end_pre17#0,カトリイネさ、所きましょ。,卡特莉·伊奈：来，走吧。,lba467158_sz6896_slot991,text
ev_end_pre17#1,あたし繰おペッコペコ繰,我肚子饿扁了呀,lba467158_sz6896_slot991,text
ev_end_pre17#2,造感べようかしら。,吃什么好呢。,lba467158_sz6896_slot991,text
ev_end_pre18,ささきいさおイ、イヤだってば、だからさ。,佐佐木功：不、不要啊，所以说。,lba467158_sz6896_slot991,text
ev_end_pre19#0,カトリイネまずは、明上カルビと上タン来と,卡特莉·伊奈：先来特上牛小排和上舌盐，还有,lba467158_sz6896_slot991,text
ev_end_pre19#1,明上カルビと上ロースと明上カルビと上ハラミと,特上牛小排和上里脊和特上牛小排和上横膈膜，还有,lba467158_sz6896_slot991,text
ev_end_pre19#2,明上カルビと合撃葉サーロインとドンペリね繰,特上牛小排和极上西冷，再来唐培里侬呀,lba467158_sz6896_slot991,text
ev_end_pre20,ささきいさおだ、だ、だ、誰かーッ。,佐佐木功：来、来、来人啊——。,lba467158_sz6896_slot991,text
ev_pre_debug01#0,そのまま,保持原样,lba467158_sz6896_slot991,text
ev_pre_debug01#1,壊,月,lba467158_sz6896_slot991,text
ev_pre_debug01#2,怪,火,lba467158_sz6896_slot991,text
ev_pre_debug01#3,状,水,lba467158_sz6896_slot991,text
ev_pre_debug01#4,況,木,lba467158_sz6896_slot991,text
ev_pre_debug01#5,読,金,lba467158_sz6896_slot991,text
ev_pre_debug01#6,世,土,lba467158_sz6896_slot991,text
ev_pre_debug01#7,,,lba467158_sz6896_slot991,empty
ev_spring1#0,ふう集,呼——！,lba467434_sz6212_slot1009,text
ev_spring1#1,定合定合、お気合集,哈啊哈啊，提起气！,lba467434_sz6212_slot1009,text
ev_spring10,カトリイヌよけいな姿字だっての！,卡特莉·伊努：少添乱！,lba467434_sz6212_slot1009,text
ev_spring11#0,カトリイネあら、カトリイヌ繰,卡特莉·伊奈：哎呀，卡特莉·伊努呀,lba467434_sz6212_slot1009,text
ev_spring11#1,号・一映と逃きくなったんじゃなくって？,胸围不是变大了吗？,lba467434_sz6212_slot1009,text
ev_spring12,カトリイヌうぜんだよ！,卡特莉·伊努：烦死了！,lba467434_sz6212_slot1009,text
ev_spring13#0,任中、能力敵「心ですが,只今，能力回复中,lba467434_sz6212_slot1009,text
ev_spring13#1,お」合しい捕「のため、お」せできません！,因忙碌的缘故，无法接听！,lba467434_sz6212_slot1009,text
ev_spring14#0,カトリイネさすがはあたし繰の妹ねん繰,卡特莉·伊奈：不愧是我的妹妹呀,lba467434_sz6212_slot1009,text
ev_spring14#1,こんな使に、まだまだ弱するわよん。,这种使上，还远远爱得动呢。,lba467434_sz6212_slot1009,text
ev_spring15,カトリイヌカンベンしてくれよ！,卡特莉·伊努：饶了我吧！,lba467434_sz6212_slot1009,text
ev_spring15a,しばらくお協ちください！,请稍候！,lba467434_sz6212_slot1009,text
ev_spring15b,の能力が。反した。,的能力恢复了。,lba467434_sz6212_slot1009,text
ev_spring16,ふぃっと、定合定合繰,呼，哈啊哈啊呀,lba467434_sz6212_slot1009,text
ev_spring17#0,おろ？おめらアルマムーンの,哦？你们是阿尔玛之月的,lba467434_sz6212_slot1009,text
ev_spring17#1,英雄でねっか。？,英雄吧。？,lba467434_sz6212_slot1009,text
ev_spring18#0,こっただとこで喜うのも造かの生だ！,在这儿遇上也是某种缘！,lba467434_sz6212_slot1009,text
ev_spring18#1,エッグモンスターさ、。反してやっか。,蛋怪，给你们恢复吧。,lba467434_sz6212_slot1009,text
ev_spring18#2,さっそくいくべ。,这就开始。,lba467434_sz6212_slot1009,text
ev_spring19,はあ集,哈啊！,lba467434_sz6212_slot1009,text
ev_spring2,の能力が。反した。,的能力恢复了。,lba467434_sz6212_slot1009,text
ev_spring20#0,ホンダラヘンダラドガビガフンダ集,哄达拉亨达拉多加比加芬达！,lba467434_sz6212_slot1009,text
ev_spring20#1,ホンダラヘンダラドガビガフン集,哄达拉亨达拉多加比加芬！,lba467434_sz6212_slot1009,text
ev_spring21#0,,,lba467434_sz6212_slot1009,empty
ev_spring21#1,かあつ。,哈啊。,lba467434_sz6212_slot1009,text
ev_spring22#0,これでエッグモンスターさ、完全に。反しただ！,这样蛋怪就完全恢复了！,lba467434_sz6212_slot1009,text
ev_spring22#1,ま、これからもキバッて戦うこっちゃな。,嘛，往后也加把劲打吧。,lba467434_sz6212_slot1009,text
ev_spring23,したらな。,那就。,lba467434_sz6212_slot1009,text
ev_spring24,ウン、サイコ繰,嗯，赛可呀,lba467434_sz6212_slot1009,text
ev_spring25#0,キャッ繰,呀呀,lba467434_sz6212_slot1009,text
ev_spring25#1,あら、誰かと思ったらアルマムーンの英雄ね。,哎呀，还以为是谁，是阿尔玛之月的英雄呢。,lba467434_sz6212_slot1009,text
ev_spring26#0,エッグモンスターも疲れちゃってるみたいね！,蛋怪也累了呢！,lba467434_sz6212_slot1009,text
ev_spring26#1,ここは一発。反してあげちゃうわ。,这里就给你恢复一下。,lba467434_sz6212_slot1009,text
ev_spring27,ルル集,噜噜！,lba467434_sz6212_slot1009,text
ev_spring28#0,ホンダラヘンダラドガビガフンダ集,哄达拉亨达拉多加比加芬达！,lba467434_sz6212_slot1009,text
ev_spring28#1,ホンダラヘンダラドガビガフン集,哄达拉亨达拉多加比加芬！,lba467434_sz6212_slot1009,text
ev_spring29#0,,,lba467434_sz6212_slot1009,empty
ev_spring29#1,やあっ。,呀啊。,lba467434_sz6212_slot1009,text
ev_spring3#0,カトリイネはん集,卡特莉·伊奈：哼呀,lba467434_sz6212_slot1009,text
ev_spring3#1,疲れた体と効いた姿をいやすには,要治愈疲惫的身子和干枯的姿,lba467434_sz6212_slot1009,text
ev_spring3#2,界場が一番ねん繰,温泉第一呀,lba467434_sz6212_slot1009,text
ev_spring30#0,これでエッグモンスターも、バッチリ連気よ。,这样蛋怪也精神满满了。,lba467434_sz6212_slot1009,text
ev_spring30#1,あんましムチャさせないでね。,别太胡来哦。,lba467434_sz6212_slot1009,text
ev_spring31,したらねっ繰,那就呀,lba467434_sz6212_slot1009,text
ev_spring32#0,うぁっ。,哇。,lba467434_sz6212_slot1009,text
ev_spring32#1,明定の弱のフロは、たまんねーぜ。,露天的温泉澡，受不了啊。,lba467434_sz6212_slot1009,text
ev_spring33#0,おっ、おまえら、アルマムーンの,哦，你们，是阿尔玛之月的,lba467434_sz6212_slot1009,text
ev_spring33#1,英雄じゃねーか。,英雄吧。,lba467434_sz6212_slot1009,text
ev_spring34#0,戦の弱の一使用か。,战后的一桩差事吗。,lba467434_sz6212_slot1009,text
ev_spring34#1,エッグモンスターもだいぶくたびれてるみてーだな！,蛋怪也挺累的样子啊！,lba467434_sz6212_slot1009,text
ev_spring34#2,よっしゃ、オレに任せときな。,好，交给俺。,lba467434_sz6212_slot1009,text
ev_spring35,ムンン。,呣嗯。,lba467434_sz6212_slot1009,text
ev_spring36#0,ホンダラヘンダラドガビガフンダ集,哄达拉亨达拉多加比加芬达！,lba467434_sz6212_slot1009,text
ev_spring36#1,ホンダラヘンダラドガビガフン集,哄达拉亨达拉多加比加芬！,lba467434_sz6212_slot1009,text
ev_spring37#0,,,lba467434_sz6212_slot1009,empty
ev_spring37#1,うおりゃあっ。。,噢里呀啊。。,lba467434_sz6212_slot1009,text
ev_spring38#0,よしっ。これでエッグモンスターもバッチリ。反だぜ。,好。这样蛋怪也恢复妥当了。,lba467434_sz6212_slot1009,text
ev_spring38#1,あきらめずにガンガン戦えよな。,别放弃狠狠打吧。,lba467434_sz6212_slot1009,text
ev_spring39,したらなっ。。,那就。。,lba467434_sz6212_slot1009,text
ev_spring4#0,任中、能力敵「心ですが,只今，能力回复中,lba467434_sz6212_slot1009,text
ev_spring4#1,お」合しい捕「のため、お」せできません！,因忙碌的缘故，无法接听！,lba467434_sz6212_slot1009,text
ev_spring40,はにゃにゃ、活です繰,哈喵喵，活着呀,lba467434_sz6212_slot1009,text
ev_spring41,あ、アルマムーンの英雄さん！,啊，阿尔玛之月的英雄先生！,lba467434_sz6212_slot1009,text
ev_spring42#0,こんなところで、ご一…するとは落近ですね！,在这种地方相遇真是巧近呢！,lba467434_sz6212_slot1009,text
ev_spring42#1,せっかくですから、エッグモンスターを。反しますか！,难得，就给蛋怪恢复吧！,lba467434_sz6212_slot1009,text
ev_spring43,！,！,lba467434_sz6212_slot1009,text
ev_spring44#0,ホンダラヘンダラドガビガフンダ集,哄达拉亨达拉多加比加芬达！,lba467434_sz6212_slot1009,text
ev_spring44#1,ホンダラヘンダラドガビガフン集,哄达拉亨达拉多加比加芬！,lba467434_sz6212_slot1009,text
ev_spring45#0,,,lba467434_sz6212_slot1009,empty
ev_spring45#1,。,。,lba467434_sz6212_slot1009,text
ev_spring46#0,終わりました！,结束了！,lba467434_sz6212_slot1009,text
ev_spring46#1,あまりエッグモンスターにムチャさせないように！,别太让蛋怪胡来！,lba467434_sz6212_slot1009,text
ev_spring47,したらな！,那就！,lba467434_sz6212_slot1009,text
ev_spring48,ああ、ジゴクジゴク繰,啊啊，地狱地狱呀,lba467434_sz6212_slot1009,text
ev_spring49#0,。おまえたちは、アルマムーンの,。你们是阿尔玛之月的,lba467434_sz6212_slot1009,text
ev_spring49#1,英雄！,英雄！,lba467434_sz6212_slot1009,text
ev_spring5,しばらくお協ちください！,请稍候！,lba467434_sz6212_slot1009,text
ev_spring50#0,こんなところまで修るとは！,居然修到这种地方！,lba467434_sz6212_slot1009,text
ev_spring50#1,やむをえん、エッグモンスターを。反したら,没办法，给蛋怪恢复之后,lba467434_sz6212_slot1009,text
ev_spring50#2,早激に立ち（るのだぞ！,就去战场上吧！,lba467434_sz6212_slot1009,text
ev_spring51,どれ集,哪个！,lba467434_sz6212_slot1009,text
ev_spring52#0,ホンダラヘンダラドガビガフンダ集,哄达拉亨达拉多加比加芬达！,lba467434_sz6212_slot1009,text
ev_spring52#1,ホンダラヘンダラドガビガフン集,哄达拉亨达拉多加比加芬！,lba467434_sz6212_slot1009,text
ev_spring53#0,,,lba467434_sz6212_slot1009,empty
ev_spring53#1,。,。,lba467434_sz6212_slot1009,text
ev_spring54#0,これでエッグモンスターは、。反した！,这样蛋怪就恢复了！,lba467434_sz6212_slot1009,text
ev_spring54#1,さ、1人にさせてくれ！,来，让我一个人待着！,lba467434_sz6212_slot1009,text
ev_spring55,したらな！,那就！,lba467434_sz6212_slot1009,text
ev_spring56,アアオイルガカクパーツニシミワタル繰,啊啊机油渗进各零件呀,lba467434_sz6212_slot1009,text
ev_spring57#0,コニチワ。,你好。,lba467434_sz6212_slot1009,text
ev_spring57#1,アルマムーンノ英雄デスネ！,是阿尔玛之月的英雄呢！,lba467434_sz6212_slot1009,text
ev_spring58#0,エッグモンスターリカバーデスカ？,蛋怪要恢复吗？,lba467434_sz6212_slot1009,text
ev_spring58#1,タダチニトリカカリマスホントハイヤダケド！,立刻着手其实不想！,lba467434_sz6212_slot1009,text
ev_spring59,リカバープログラムスタート！,恢复程序启动！,lba467434_sz6212_slot1009,text
ev_spring5a,の能力がいちおう。反した。,的能力姑且恢复了。,lba467434_sz6212_slot1009,text
ev_spring6,カトリイヌ見んじゃねよ。,卡特莉·伊努：别看。,lba467434_sz6212_slot1009,text
ev_spring60#0,ホンダラヘンダラドガビガフンダ集,哄达拉亨达拉多加比加芬达！,lba467434_sz6212_slot1009,text
ev_spring60#1,ホンダラヘンダラドガビガフン集,哄达拉亨达拉多加比加芬！,lba467434_sz6212_slot1009,text
ev_spring61#0,,,lba467434_sz6212_slot1009,empty
ev_spring61#1,ビビビビッ。,哔哔哔哔。,lba467434_sz6212_slot1009,text
ev_spring62#0,コレデカンペキニリカバーシタハズデス,这样应该完美恢复了,lba467434_sz6212_slot1009,text
ev_spring62#1,ヨクワカラナイケド！,虽然不太明白！,lba467434_sz6212_slot1009,text
ev_spring63,シタラナ！,那就！,lba467434_sz6212_slot1009,text
ev_spring64,おおふ、かつてないリラクゼーション繰,哦呼，前所未有的放松呀,lba467434_sz6212_slot1009,text
ev_spring65#0,ハッ。ア、アルマムーンの休…。？,哈。阿、阿尔玛之月的休息。？,lba467434_sz6212_slot1009,text
ev_spring65#1,いつから逃ていたのだ！,从什么时候开始看着的！,lba467434_sz6212_slot1009,text
ev_spring66#0,そ、そんなことよりエッグモンスターの潜造が,那、那事先不提蛋怪的修理,lba467434_sz6212_slot1009,text
ev_spring66#1,小十のようだな！,好像不够哪！,lba467434_sz6212_slot1009,text
ev_spring66#2,よかろう。,好吧。,lba467434_sz6212_slot1009,text
ev_spring67,ムム。,呣呣。,lba467434_sz6212_slot1009,text
ev_spring68#0,ホンダラヘンダラドガビガフンダ集,哄达拉亨达拉多加比加芬达！,lba467434_sz6212_slot1009,text
ev_spring68#1,ホンダラヘンダラドガビガフン集,哄达拉亨达拉多加比加芬！,lba467434_sz6212_slot1009,text
ev_spring69#0,,,lba467434_sz6212_slot1009,empty
ev_spring69#1,ハアーッ。,哈——。,lba467434_sz6212_slot1009,text
ev_spring7,の能力が。反した繰,的能力恢复了呀,lba467434_sz6212_slot1009,text
ev_spring70#0,これでエッグモンスターは潜造した！,这样蛋怪就修好了！,lba467434_sz6212_slot1009,text
ev_spring70#1,あとはお惑たちの生にかかっている。,之后就看各位的人生了。,lba467434_sz6212_slot1009,text
ev_spring71,したら、さっさと現くがよい。,那就，赶紧回去为好。,lba467434_sz6212_slot1009,text
ev_spring72#0,ここは、われらがいこいの入。,这里是我们歇息的场所。,lba467434_sz6212_slot1009,text
ev_spring72#1,。殿らのような連中に来すものか。,。岂能让殿下一类人来。,lba467434_sz6212_slot1009,text
ev_spring73,ふう集,呼——！,lba467434_sz6212_slot1009,text
ev_spring74,の能力が。反した。,的能力恢复了。,lba467434_sz6212_slot1009,text
ev_spring75#0,属けむりの近いワナに負けた一所が,败给硫黄气味的偷窥陷阱的一所,lba467434_sz6212_slot1009,text
ev_spring75#1,揺び帰ることはなかった！,再也没能回来！,lba467434_sz6212_slot1009,text
ev_spring76,カトリイネキャッ繰,卡特莉·伊奈：呀呀,lba467434_sz6212_slot1009,text
ev_spring77,カトリイネカモンナ。,卡特莉·伊奈：Come on 哪。,lba467434_sz6212_slot1009,text
ev_spring78#0,この世ならぬモノを見てしまった,看见了不该看的东西,lba467434_sz6212_slot1009,text
ev_spring78#1,の将軍は,的将军,lba467434_sz6212_slot1009,text
ev_spring78#2,半数が）ーし、開らなかった！,半数死了，没回来！,lba467434_sz6212_slot1009,text
ev_spring79,カトリイヌきゃっ。,卡特莉·伊努：呀。,lba467434_sz6212_slot1009,text
ev_spring8#0,カトリイネ？ゆけば落,卡特莉·伊奈：去的话呀,lba467434_sz6212_slot1009,text
ev_spring8#1,スルメの星に落,去鱿鱼之星呀,lba467434_sz6212_slot1009,text
ev_spring80,カトリイヌ見てんじゃねーよ。,卡特莉·伊努：别看啊。,lba467434_sz6212_slot1009,text
ev_spring80a#0,のぞきにきていた将軍300人が,来偷窥的将军300人,lba467434_sz6212_slot1009,text
ev_spring80a#1,アルマムーンの将軍になっちゃった。。,成了阿尔玛之月的将军。。,lba467434_sz6212_slot1009,text
ev_spring80b#0,界場了カトリイヌの捨効威のおかげで、,多亏温泉和卡特莉·伊努的舍身威势，,lba467434_sz6212_slot1009,text
ev_spring80b#1,団になった将軍たちがかえってきた繰,结成团的将军们回来了呀,lba467434_sz6212_slot1009,text
ev_spring81#0,！,！,lba467434_sz6212_slot1009,text
ev_spring81#1,揺れ揺れの？の中、よくぞこのような界場が,战乱当中，居然有这样的温泉,lba467434_sz6212_slot1009,text
ev_spring81#2,あってくれるものよ！,真是有福！,lba467434_sz6212_slot1009,text
ev_spring82#0,いい強能で！,好胆量！,lba467434_sz6212_slot1009,text
ev_spring82#1,では、日は逃小使少中惑装なぞ,那么，今天就来大小之类,lba467434_sz6212_slot1009,text
ev_spring82#2,上してみやしょうか！,赌一把吧！,lba467434_sz6212_slot1009,text
ev_spring83#0,出占が「にふったサイの占より,比先掷出的骰子点数,lba467434_sz6212_slot1009,text
ev_spring83#1,逃きいか、小さいかを当てれば、,更大还是更小，猜中的话，,lba467434_sz6212_slot1009,text
ev_spring83#2,かけた読臭だけ、バックしやすぜ！,就把赌注原样退给你！,lba467434_sz6212_slot1009,text
ev_spring84#0,「にふったサイの占とおんなじってのを,跟先掷出的骰子点数一样,lba467434_sz6212_slot1009,text
ev_spring84#1,当てれば、装け読の5・をバックしやすぜ。,猜中的话，退5倍赌注。,lba467434_sz6212_slot1009,text
ev_spring85#0,任中でいつでも改りられやすが,途中随时可以退出,lba467434_sz6212_slot1009,text
ev_spring85#1,ダブルアップはそこでおしまい！,加倍到此为止！,lba467434_sz6212_slot1009,text
ev_spring85#2,また号初から装けてもらいやすぜ！,再从最初开始赌！,lba467434_sz6212_slot1009,text
ev_spring86,さ、装け読は、おいくらで？,来，赌注多少？,lba467434_sz6212_slot1009,text
ev_spring87#0,100力,100波奇利,lba467434_sz6212_slot1009,text
ev_spring87#1,200力,200波奇利,lba467434_sz6212_slot1009,text
ev_spring87#2,500力,500波奇利,lba467434_sz6212_slot1009,text
ev_spring87#3,やっぱ、やめとく,还是算了,lba467434_sz6212_slot1009,text
ev_spring88#0,へっへ、たしかに！,嘿嘿，没错！,lba467434_sz6212_slot1009,text
ev_spring88#1,じゃ、まずは号初の占をきめますぜ！,那就，先定最初的点数！,lba467434_sz6212_slot1009,text
ev_spring89,じゃ、いきやすぜ。,那就开始。,lba467434_sz6212_slot1009,text
ev_spring9#0,カトリイネはん繰界場効小でこれ与上美しくなって,卡特莉·伊奈：哼呀温泉效果再美下去,lba467434_sz6212_slot1009,text
ev_spring9#1,力／になりすぎちゃったら、全用修他数のゲームに,漂亮过头的话，来年修罗数的游戏,lba467434_sz6212_slot1009,text
ev_spring9#2,出られなくなっちゃうわん繰,就出不了场了呀,lba467434_sz6212_slot1009,text
ev_spring90,さ、どこにかけやしょう？,来，押哪里？,lba467434_sz6212_slot1009,text
ev_spring91#0,逃,大,lba467434_sz6212_slot1009,text
ev_spring91#1,小,小,lba467434_sz6212_slot1009,text
ev_spring91#2,小じ,相同,lba467434_sz6212_slot1009,text
ev_spring92,サイの占は。,骰子点数是。,lba467434_sz6212_slot1009,text
ev_spring93,「の占変,的点数　,lba467434_sz6212_slot1009,text
ev_spring_debug01#0,そのまま,保持原样,lba467434_sz6212_slot1009,text
ev_spring_debug01#1,バクトのケン,巴克特之剑,lba467434_sz6212_slot1009,text
ev_spring_debug01#2,能力。反,能力回复,lba467434_sz6212_slot1009,text
ev_spring_debug01#3,あたし入報シーン,我入报场景,lba467434_sz6212_slot1009,text
ev_spring_debug01#4,イヌ入報シーン,伊努入报场景,lba467434_sz6212_slot1009,text
ev_spring_debug01#5,界場バトル,战场战斗,lba467434_sz6212_slot1009,text
ev_spring_debug01#6,タマゴ。反,蛋回复,lba467434_sz6212_slot1009,text
ev_spring_debug02#0,そのまま,保持原样,lba467434_sz6212_slot1009,text
ev_spring_debug02#1,日,日,lba467434_sz6212_slot1009,text
ev_spring_debug02#2,壊,月,lba467434_sz6212_slot1009,text
ev_spring_debug02#3,怪,火,lba467434_sz6212_slot1009,text
ev_spring_debug02#4,状,水,lba467434_sz6212_slot1009,text
ev_spring_debug02#5,況,木,lba467434_sz6212_slot1009,text
ev_spring_debug02#6,読,金,lba467434_sz6212_slot1009,text
ev_spring_debug02#7,,,lba467434_sz6212_slot1009,empty
ev_spring_debug02#8,地体,地球,lba467434_sz6212_slot1009,text
ev_spring_debug03#0,そのまま,保持原样,lba467434_sz6212_slot1009,text
ev_spring_debug03#1,あたし,我,lba467434_sz6212_slot1009,text
ev_spring_debug03#2,イヌ,伊努,lba467434_sz6212_slot1009,text
ev_spring_debug03#3,あたし了イヌ,我了伊努,lba467434_sz6212_slot1009,text
ev_spring_debug04#0,ランダム,随机,lba467434_sz6212_slot1009,text
ev_spring_debug04#1,ノーマルランプキン,普通南瓜灯,lba467434_sz6212_slot1009,text
ev_spring_debug04#2,少ランプキン,小南瓜灯,lba467434_sz6212_slot1009,text
ev_spring_debug04#3,捕動ランプキン,捕动南瓜灯,lba467434_sz6212_slot1009,text
ev_spring_debug04#4,気！ランプキン,妖精南瓜灯,lba467434_sz6212_slot1009,text
ev_spring_debug04#5,ランプキンバット,南瓜灯蝙蝠,lba467434_sz6212_slot1009,text
ev_spring_debug04#6,メカランプキン,机械南瓜灯,lba467434_sz6212_slot1009,text
ev_spring_debug04#7,リアルランプキン,写实南瓜灯,lba467434_sz6212_slot1009,text
ev_spring_debug05#0,○人生,○人生,lba467434_sz6212_slot1009,text
ev_spring_debug05#1,ルーナエ,鲁奈,lba467434_sz6212_slot1009,text
ev_spring_debug05#2,マルティス,马蒂斯,lba467434_sz6212_slot1009,text
ev_spring_debug05#3,メルクリィ,梅尔克里,lba467434_sz6212_slot1009,text
ev_spring_debug05#4,ペンプティ,彭普蒂,lba467434_sz6212_slot1009,text
ev_spring_debug05#5,フライデー,弗莱迪,lba467434_sz6212_slot1009,text
ev_spring_debug05#6,セバスチャン,塞巴斯蒂安,lba467434_sz6212_slot1009,text
gameover_all01,将知が。カトリ・デ・オマールに反入しました。,报告：已进入卡特莉·德·奥马尔。,lba467472_sz10216_slot1012,text
gameover_all02,セバスチャンな、なんじゃと。？,塞巴斯蒂安：什、什么的说？,lba467472_sz10216_slot1012,text
gameover_all03#0,セバスチャンカトリイネ現、カトリイヌ現。,塞巴斯蒂安：卡特莉·伊奈大人，卡特莉·伊努大人。,lba467472_sz10216_slot1012,text
gameover_all03#1,おふたりは）出を。,二位请脱出。,lba467472_sz10216_slot1012,text
gameover_all04,セバスチャンカトリイネ現は）出を。,塞巴斯蒂安：卡特莉·伊奈大人请脱出。,lba467472_sz10216_slot1012,text
gameover_all05,将軍造。？,将军：怎么了？,lba467472_sz10216_slot1012,text
gameover_all06#0,将知カトリイネ現、カトリイヌ現。,报告：卡特莉·伊奈大人，卡特莉·伊努大人。,lba467472_sz10216_slot1012,text
gameover_all06#1,おふたりは）出を。,二位请脱出。,lba467472_sz10216_slot1012,text
gameover_all07,将知カトリイネ現。／いで）出を。,报告：卡特莉·伊奈大人。请尽快脱出。,lba467472_sz10216_slot1012,text
gameover_all08#0,カトリイネバカ始わないでちょうだい。,卡特莉·伊奈：别说傻话呀。,lba467472_sz10216_slot1012,text
gameover_all08#1,あたし繰の魔識はどなっちゃうのよ。？,我们的婚礼该怎么办呀？,lba467472_sz10216_slot1012,text
gameover_all09#0,カトリイネあたし繰は、負け将になんかならないわよ。,卡特莉·伊奈：我们才不会变成败将呀。,lba467472_sz10216_slot1012,text
gameover_all09#1,マイ・ハズバンドと魔識できないのなら,要是不能和我的丈夫办婚礼，,lba467472_sz10216_slot1012,text
gameover_all09#2,この気潜を夢に帰してやるわ。,就把这宇宙归于梦里去。,lba467472_sz10216_slot1012,text
gameover_all10#0,カトリイヌハア？,卡特莉·伊努：哈啊？,lba467472_sz10216_slot1012,text
gameover_all10#1,この核におよんで、またワケわかんないコト！,都到这份上了，又在说听不懂的话！,lba467472_sz10216_slot1012,text
gameover_all11#0,セバスチャンカ、カトリイネ現。,塞巴斯蒂安：卡、卡特莉·伊奈大人。,lba467472_sz10216_slot1012,text
gameover_all11#1,いったい、造を。？,究竟，要做什么的说？,lba467472_sz10216_slot1012,text
gameover_all12#0,将軍カ、カトリイネ現。,将军：卡、卡特莉·伊奈大人。,lba467472_sz10216_slot1012,text
gameover_all12#1,いったい、造を。？,究竟，要做什么？,lba467472_sz10216_slot1012,text
gameover_all13#0,カトリイネこのカトリ・デ・オマールの白姿を,卡特莉·伊奈：把这艘卡特莉·德·奥马尔的船体,lba467472_sz10216_slot1012,text
gameover_all13#1,メルト・ダウンさせてやるのよ。,给我熔毁掉。,lba467472_sz10216_slot1012,text
gameover_all14,セバスチャンカトリイネ現。,塞巴斯蒂安：卡特莉·伊奈大人。,lba467472_sz10216_slot1012,text
gameover_all15,将軍カトリイネ現。,将军：卡特莉·伊奈大人。,lba467472_sz10216_slot1012,text
gameover_all16,カトリイネさよなら、マイ・ハズバンド。,卡特莉·伊奈：再见了，我的丈夫。,lba467472_sz10216_slot1012,text
gameover_all17,一小。。,（哔）……,lba467472_sz10216_slot1012,text
gameover_all18,カトリイヌそれ、ワイパーのスイッチなんだけど！,卡特莉·伊努：那个，是雨刷的开关啊！,lba467472_sz10216_slot1012,text
gameover_all19#0,カトリイネいっけない。,卡特莉·伊奈：糟糕。,lba467472_sz10216_slot1012,text
gameover_all19#1,修世での魔識を変えるあまり,太想改变来世的婚礼，,lba467472_sz10216_slot1012,text
gameover_all19#2,思わず心白えちゃったわ。,一不小心按错了呀。,lba467472_sz10216_slot1012,text
gameover_all20#0,セバスチャンカ、カトリイネ現。,塞巴斯蒂安：卡、卡特莉·伊奈大人。,lba467472_sz10216_slot1012,text
gameover_all20#1,生きるのです、生きて,请活下去，活着,lba467472_sz10216_slot1012,text
gameover_all21#0,将軍カトリイネ現。,将军：卡特莉·伊奈大人。,lba467472_sz10216_slot1012,text
gameover_all21#1,早まってはなりません。,不可鲁莽。,lba467472_sz10216_slot1012,text
gameover_all21#2,は）出し、生きて,请脱出，活下去,lba467472_sz10216_slot1012,text
gameover_all22,カトリイネアディオス、現世。,卡特莉·伊奈：再见了，现世。,lba467472_sz10216_slot1012,text
gameover_all23,一小。。,（哔）……,lba467472_sz10216_slot1012,text
gameover_all24a#0,そうして,于是,lba467472_sz10216_slot1012,text
gameover_all24a#1,カトリ・デ・オマールの白姿は,卡特莉·德·奥马尔的船体,lba467472_sz10216_slot1012,text
gameover_all24a#2,メルトダウンを開始した！,开始了熔毁！,lba467472_sz10216_slot1012,text
gameover_all24b#0,白姿を中姿に敗逃な効力と持力が発生し,从船体涌向中枢的强大热与压力发生了，,lba467472_sz10216_slot1012,text
gameover_all24b#1,まるでカトリイネの眠・そのもののように,宛如卡特莉·伊奈的怒火本身，,lba467472_sz10216_slot1012,text
gameover_all24b#2,この星ばかりか、気潜そのものを飲み雄んでいった！,不仅这颗星，连宇宙本身都被吞没进去！,lba467472_sz10216_slot1012,text
gameover_all24c#0,姿形とも思える待心が」ぎ,仿佛永恒的时间流逝，,lba467472_sz10216_slot1012,text
gameover_all24c#1,気潜は夢に帰したかに見えたが,宇宙眼看要归于梦中，,lba467472_sz10216_slot1012,text
gameover_all24c#2,そこには、新たな生！の激【が空生していた！,那里却诞生了新生命的爆发！,lba467472_sz10216_slot1012,text
gameover_all24d#0,新たな気潜の空生である！,正是新宇宙的诞生！,lba467472_sz10216_slot1012,text
gameover_all24d#1,その気潜は、夢数のカトリイネで力弱されていた！,那宇宙，被无数卡特莉·伊奈所支配！,lba467472_sz10216_slot1012,text
gameover_all24e#0,喜潜始友金潜気新打気眠友強,宇宙始友金潜气新打气眠友强,lba467472_sz10216_slot1012,text
gameover_all24e#1,足定夢復費改逃妹,足定梦复费改大妹,lba467472_sz10216_slot1012,text
gameover_all24e#2,ーN少O早少N少使知喜惑ON大ー,——NO ONE 使知喜惑 ON大——,lba467472_sz10216_slot1012,text
gameover_all25,セバスチャンな、なんじゃと。？,塞巴斯蒂安：什、什么的说？,lba467472_sz10216_slot1012,text
gameover_all26#0,セバスチャンカトリイヌ現。,塞巴斯蒂安：卡特莉·伊努大人。,lba467472_sz10216_slot1012,text
gameover_all26#1,そなたは早く）出を。,你请尽快脱出。,lba467472_sz10216_slot1012,text
gameover_all27,カトリイヌえ。？,卡特莉·伊努：诶？,lba467472_sz10216_slot1012,text
gameover_all28,セバスチャン読は、、って待心をかせぎます。,塞巴斯蒂安：我来拖时间的说。,lba467472_sz10216_slot1012,text
gameover_all29#0,将死逃今現。,将军：殿下。,lba467472_sz10216_slot1012,text
gameover_all29#1,号弱の箱が用られました。,英雄之棺已被用上。,lba467472_sz10216_slot1012,text
gameover_all30,セバスチャンええい、読に書け。,塞巴斯蒂安：喂，别管我。,lba467472_sz10216_slot1012,text
gameover_all31,カトリイヌジジイ！,卡特莉·伊努：老头子！,lba467472_sz10216_slot1012,text
gameover_all32#0,セバスチャンカトリイヌ現は、生きて,塞巴斯蒂安：卡特莉·伊努大人，请活下去，,lba467472_sz10216_slot1012,text
gameover_all32#1,われらの）教を。,传达我们的遗志。,lba467472_sz10216_slot1012,text
gameover_all33,カトリイヌジ、ジジイーッ。。,卡特莉·伊努：老、老头子——……,lba467472_sz10216_slot1012,text
gameover_all34#0,セバスチャン！,塞巴斯蒂安：！,lba467472_sz10216_slot1012,text
gameover_all34#1,？装、カトリ・デ・オマールから）出するのじゃ！,全员，从卡特莉·德·奥马尔脱出的说！,lba467472_sz10216_slot1012,text
gameover_all35#0,将知え。？,将军：诶？,lba467472_sz10216_slot1012,text
gameover_all35#1,将軍逃今現は？,将军：殿下呢？,lba467472_sz10216_slot1012,text
gameover_all36,セバスチャン読は、ここに、る！,塞巴斯蒂安：我留在这里！,lba467472_sz10216_slot1012,text
gameover_all37#0,将知そんな。,将军：怎么会。,lba467472_sz10216_slot1012,text
gameover_all37#1,将軍われわれも、ります。,将军：我们也留下。,lba467472_sz10216_slot1012,text
gameover_all38,将死号弱の箱が用られました。,英雄之棺已被用上。,lba467472_sz10216_slot1012,text
gameover_all39,セバスチャン？装複自せよっ。。,塞巴斯蒂安：全员撤退……,lba467472_sz10216_slot1012,text
gameover_all40,将軍逃今現。,将军：殿下。,lba467472_sz10216_slot1012,text
gameover_all41#0,セバスチャン死ぬのは、所いぼれだけで団い。,塞巴斯蒂安：死的只要老头子就够了。,lba467472_sz10216_slot1012,text
gameover_all41#1,おまえたちは、生きて,你们要活下去，,lba467472_sz10216_slot1012,text
gameover_all41#2,われらの）教を。,传达我们的遗志。,lba467472_sz10216_slot1012,text
gameover_all42#0,将知逃今現。,将军：殿下。,lba467472_sz10216_slot1012,text
gameover_all42#1,将軍逃今現ーッ。。,将军：殿下——……,lba467472_sz10216_slot1012,text
gameover_all43,将軍知えっ。？,将军：诶？,lba467472_sz10216_slot1012,text
gameover_all44#0,将軍死じゃ、このカトリ・デ・オマールは,将军：不，这艘卡特莉·德·奥马尔,lba467472_sz10216_slot1012,text
gameover_all44#1,われわれだけに。,只交给我们。,lba467472_sz10216_slot1012,text
gameover_all45,将軍死う、うわあーッ。。,将军：呜、哇啊啊——……,lba467472_sz10216_slot1012,text
gameover_all46,カトリイヌ打てよ！,卡特莉·伊努：打啊！,lba467472_sz10216_slot1012,text
gameover_all47,将軍知打て。,将军：打。,lba467472_sz10216_slot1012,text
gameover_all48,カトリイヌ逃げんのかよ？,卡特莉·伊努：要逃吗？,lba467472_sz10216_slot1012,text
gameover_all49,将軍知逃げるのか？,将军：要逃吗？,lba467472_sz10216_slot1012,text
gameover_all50#0,このカトリ・デ・オマールが落ちれば,这艘卡特莉·德·奥马尔要是坠落，,lba467472_sz10216_slot1012,text
gameover_all50#1,殿たちは、どこへ開る？,殿下一行人，要回到哪里去？,lba467472_sz10216_slot1012,text
gameover_all51,将軍死！,将军：！,lba467472_sz10216_slot1012,text
gameover_all52#0,カトリイヌここが、なくなっちゃたら,卡特莉·伊努：这里要是没了，,lba467472_sz10216_slot1012,text
gameover_all52#1,みんな、どこへ帰んだよ。,大家，要回哪儿去啊。,lba467472_sz10216_slot1012,text
gameover_all53#0,将軍知このカトリ・デ・オマールが落ちれば,将军：这艘卡特莉·德·奥马尔要是坠落，,lba467472_sz10216_slot1012,text
gameover_all53#1,殿たちは、どこへ開る？,殿下一行人，要回到哪里去？,lba467472_sz10216_slot1012,text
gameover_all54,将死号弱の箱が用られました。,英雄之棺已被用上。,lba467472_sz10216_slot1012,text
gameover_all55,将軍死うおおおーッ。。,将军：呜哦哦哦——……,lba467472_sz10216_slot1012,text
gameover_all56#0,将軍知書けーッ。,将军：别管——！,lba467472_sz10216_slot1012,text
gameover_all56#1,われらがカトリ・デ・オマールを死守するのだ。,我们要死守卡特莉·德·奥马尔。,lba467472_sz10216_slot1012,text
gameover_all57,将軍たちおおっ。。,将军：哦……,lba467472_sz10216_slot1012,text
gameover_debug01,デバッグセレクタ,调试选择器,lba467472_sz10216_slot1012,text
gameover_debug02#0,そのまま,保持原样,lba467472_sz10216_slot1012,text
gameover_debug02#1,○人生死撃,○人生死击,lba467472_sz10216_slot1012,text
gameover_debug02#2,アルマムーン星抜落,阿尔玛之月星坠落,lba467472_sz10216_slot1012,text
gameover_debug02#3,マルティス死撃,马蒂斯死击,lba467472_sz10216_slot1012,text
gameover_debug02#4,オマール抜落,奥马尔坠落,lba467472_sz10216_slot1012,text
gameover_debug02#5,核【発,核爆炸,lba467472_sz10216_slot1012,text
gameover_debug02#6,イヌビューワー,伊努查看器,lba467472_sz10216_slot1012,text
gameover_debug03#0,そのまま,保持原样,lba467472_sz10216_slot1012,text
gameover_debug03#1,キャラ「定,角色指定,lba467472_sz10216_slot1012,text
gameover_debug04#0,あたし出撃中,我出击中,lba467472_sz10216_slot1012,text
gameover_debug04#1,あたし打空中,我打空中,lba467472_sz10216_slot1012,text
gameover_debug05#0,イヌ出撃中,伊努出击中,lba467472_sz10216_slot1012,text
gameover_debug05#1,イヌ打空中,伊努打空中,lba467472_sz10216_slot1012,text
gameover_debug06#0,逃今出撃中,殿下出击中,lba467472_sz10216_slot1012,text
gameover_debug06#1,逃今打空中,殿下打空中,lba467472_sz10216_slot1012,text
gameover_debug06#2,姿姿姿姿姿姿姿姿姿姿姿姿姿姿姿姿姿姿姿姿姿姿姿姿姿姿姿姿姿姿姿姿姿姿姿姿姿姿姿姿姿姿姿姿姿姿姿姿姿姿姿姿姿姿姿姿姿姿姿姿姿姿姿姿姿姿姿姿姿姿姿姿姿姿姿姿姿姿姿姿姿姿姿姿姿姿姿姿姿姿姿姿姿姿姿姿姿姿,姿姿姿姿姿姿姿姿姿姿姿姿姿姿姿姿姿姿姿姿姿姿姿姿姿姿姿姿姿姿姿姿姿姿姿姿姿姿姿姿姿姿姿姿姿姿姿姿姿姿姿姿姿姿姿姿姿姿姿姿姿姿姿姿姿姿姿姿姿姿姿姿姿姿姿姿姿姿姿姿姿姿姿姿姿姿姿姿姿姿姿姿姿姿姿姿姿姿,lba467472_sz10216_slot1012,text
gameover_debug06#3,姿姿姿姿姿姿姿姿姿姿姿姿姿姿姿姿姿姿姿姿姿姿姿姿姿姿姿姿姿姿姿姿姿姿姿姿姿姿姿姿姿姿姿姿姿姿姿姿姿姿姿姿姿姿姿姿姿姿姿姿姿姿姿姿姿姿姿姿姿姿姿姿姿姿姿姿姿姿姿姿姿姿姿姿姿姿姿姿姿姿姿姿姿姿姿姿姿姿,姿姿姿姿姿姿姿姿姿姿姿姿姿姿姿姿姿姿姿姿姿姿姿姿姿姿姿姿姿姿姿姿姿姿姿姿姿姿姿姿姿姿姿姿姿姿姿姿姿姿姿姿姿姿姿姿姿姿姿姿姿姿姿姿姿姿姿姿姿姿姿姿姿姿姿姿姿姿姿姿姿姿姿姿姿姿姿姿姿姿姿姿姿姿姿姿姿姿,lba467472_sz10216_slot1012,text
gameover_h01#0,セバスチャン？むう、やはり待解移連欲チャンネルは,塞巴斯蒂安：嗯，果然有料成人频道,lba467472_sz10216_slot1012,text
gameover_h01#1,準用の？復ぞろいで見ごたえあるの。,专用女优齐全，很有看头的说。,lba467472_sz10216_slot1012,text
gameover_h01#2,金は、準用のピンク,现在，是专用的粉红,lba467472_sz10216_slot1012,text
gameover_h02#0,セバスチャン？誰じゃ。イイところで！,塞巴斯蒂安：谁啊。正好的时候！,lba467472_sz10216_slot1012,text
gameover_h02#1,お、おまえが強やってきた,哦、是你乱闯进来,lba467472_sz10216_slot1012,text
gameover_h02#2,という体か！,的意思吗！,lba467472_sz10216_slot1012,text
gameover_h03#0,セバスチャン？セバスチャン？？,塞巴斯蒂安：塞巴斯蒂安？？,lba467472_sz10216_slot1012,text
gameover_h03#1,誰じゃ、そんなイケてない？「のヤツは！,谁啊，叫那么不帅名字的家伙！,lba467472_sz10216_slot1012,text
gameover_h03#2,ワシか？ワシャ合殿じゃ。,是我吗？我是我殿啊。,lba467472_sz10216_slot1012,text
gameover_h04#0,合殿ワシの姿は、見る体が生きていた待,我殿：我的姿，在看的人活着的时候,lba467472_sz10216_slot1012,text
gameover_h04#1,一番土心をかけさせた体の姿に見えるのじゃ！,会看成最让人费心的那个人的姿的说！,lba467472_sz10216_slot1012,text
gameover_h05#0,合殿おまえの討界での、ボケッぷりは「いておるぞ！,我殿：你在现世的糊涂样，我可记着呢！,lba467472_sz10216_slot1012,text
gameover_h05#1,日から、ここでワシの使軍人として,从今天起，就在这里当我的用人,lba467472_sz10216_slot1012,text
gameover_h05#2,生らすのじゃ、姿形の待の客の中でな！,活下去的说，在这永恒时间的客人之中呐！,lba467472_sz10216_slot1012,text
gameover_h06#0,合殿まず土始めに、ワシのお気に入りの,我殿：首先开头，把我中意的,lba467472_sz10216_slot1012,text
gameover_h06#1,アイドル複誰複を土に入れてきてもらおう！,偶像二人组给入手过来！,lba467472_sz10216_slot1012,text
gameover_h07#0,合殿ブレイクする「で、生もビミョーに白う,我殿：出道的名字、性也微妙地不同的,lba467472_sz10216_slot1012,text
gameover_h07#1,○負備O終のファースト複誰複もみじおろし力が,○负备O终的第一组枫叶卸,lba467472_sz10216_slot1012,text
gameover_h07#2,終回して入土置進なんじゃ！,已经进到最终回入手置进了的说！,lba467472_sz10216_slot1012,text
gameover_h08#0,合殿お、そろそろビジネスニュースの待心じゃな！,我殿：哦，差不多是商业新闻的时间了呐！,lba467472_sz10216_slot1012,text
gameover_h08#1,あの2連のガッペイ弱の費生状？は,那两连合并弱的费生状况,lba467472_sz10216_slot1012,text
gameover_h08#2,はてさて、どんなあんばいじゃろうな！,究竟会是怎样一番光景呐！,lba467472_sz10216_slot1012,text
gameover_h09#0,合殿なんじゃ、まだ、おったのか。,我殿：什么，你还在啊。,lba467472_sz10216_slot1012,text
gameover_h09#1,造？読？？,怎么？我？？,lba467472_sz10216_slot1012,text
gameover_h10#0,合殿ほれ、スポーツの周人。じゃ。,我殿：喂，体育时间。了。,lba467472_sz10216_slot1012,text
gameover_h10#1,解読は、みずから喚してかせぐんじゃぞ！,解说可要自己召唤来赚的说！,lba467472_sz10216_slot1012,text
gameover_h11#0,合殿ネットオークションでの入土は完赤じゃからな。,我殿：网上拍卖的入手是禁止的呐。,lba467472_sz10216_slot1012,text
gameover_h11#1,この待上界では、外められておらんのじゃ！,在这天上界，可没被承认的说！,lba467472_sz10216_slot1012,text
gameover_h12#0,合殿収使のもみじおろし力（所開優）をゲットするまで,我殿：直到拿到传说的枫叶卸（所开优）,lba467472_sz10216_slot1012,text
gameover_h12#1,帰ってくるでないぞ。,不许回来哦。,lba467472_sz10216_slot1012,text
gameover_nuc01,カトリイネ！,卡特莉·伊奈：！,lba467472_sz10216_slot1012,text
gameover_nuc02,喜潜死友体潜気新打気眠友強,宇宙死友体潜气新打气眠友强,lba467472_sz10216_slot1012,text
gameover_nuc02a,定夢復費改逃,定梦复费改逃,lba467472_sz10216_slot1012,text
gameover_nuc02b,ー投撤飛感親逃怖ー,——投撤飞感亲逃怖——,lba467472_sz10216_slot1012,text
gameover_pro01#0,将軍逃今現。,将军：殿下。,lba467472_sz10216_slot1012,text
gameover_pro01#1,隊が、わが星に。,敌军，到了我国的星。,lba467472_sz10216_slot1012,text
gameover_pro01_a#0,将軍た、たいへんです。,将军：了、了不得了。,lba467472_sz10216_slot1012,text
gameover_pro01_a#1,隊が、わが星に。,敌军，到了我国的星。,lba467472_sz10216_slot1012,text
gameover_pro02,セバスチャンな、なんじゃと。？,塞巴斯蒂安：什、什么的说？,lba467472_sz10216_slot1012,text
gameover_pro03,カトリイネま、まさか、マイ・ハズバンドが。？,卡特莉·伊奈：难、难道，我的丈夫他……？,lba467472_sz10216_slot1012,text
gameover_pro04#0,セバスチャンカトリイネ現。,塞巴斯蒂安：卡特莉·伊奈大人。,lba467472_sz10216_slot1012,text
gameover_pro04#1,お気をしっかり。,请定定神。,lba467472_sz10216_slot1012,text
gameover_pro05,カトリイネフ！,卡特莉·伊奈：呵！,lba467472_sz10216_slot1012,text
gameover_pro06,セバスチャンカ、カトリイネ現。？,塞巴斯蒂安：卡、卡特莉·伊奈大人？,lba467472_sz10216_slot1012,text
gameover_pro07,カトリイネフフ！,卡特莉·伊奈：呵呵！,lba467472_sz10216_slot1012,text
gameover_pro08,カトリイヌイネ？,卡特莉·伊努：伊奈？,lba467472_sz10216_slot1012,text
gameover_pro09,セバスチャンカトリイネ現？,塞巴斯蒂安：卡特莉·伊奈大人？,lba467472_sz10216_slot1012,text
gameover_pro10,カトリイネ上気よ。,卡特莉·伊奈：有精神呀。,lba467472_sz10216_slot1012,text
gameover_pro11,カトリイヌはあ？,卡特莉·伊努：哈啊？,lba467472_sz10216_slot1012,text
gameover_pro12,セバスチャンえ？,塞巴斯蒂安：诶？,lba467472_sz10216_slot1012,text
gameover_pro13#0,カトリイネマイ・ハズバンドのいない世界なんて,卡特莉·伊奈：没有我丈夫的世界,lba467472_sz10216_slot1012,text
gameover_pro13#1,地占も小近！,根本没有价值！,lba467472_sz10216_slot1012,text
gameover_pro14#0,カトリイネ小じ地占なら,卡特莉·伊奈：既然一样没价值，,lba467472_sz10216_slot1012,text
gameover_pro14#1,本当の地占に消えてやるわよ。,那就消失到真正的地球去呀。,lba467472_sz10216_slot1012,text
gameover_pro14#2,このあたし繰の土で。。,用我们的手……,lba467472_sz10216_slot1012,text
gameover_pro15,セバスチャンカ、カトリイネ現。,塞巴斯蒂安：卡、卡特莉·伊奈大人。,lba467472_sz10216_slot1012,text
gameover_pro16,カトリイヌちょ、ちょっとマジ。？,卡特莉·伊努：等、等一下，认真的？,lba467472_sz10216_slot1012,text
gameover_pro17#0,そうして,于是,lba467472_sz10216_slot1012,text
gameover_pro17#1,カトリイネの間の力が発動した！,卡特莉·伊奈的神之力发动了！,lba467472_sz10216_slot1012,text
gameover_pro18#0,19用と半用にわたる戦怪が書き,长达十九年半的战争结束，,lba467472_sz10216_slot1012,text
gameover_pro18#1,世界は！夢になった！,世界变成了虚无！,lba467472_sz10216_slot1012,text
gameover_pro19,セバスチャンよ、よもや殿は。,塞巴斯蒂安：难、难道殿下他。,lba467472_sz10216_slot1012,text
gameover_pro20#0,セバスチャン！,塞巴斯蒂安：！,lba467472_sz10216_slot1012,text
gameover_pro20#1,？装、星から）出するのじゃ！,全员，从星球脱出的说！,lba467472_sz10216_slot1012,text
gameover_pro21#0,将え。？,将军：诶？,lba467472_sz10216_slot1012,text
gameover_pro21#1,将軍逃今現は？,将军：殿下呢？,lba467472_sz10216_slot1012,text
gameover_pro22,セバスチャン読は、ここに、る！,塞巴斯蒂安：我留在这里！,lba467472_sz10216_slot1012,text
gameover_pro23,カトリイヌえ？,卡特莉·伊努：诶？,lba467472_sz10216_slot1012,text
gameover_pro24#0,将そんな。,将军：怎么会。,lba467472_sz10216_slot1012,text
gameover_pro24#1,将軍われわれも、ります。,将军：我们也留下。,lba467472_sz10216_slot1012,text
gameover_pro25#0,セバスチャン死ぬのは、所いぼれだけで団い。,塞巴斯蒂安：死的只要老头子就够了。,lba467472_sz10216_slot1012,text
gameover_pro25#1,おまえたちは、生きて,你们要活下去，,lba467472_sz10216_slot1012,text
gameover_pro25#2,われらの）教を。,传达我们的遗志。,lba467472_sz10216_slot1012,text
gameover_pro26,カトリイヌジジイ。,卡特莉·伊努：老头子。,lba467472_sz10216_slot1012,text
gameover_pro27#0,将軍逃今現に書けーッ。,将军：别管殿下——！,lba467472_sz10216_slot1012,text
gameover_pro27#1,われらがアルマムーンを死守するのだ。,我们要死守阿尔玛之月。,lba467472_sz10216_slot1012,text
gameover_pro28,将おおっ。。,将军：哦……,lba467472_sz10216_slot1012,text
gameover_pro29,カトリイヌバカだよ、みんな。,卡特莉·伊努：都是笨蛋啊，大家。,lba467472_sz10216_slot1012,text
gameover_pro30#0,将軍知た、たいへんだ。,将军：了、了不得了。,lba467472_sz10216_slot1012,text
gameover_pro30#1,隊がわが星に。,敌军到了我国的星。,lba467472_sz10216_slot1012,text
gameover_pro31,将軍たちな、なんだってー。？,将军：什、什么——？,lba467472_sz10216_slot1012,text
gameover_pro32#0,将軍死ま、まさか,将军：难、难道,lba467472_sz10216_slot1012,text
gameover_pro32#1,殿は。,殿下他。,lba467472_sz10216_slot1012,text
gameover_pro33,将軍死う、うわあーッ。。,将军：呜、哇啊啊——……,lba467472_sz10216_slot1012,text
gameover_pro34,カトリイヌ打てよ！,卡特莉·伊努：打啊！,lba467472_sz10216_slot1012,text
gameover_pro35,将軍体打て。,将军：打。,lba467472_sz10216_slot1012,text
gameover_pro36,カトリイヌ逃げんのかよ？,卡特莉·伊努：要逃吗？,lba467472_sz10216_slot1012,text
gameover_pro37,将軍体逃げるのか？,将军：要逃吗？,lba467472_sz10216_slot1012,text
gameover_pro38,将軍死！,将军：！,lba467472_sz10216_slot1012,text
gameover_pro39#0,カトリイヌここが、なくなっちゃたら,卡特莉·伊努：这里要是没了，,lba467472_sz10216_slot1012,text
gameover_pro39#1,みんな、どこへ帰んだよ。,大家，要回哪儿去啊。,lba467472_sz10216_slot1012,text
gameover_pro40#0,将軍体このアルマムーン星が落ちれば,将军：这颗阿尔玛之月星要是坠落，,lba467472_sz10216_slot1012,text
gameover_pro40#1,殿たちは、どこへ開る？,殿下一行人，要回到哪里去？,lba467472_sz10216_slot1012,text
gameover_pro41,将死号弱の箱が用られました。,英雄之棺已被用上。,lba467472_sz10216_slot1012,text
gameover_pro42,将軍死うおおおーッ。。,将军：呜哦哦哦——……,lba467472_sz10216_slot1012,text
gameover_pro43#0,将軍知書けーッ。,将军：别管——！,lba467472_sz10216_slot1012,text
gameover_pro43#1,われらがアルマムーン星を死守するのだ。,我们要死守阿尔玛之月星。,lba467472_sz10216_slot1012,text
gameover_pro44,将軍たちおおっ。。,将军：哦……,lba467472_sz10216_slot1012,text
ev_comp_debug1#0,そのまま,保持原样,lba467477_sz3984_slot1013,text
ev_comp_debug1#1,エグモンコンプ,蛋怪收集全,lba467477_sz3984_slot1013,text
ev_comp_debug1#2,部隊コンプ,部队收集全,lba467477_sz3984_slot1013,text
ev_comp_debug2#0,カトリイネ,卡特莉·伊奈,lba467477_sz3984_slot1013,text
ev_comp_debug2#1,カトリイヌ,卡特莉·伊努,lba467477_sz3984_slot1013,text
ev_comp_egg1#0,あけまつエッグモンスター逃待造,明松：蛋怪图鉴,lba467477_sz3984_slot1013,text
ev_comp_egg1#1,コンプリート。,收集完成。,lba467477_sz3984_slot1013,text
ev_comp_egg10#0,カトリイネマイ・ハズバンドには,卡特莉·伊奈：对我丈夫,lba467477_sz3984_slot1013,text
ev_comp_egg10#1,ヒミツにしとくから繰,会保密的呀,lba467477_sz3984_slot1013,text
ev_comp_egg10#2,さ、占を」じて！,来，闭上眼睛！,lba467477_sz3984_slot1013,text
ev_comp_egg11,カトリイネんっチュバッ繰繰,卡特莉·伊奈：嗯啾呀呀,lba467477_sz3984_slot1013,text
ev_comp_egg12,おめでとり。,恭喜鸟：恭喜。,lba467477_sz3984_slot1013,text
ev_comp_egg13#0,あけまつな、造はともあれ,明松：嗯，总之,lba467477_sz3984_slot1013,text
ev_comp_egg13#1,エッグモンスター逃待造コンプリート。,蛋怪图鉴收集完成。,lba467477_sz3984_slot1013,text
ev_comp_egg14,カトリイネおめでとりん繰繰,卡特莉·伊奈：恭喜恭喜呀呀,lba467477_sz3984_slot1013,text
ev_comp_egg15,おめでとり。。,恭喜鸟：恭喜。。,lba467477_sz3984_slot1013,text
ev_comp_egg16#0,あけまつエッグモンスター逃待造,明松：蛋怪图鉴,lba467477_sz3984_slot1013,text
ev_comp_egg16#1,コンプリート。,收集完成。,lba467477_sz3984_slot1013,text
ev_comp_egg17#0,おめでとりふう、ふう、ふう,恭喜鸟：呼、呼、呼,lba467477_sz3984_slot1013,text
ev_comp_egg17#1,ふうう！,呼——！,lba467477_sz3984_slot1013,text
ev_comp_egg18,おめでとりおめでとり。,恭喜鸟：恭喜恭喜。,lba467477_sz3984_slot1013,text
ev_comp_egg19#0,カトリイヌ200もあるエッグモンスター,卡特莉·伊努：两百多只蛋怪,lba467477_sz3984_slot1013,text
ev_comp_egg19#1,コンプするなんて、よっぽどヒマなんじゃん？,居然全收集，闲得够可以吧？,lba467477_sz3984_slot1013,text
ev_comp_egg2#0,おめでとりふう、ふう、ふう,恭喜鸟：呼、呼、呼,lba467477_sz3984_slot1013,text
ev_comp_egg2#1,ふうう！,呼——！,lba467477_sz3984_slot1013,text
ev_comp_egg20#0,カトリイヌスクウェア・エニックス与戦気自大の,卡特莉·伊努：史克威尔艾尼克斯调试部的,lba467477_sz3984_slot1013,text
ev_comp_egg20#1,テストプレイヤーも頼き入ってったっつーのに！,测试员都哭着求饶了啊！,lba467477_sz3984_slot1013,text
ev_comp_egg20#2,他にすることないワケ？,没别的事干吗？,lba467477_sz3984_slot1013,text
ev_comp_egg21#0,うむっ。,嗯。,lba467477_sz3984_slot1013,text
ev_comp_egg21#1,あるわいっ。,有啊。,lba467477_sz3984_slot1013,text
ev_comp_egg22#0,カトリイヌま、ここまでやってくれたのは,卡特莉·伊努：不过能做到这份上,lba467477_sz3984_slot1013,text
ev_comp_egg22#1,ありがたいっつーかさ！,还是得说声谢谢！,lba467477_sz3984_slot1013,text
ev_comp_egg23,カトリイヌ造ムキんなってんだよ！,卡特莉·伊努：别那么较真啊！,lba467477_sz3984_slot1013,text
ev_comp_egg24#0,あけまついやいや、本当にお疲れ殿でした。,明松：不不不，真是辛苦了。,lba467477_sz3984_slot1013,text
ev_comp_egg24#1,ありがとうございます。,非常感谢。,lba467477_sz3984_slot1013,text
ev_comp_egg24#2,エッグモンスター逃待造コンプリート。,蛋怪图鉴收集完成。,lba467477_sz3984_slot1013,text
ev_comp_egg25,おめでとりおめでとり。,恭喜鸟：恭喜恭喜。,lba467477_sz3984_slot1013,text
ev_comp_egg3,カトリイネおめでとり。,卡特莉·伊奈：恭喜呀。,lba467477_sz3984_slot1013,text
ev_comp_egg4,おめでとり。,恭喜鸟：恭喜。,lba467477_sz3984_slot1013,text
ev_comp_egg5#0,カトリイネ「復より・に複えた,卡特莉·伊奈：比起前作翻了一倍的,lba467477_sz3984_slot1013,text
ev_comp_egg5#1,200体のエッグモンスターをコンプしちゃうなんて,200只蛋怪居然全收集了,lba467477_sz3984_slot1013,text
ev_comp_egg5#2,やるじゃない繰,挺能干的呀,lba467477_sz3984_slot1013,text
ev_comp_egg6#0,カトリイネここまで、やるのはスクウェア・エニックス,卡特莉·伊奈：能做到这份上的，史克威尔艾尼克斯,lba467477_sz3984_slot1013,text
ev_comp_egg6#1,与戦気自大でもベテランのテストプレイヤーくらいよ！,调试部里也只有老练测试员那种程度哟！,lba467477_sz3984_slot1013,text
ev_comp_egg7,カトリイネえ？コンプしたんだから、造かくれって？,卡特莉·伊奈：诶？既然收集完了，要给点什么？,lba467477_sz3984_slot1013,text
ev_comp_egg8#0,うむっ。,嗯。,lba467477_sz3984_slot1013,text
ev_comp_egg8#1,いらんっ。,不要。,lba467477_sz3984_slot1013,text
ev_comp_egg9#0,カトリイネじゃ、マイ・ハズバンドには,卡特莉·伊奈：那就，对我丈夫,lba467477_sz3984_slot1013,text
ev_comp_egg9#1,休…よ繰,保密哦呀,lba467477_sz3984_slot1013,text
ev_comp_egg9#2,占を」じて！,闭上眼睛！,lba467477_sz3984_slot1013,text
ev_comp_gen1,あけまつ部隊人？占所コンプリート。,明松：部队名鉴收集完成。,lba467477_sz3984_slot1013,text
ev_comp_gen10,カトリイネ敗がる造ってカワイイわん繰,卡特莉·伊奈：脸红什么的好可爱呀,lba467477_sz3984_slot1013,text
ev_comp_gen11#0,うるせー。,吵死了。,lba467477_sz3984_slot1013,text
ev_comp_gen11#1,あたしはだ。,我才没有。,lba467477_sz3984_slot1013,text
ev_comp_gen12#0,カトリイネ教回を決めて一におなりなさい。,卡特莉·伊奈：下定决心，变漂亮吧。,lba467477_sz3984_slot1013,text
ev_comp_gen12#1,ホラ。,来。,lba467477_sz3984_slot1013,text
ev_comp_gen13#0,カトリイネこのさい、どっちだって力わないわん繰,卡特莉·伊奈：这会儿怎样都无所谓呀,lba467477_sz3984_slot1013,text
ev_comp_gen13#1,さっ繰,快呀,lba467477_sz3984_slot1013,text
ev_comp_gen14,あけまつに、逃げるんです。のうちに。。,明松：快，逃吧。趁现在。。,lba467477_sz3984_slot1013,text
ev_comp_gen15#0,カトリイネ造すんのよっ。,卡特莉·伊奈：干什么呀。,lba467477_sz3984_slot1013,text
ev_comp_gen15#1,あたし繰号逃の見せ入なのに。。,我可是最强亮相啊。。,lba467477_sz3984_slot1013,text
ev_comp_gen16,あけまつしょ、部隊人？占所コンプリート。,明松：呃，部队名鉴收集完成。,lba467477_sz3984_slot1013,text
ev_comp_gen17#0,カトリイネおめでとりん繰じゃないわよ。,卡特莉·伊奈：才不是恭喜呀。,lba467477_sz3984_slot1013,text
ev_comp_gen17#1,ちょっと、打ちなさいよ、あんたら。,喂，你们给我闭嘴。,lba467477_sz3984_slot1013,text
ev_comp_gen18,あけまつヒイッ。,明松：噫。,lba467477_sz3984_slot1013,text
ev_comp_gen19,おめでとり！とり。。,恭喜鸟：恭喜！鸟。。,lba467477_sz3984_slot1013,text
ev_comp_gen2#0,おめでとりふう、ふう、ふう,恭喜鸟：呼、呼、呼,lba467477_sz3984_slot1013,text
ev_comp_gen2#1,ふうう！,呼——！,lba467477_sz3984_slot1013,text
ev_comp_gen20,あけまつ部隊人？占所コンプリート。,明松：部队名鉴收集完成。,lba467477_sz3984_slot1013,text
ev_comp_gen21#0,おめでとりふう、ふう、ふう,恭喜鸟：呼、呼、呼,lba467477_sz3984_slot1013,text
ev_comp_gen21#1,ふうう！,呼——！,lba467477_sz3984_slot1013,text
ev_comp_gen22,おめでとりおめでとり。,恭喜鸟：恭喜恭喜。,lba467477_sz3984_slot1013,text
ev_comp_gen23,カトリイヌ500人・い部隊、全コンプ。？,卡特莉·伊努：将近500人的部队，全收集。？,lba467477_sz3984_slot1013,text
ev_comp_gen24,カトリイヌ負けたよ、さすがに、ここまでやられちゃな！,卡特莉·伊努：我认输了，做到这份上是真的！,lba467477_sz3984_slot1013,text
ev_comp_gen25,カトリイヌで、なんか眠しいワケ？,卡特莉·伊努：所以，想要点什么？,lba467477_sz3984_slot1013,text
ev_comp_gen26#0,うむっ。,嗯。,lba467477_sz3984_slot1013,text
ev_comp_gen26#1,情にいいよ,无所谓啦,lba467477_sz3984_slot1013,text
ev_comp_gen27,カトリイヌしょーがねーな！,卡特莉·伊努：真拿你没办法！,lba467477_sz3984_slot1013,text
ev_comp_gen28,カトリイヌ）地はんなって。,卡特莉·伊努：别大意啊。,lba467477_sz3984_slot1013,text
ev_comp_gen29,カトリイヌホラ。,卡特莉·伊努：来。,lba467477_sz3984_slot1013,text
ev_comp_gen3,カトリイネおめでとりん繰繰,卡特莉·伊奈：恭喜恭喜呀呀,lba467477_sz3984_slot1013,text
ev_comp_gen30#0,カトリイヌなんてな。,卡特莉·伊努：开玩笑的。,lba467477_sz3984_slot1013,text
ev_comp_gen30#1,ドキドキしただけでも、いいプレゼントじゃん？,光心跳一下，也算好礼物了吧？,lba467477_sz3984_slot1013,text
ev_comp_gen31#0,あけまつあ、たしかにドキドキ,明松：啊，心跳是真的,lba467477_sz3984_slot1013,text
ev_comp_gen31#1,いやいや、本当にお疲れ殿でした。,不不不，真是辛苦了。,lba467477_sz3984_slot1013,text
ev_comp_gen31#2,部隊人？占所コンプリート。,部队名鉴收集完成。,lba467477_sz3984_slot1013,text
ev_comp_gen32,おめでとりおめでとり。,恭喜鸟：恭喜恭喜。,lba467477_sz3984_slot1013,text
ev_comp_gen4,おめでとり。,恭喜鸟：恭喜。,lba467477_sz3984_slot1013,text
ev_comp_gen5#0,カトリイネ「復より、さらに・複した,卡特莉·伊奈：比起前作又翻了一倍的,lba467477_sz3984_slot1013,text
ev_comp_gen5#1,500人・い部隊をコンプしちゃうなんて,将近500人的部队居然全收集了,lba467477_sz3984_slot1013,text
ev_comp_gen5#2,すんごいじゃない繰,超厉害的呀,lba467477_sz3984_slot1013,text
ev_comp_gen6#0,カトリイネスクウェア・エニックス与戦気自大も,卡特莉·伊奈：史克威尔艾尼克斯调试部也,lba467477_sz3984_slot1013,text
ev_comp_gen6#1,終他ムリだ。デバッグモード入れてくれ。力って,绝对不行。把调试模式开给我。这么,lba467477_sz3984_slot1013,text
ev_comp_gen6#2,ギーしてたのに。んふ繰,哭着求来着。嗯呼呀,lba467477_sz3984_slot1013,text
ev_comp_gen7#0,カトリイネコンプしたんだから、眠しいでしょ？,卡特莉·伊奈：收集完了，想要奖励吧？,lba467477_sz3984_slot1013,text
ev_comp_gen7#1,ゴ・ホ・ウ・ビ繰,奖·励·呀,lba467477_sz3984_slot1013,text
ev_comp_gen8#0,うむっ。,嗯。,lba467477_sz3984_slot1013,text
ev_comp_gen8#1,いらんっ。,不要。,lba467477_sz3984_slot1013,text
ev_comp_gen9#0,カトリイネうん、マイ・ハズバンドには,卡特莉·伊奈：嗯，对我丈夫,lba467477_sz3984_slot1013,text
ev_comp_gen9#1,ヒミツにしとくから！,会保密的！,lba467477_sz3984_slot1013,text
ev_comp_gen9#2,さ。,来。,lba467477_sz3984_slot1013,text
ev_comp_movie#0,使わないほうで,用不用的那边,lba467477_sz3984_slot1013,text
ev_comp_movie#1,星喜道軍のケアル,星喜道军的凯阿尔,lba467477_sz3984_slot1013,text
ev_comp_movie#2,はやくして,快点,lba467477_sz3984_slot1013,text
ev_col_extra01,造反アナようこそ、半熟コロシアムエクストリームへ。,男主播：欢迎来到半熟竞技场极限。,lba467479_sz12176_slot1014,text
ev_col_extra02#0,反アナ可7610をしたあなたのために、,女主播：为通关欧米茄的你，,lba467479_sz12176_slot1014,text
ev_col_extra02#1,スペシャルなバトルをご軍）しました！,准备了特别对战！,lba467479_sz12176_slot1014,text
ev_col_extra03#0,造反アナなんと、消星の半熟コロシアムに潜入した,男主播：居然，潜入诸星半熟竞技场的,lba467479_sz12176_slot1014,text
ev_col_extra03#1,エッグモンスターたちが逃魔集。,蛋怪们超集合。,lba467479_sz12176_slot1014,text
ev_col_extra03#2,金激とあなたに挑んできます。。,同时向你挑衅。。,lba467479_sz12176_slot1014,text
ev_col_extra04#0,反アナこの半熟コロシアムエクストリームでは,女主播：在这半熟竞技场极限,lba467479_sz12176_slot1014,text
ev_col_extra04#1,可7610と戦っていただきます！,将与欧米茄战斗！,lba467479_sz12176_slot1014,text
ev_col_extra05,造反アナいきなりですか！,男主播：上来就是这个吗！,lba467479_sz12176_slot1014,text
ev_col_extra06#0,反アナこの半熟コロシアムエクストリームでは,女主播：在这半熟竞技场极限,lba467479_sz12176_slot1014,text
ev_col_extra06#1,3連戦を明ち抜いていただきます！,请连胜闯过3连战！,lba467479_sz12176_slot1014,text
ev_col_extra07#0,反アナこの半熟コロシアムエクストリームでは,女主播：在这半熟竞技场极限,lba467479_sz12176_slot1014,text
ev_col_extra07#1,動魔時活。先終の7連戦を,请打完禁止中途回复的最终,lba467479_sz12176_slot1014,text
ev_col_extra07#2,戦い抜いていただきます！,7连战！,lba467479_sz12176_slot1014,text
ev_col_extra08#0,造反アナまさにスペシャル。,男主播：正可谓特别。,lba467479_sz12176_slot1014,text
ev_col_extra08#1,まさにエ・ク・ス・ト・リームッ。。,正可谓极·限。。,lba467479_sz12176_slot1014,text
ev_col_extra09,反アナさあ、チャレンジするかどうか。？,女主播：来，要不要挑战。？,lba467479_sz12176_slot1014,text
ev_col_extra10,反アナさあ、チャレンジするかどうか。？,女主播：来，要不要挑战。？,lba467479_sz12176_slot1014,text
ev_col_extra11,造反アナシンキングタイム。,男主播：思考时间。,lba467479_sz12176_slot1014,text
ev_col_extra12,2人スタート。,二人开始。,lba467479_sz12176_slot1014,text
ev_col_extra13#0,うむっ。,嗯。,lba467479_sz12176_slot1014,text
ev_col_extra13#1,いかんっ。,不行。,lba467479_sz12176_slot1014,text
ev_col_extra14,造反アナおーッと。チャレンジを決逃したー。,男主播：哦——。挑战决定——。,lba467479_sz12176_slot1014,text
ev_col_extra15#0,反アナどのエッグモンスターで,女主播：用哪只蛋怪,lba467479_sz12176_slot1014,text
ev_col_extra15#1,挑戦しますか？,挑战？,lba467479_sz12176_slot1014,text
ev_col_extra16#0,造反アナさあ、の,男主播：来，,lba467479_sz12176_slot1014,text
ev_col_extra16#1,チャレンジが決定しました。,的挑战已决定。,lba467479_sz12176_slot1014,text
ev_col_extra17#0,反アナでは、いってみましょう。,女主播：那么，出发吧。,lba467479_sz12176_slot1014,text
ev_col_extra17#1,半熟コロシアムエクストリーム。レディ。,半熟竞技场极限。Ready。,lba467479_sz12176_slot1014,text
ev_col_extra18,2人ファイト。,二人战斗。,lba467479_sz12176_slot1014,text
ev_col_extra19#0,造反アナおーッと。,男主播：哦——。,lba467479_sz12176_slot1014,text
ev_col_extra19#1,、チャレンジを逃【。,，拒绝了挑战。,lba467479_sz12176_slot1014,text
ev_col_extra20#0,反アナ半熟コロシアムエクストリームでは,女主播：半熟竞技场极限,lba467479_sz12176_slot1014,text
ev_col_extra20#1,ファイティング・スピリットあふれる,正在募集满怀斗志的,lba467479_sz12176_slot1014,text
ev_col_extra20#2,チャレンジャーを合集しています！,挑战者！,lba467479_sz12176_slot1014,text
ev_col_extra21#0,反アナチャレンジをご力・の食は、,女主播：想挑战的各位，,lba467479_sz12176_slot1014,text
ev_col_extra21#1,消星の半熟コロシアムエクストリームへ,随时欢迎光临诸星的,lba467479_sz12176_slot1014,text
ev_col_extra21#2,いつでもお超しください！,半熟竞技场极限！,lba467479_sz12176_slot1014,text
ev_col_extra22#0,造反アナおーッと。,男主播：哦——。,lba467479_sz12176_slot1014,text
ev_col_extra22#1,さん、見占明了ーッ。。,先生，精彩胜利——。。,lba467479_sz12176_slot1014,text
ev_col_extra23#0,反アナ半熟コロシアムエクストリームでは、,女主播：半熟竞技场极限，,lba467479_sz12176_slot1014,text
ev_col_extra23#1,造強でもチャレンジが可威となっています！,无论多少次都可以挑战！,lba467479_sz12176_slot1014,text
ev_col_extra24#0,造反アナまだまだ戦い足りないあなた。,男主播：还没打够的你。,lba467479_sz12176_slot1014,text
ev_col_extra24#1,消星の半熟コロシアムエクストリームにて。,请到诸星的半熟竞技场极限。,lba467479_sz12176_slot1014,text
ev_col_extra25#0,反アナ半熟コロシアムエクストリームでは、いつでも,女主播：半熟竞技场极限，随时,lba467479_sz12176_slot1014,text
ev_col_extra25#1,チャレンジャーを合集しております！,募集挑战者！,lba467479_sz12176_slot1014,text
ev_col_extra26#0,造反アナ惑中をつけたら一強。,男主播：盯上目标就再挑战。,lba467479_sz12176_slot1014,text
ev_col_extra26#1,ここ半熟コロシアムエクストリームにて。,就在这半熟竞技场极限。,lba467479_sz12176_slot1014,text
ev_col_extra27,反アナレディ。,女主播：Ready。,lba467479_sz12176_slot1014,text
ev_col_extra28,2人ファイト。,二人战斗。,lba467479_sz12176_slot1014,text
ev_col_extra29#0,造反アナ日もお疲れ。,男主播：今天也辛苦。,lba467479_sz12176_slot1014,text
ev_col_extra29#1,ねえ、このあと解戦でも感いにいかない？,呐，这之后去吃烧肉怎么样？,lba467479_sz12176_slot1014,text
ev_col_extra30#0,造反アナお疲れ。,男主播：辛苦。,lba467479_sz12176_slot1014,text
ev_col_extra30#1,ねえ、このあとイタリアンでワインでもどう？,呐，这之后去意大利餐配红酒怎么样？,lba467479_sz12176_slot1014,text
ev_col_extra31#0,造反アナお疲れ。,男主播：辛苦。,lba467479_sz12176_slot1014,text
ev_col_extra31#1,ねえ、このあとひなびた、き持事で一使どう？,呐，这之后去乡下居酒屋喝一杯怎么样？,lba467479_sz12176_slot1014,text
ev_col_extra32#0,造反アナお疲れ。,男主播：辛苦。,lba467479_sz12176_slot1014,text
ev_col_extra32#1,ねえ、このあと、白でも感いにいかない？,呐，这之后去吃寿司怎么样？,lba467479_sz12176_slot1014,text
ev_col_extra33#0,造反アナお疲れ。,男主播：辛苦。,lba467479_sz12176_slot1014,text
ev_col_extra33#1,ねえ、このあとオシャレなバーで一使どう？,呐，这之后去时髦酒吧喝一杯怎么样？,lba467479_sz12176_slot1014,text
ev_col_extra34#0,反アナすみませんが、これから来入の,女主播：抱歉，接下来有和恋人的,lba467479_sz12176_slot1014,text
ev_col_extra34#1,討見がありますので！,约会！,lba467479_sz12176_slot1014,text
ev_col_extra35#0,反アナすみませんが、これから魔識来の,女主播：抱歉，接下来有婚礼的,lba467479_sz12176_slot1014,text
ev_col_extra35#1,打ち定わせがありますので！,商谈！,lba467479_sz12176_slot1014,text
ev_col_extra36#0,反アナすみませんが、これから新魔の,女主播：抱歉，接下来有亲戚的,lba467479_sz12176_slot1014,text
ev_col_extra36#1,討見がありますので！,约会！,lba467479_sz12176_slot1014,text
ev_col_extra37#0,反アナすみませんが、友以の飲感は,女主播：抱歉，职场聚餐,lba467479_sz12176_slot1014,text
ev_col_extra37#1,しない○ですので！,我是不参加主义！,lba467479_sz12176_slot1014,text
ev_col_extra38,反アナすみませんが、軍占がありますので！,女主播：抱歉，我有事！,lba467479_sz12176_slot1014,text
ev_col_extra39,反アナいいかげんあきらめたらどうですか？,女主播：差不多该放弃了吧？,lba467479_sz12176_slot1014,text
ev_col_extra40#0,反アナすみませんが、プライベートタイムに,女主播：抱歉，私人时间里,lba467479_sz12176_slot1014,text
ev_col_extra40#1,役占の負敵は持ち雄まない○ですので！,不带入工作感情是原则！,lba467479_sz12176_slot1014,text
ev_col_extra41,造反アナ！,男主播：！,lba467479_sz12176_slot1014,text
ev_colosseum01,造反アナようこそ、半熟コロシアムへ。,男主播：欢迎来到半熟竞技场。,lba467479_sz12176_slot1014,text
ev_colosseum02#0,反アナこの半熟コロシアムでは,女主播：在这半熟竞技场,lba467479_sz12176_slot1014,text
ev_colosseum02#1,臭情を終する敗さとバカバカしさをほこる,以可笑的弱小和荒唐为傲的,lba467479_sz12176_slot1014,text
ev_colosseum02#2,エッグモンスターがあなたを打ち力えています。,蛋怪正等着你。,lba467479_sz12176_slot1014,text
ev_colosseum03#0,造反アナチャレンジして見占明てば,男主播：挑战并精彩通关的话,lba467479_sz12176_slot1014,text
ev_colosseum03#1,コロシアム改逃の威をプレゼント。,赠送竞技场通关凭证。,lba467479_sz12176_slot1014,text
ev_colosseum04,反アナ負けてもリスクは一力ありません！,女主播：输了也毫无风险！,lba467479_sz12176_slot1014,text
ev_colosseum05#0,造反アナこのコロシアムでは,男主播：在这竞技场,lba467479_sz12176_slot1014,text
ev_colosseum05#1,1。のバトルに明てばO守です。,赢下1场对战就OK。,lba467479_sz12176_slot1014,text
ev_colosseum06#0,造反アナこのコロシアムでは,男主播：在这竞技场,lba467479_sz12176_slot1014,text
ev_colosseum06#1,2連戦を明ち抜けばO守です。,连胜闯过2连战就OK。,lba467479_sz12176_slot1014,text
ev_colosseum07#0,造反アナこのコロシアムでは,男主播：在这竞技场,lba467479_sz12176_slot1014,text
ev_colosseum07#1,2連戦を明ち抜けばO守です。,连胜闯过2连战就OK。,lba467479_sz12176_slot1014,text
ev_colosseum08#0,造反アナこのコロシアムでは,男主播：在这竞技场,lba467479_sz12176_slot1014,text
ev_colosseum08#1,なんと4連戦が打ち。けています。,居然摆着4连战。,lba467479_sz12176_slot1014,text
ev_colosseum09#0,造反アナこのコロシアムでは,男主播：在这竞技场,lba467479_sz12176_slot1014,text
ev_colosseum09#1,なんと4連戦が打ち。けています。,居然摆着4连战。,lba467479_sz12176_slot1014,text
ev_colosseum10#0,造反アナこのコロシアムでは,男主播：在这竞技场,lba467479_sz12176_slot1014,text
ev_colosseum10#1,「解所「。大「終弱の5連戦が,前所未有的最终5连战,lba467479_sz12176_slot1014,text
ev_colosseum10#2,打ちかまえています。,正等着你。,lba467479_sz12176_slot1014,text
ev_colosseum100#0,造反アナまた、いつかどこかで,男主播：那么，何时何地,lba467479_sz12176_slot1014,text
ev_colosseum100#1,お占にかかりましょう。,再见面吧。,lba467479_sz12176_slot1014,text
ev_colosseum101#0,反アナでは、またその待まで！,女主播：那么，到那时为止！,lba467479_sz12176_slot1014,text
ev_colosseum101#1,半熟コロシアム。レディ。,半熟竞技场。Ready。,lba467479_sz12176_slot1014,text
ev_colosseum102,2人ファイトッ。。,二人战斗。。,lba467479_sz12176_slot1014,text
ev_colosseum103#0,造反アナお疲れ。,男主播：辛苦。,lba467479_sz12176_slot1014,text
ev_colosseum103#1,の可7610打で,的欧米茄一战,lba467479_sz12176_slot1014,text
ev_colosseum103#2,この半熟コロシアムも終了。,这座半熟竞技场也结束。,lba467479_sz12176_slot1014,text
ev_colosseum104#0,造反アナねえ、番降の打ち上げもかねて,男主播：呐，兼作最后的庆功,lba467479_sz12176_slot1014,text
ev_colosseum104#1,界場にでも足をのばしてみない？,要不要去趟温泉？,lba467479_sz12176_slot1014,text
ev_colosseum105,反アナ！,女主播：！,lba467479_sz12176_slot1014,text
ev_colosseum106,造反アナハハ、ダメだよね！,男主播：哈哈，不行吧！,lba467479_sz12176_slot1014,text
ev_colosseum107#0,反アナ読、まで、ずいぶんあなたのこと,女主播：至今，可对你,lba467479_sz12176_slot1014,text
ev_colosseum107#1,頼つけちゃいましたね！,相当上心呢！,lba467479_sz12176_slot1014,text
ev_colosseum108,造反アナえ。？じゃ、じゃあ。,男主播：诶。？那、那么。,lba467479_sz12176_slot1014,text
ev_colosseum109#0,反アナあ、もしもし？,女主播：啊，喂？,lba467479_sz12176_slot1014,text
ev_colosseum109#1,カズマ？うん、役占ちょうど終わったところ！,一真？嗯，工作正好结束！,lba467479_sz12176_slot1014,text
ev_colosseum11,反アナさあ、チャレンジするかどうか。？,女主播：来，要不要挑战。？,lba467479_sz12176_slot1014,text
ev_colosseum110#0,反アナえ？魔識来の情？,女主播：诶？婚礼的菜？,lba467479_sz12176_slot1014,text
ev_colosseum110#1,わかった、帰りに数るわ！,知道了，回去路上买！,lba467479_sz12176_slot1014,text
ev_colosseum110#2,じゃ、弱でね！,那就，等我哦！,lba467479_sz12176_slot1014,text
ev_colosseum111,造反アナ！,男主播：！,lba467479_sz12176_slot1014,text
ev_colosseum112,反アナあ、すみません、造の闘でしたっけ？,女主播：啊，抱歉，刚才在说什么来着？,lba467479_sz12176_slot1014,text
ev_colosseum113,造反アナ！,男主播：！,lba467479_sz12176_slot1014,text
ev_colosseum114#0,造反アナさすが、号逃号形の可7610。,男主播：不愧是最强最凶的欧米茄。,lba467479_sz12176_slot1014,text
ev_colosseum114#1,立戦のさんも討がたたないっ。。,历战的先生也敌不过。。,lba467479_sz12176_slot1014,text
ev_colosseum115#0,反アナ半熟コロシアムでは、いつでも,女主播：半熟竞技场，随时,lba467479_sz12176_slot1014,text
ev_colosseum115#1,チャレンジャーを合集しております！,募集挑战者！,lba467479_sz12176_slot1014,text
ev_colosseum116#0,造反アナ客をみがいて一強。,男主播：磨炼本领再挑战。,lba467479_sz12176_slot1014,text
ev_colosseum116#1,占将せ。打可7610っ。。,目标。打倒欧米茄。。,lba467479_sz12176_slot1014,text
ev_colosseum117,反アナそれでは、その待まで。,女主播：那么，到那时为止。,lba467479_sz12176_slot1014,text
ev_colosseum118,造反アナレディ。,男主播：Ready。,lba467479_sz12176_slot1014,text
ev_colosseum119,2人ファイト。,二人战斗。,lba467479_sz12176_slot1014,text
ev_colosseum12,造反アナシンキングタイム。,男主播：思考时间。,lba467479_sz12176_slot1014,text
ev_colosseum120#0,造反アナお疲れ。,男主播：辛苦。,lba467479_sz12176_slot1014,text
ev_colosseum120#1,ねえ、このあとひなびた、き持事で一使どう？,呐，这之后去乡下居酒屋喝一杯怎么样？,lba467479_sz12176_slot1014,text
ev_colosseum121,反アナ始っておきますが、造強ってもヤです！,女主播：先说好，再问多少次也不行！,lba467479_sz12176_slot1014,text
ev_colosseum122,造反アナ！,男主播：！,lba467479_sz12176_slot1014,text
ev_colosseum13,2人スタート。,二人开始。,lba467479_sz12176_slot1014,text
ev_colosseum14#0,うむっ。,嗯。,lba467479_sz12176_slot1014,text
ev_colosseum14#1,いかんっ。,不行。,lba467479_sz12176_slot1014,text
ev_colosseum15,造反アナおーッと。チャレンジを決逃したー。,男主播：哦——。挑战决定——。,lba467479_sz12176_slot1014,text
ev_colosseum16#0,反アナどのエッグモンスターで,女主播：用哪只蛋怪,lba467479_sz12176_slot1014,text
ev_colosseum16#1,挑戦しますか？,挑战？,lba467479_sz12176_slot1014,text
ev_colosseum17#0,造反アナさあ、の,男主播：来，,lba467479_sz12176_slot1014,text
ev_colosseum17#1,チャレンジが決定しました。,的挑战已决定。,lba467479_sz12176_slot1014,text
ev_colosseum18#0,反アナでは、いってみましょう。,女主播：那么，出发吧。,lba467479_sz12176_slot1014,text
ev_colosseum18#1,半熟コロシアム。レディ。,半熟竞技场。Ready。,lba467479_sz12176_slot1014,text
ev_colosseum19,2人ファイト。,二人战斗。,lba467479_sz12176_slot1014,text
ev_colosseum20#0,造反アナおーッと。,男主播：哦——。,lba467479_sz12176_slot1014,text
ev_colosseum20#1,、チャレンジを逃【。,，拒绝了挑战。,lba467479_sz12176_slot1014,text
ev_colosseum21#0,反アナ半熟コロシアムでは,女主播：半熟竞技场,lba467479_sz12176_slot1014,text
ev_colosseum21#1,ファイティング・スピリットあふれる,正在募集满怀斗志的,lba467479_sz12176_slot1014,text
ev_colosseum21#2,チャレンジャーを合集しています！,挑战者！,lba467479_sz12176_slot1014,text
ev_colosseum22#0,チャレンジをご力・の食は、消星の半熟コロシアムへ,想挑战的各位，随时欢迎光临诸星的半熟竞技场,lba467479_sz12176_slot1014,text
ev_colosseum22#1,いつでもお超しください！,！,lba467479_sz12176_slot1014,text
ev_colosseum23#0,造反アナ日もお疲れ。,男主播：今天也辛苦。,lba467479_sz12176_slot1014,text
ev_colosseum23#1,ねえ、このあと解戦でも感いにいかない？,呐，这之后去吃烧肉怎么样？,lba467479_sz12176_slot1014,text
ev_colosseum24,反アナすみませんが、軍占がありますので！,女主播：抱歉，我有事！,lba467479_sz12176_slot1014,text
ev_colosseum25,造反アナ！,男主播：！,lba467479_sz12176_slot1014,text
ev_colosseum26#0,造反アナおーッと。,男主播：哦——。,lba467479_sz12176_slot1014,text
ev_colosseum26#1,さん、陣われたデスを,先生，把被诅咒的Death,lba467479_sz12176_slot1014,text
ev_colosseum26#2,見占撃用ーッ。,精彩击破——。,lba467479_sz12176_slot1014,text
ev_colosseum27#0,造反アナおーッと。,男主播：哦——。,lba467479_sz12176_slot1014,text
ev_colosseum27#1,さん、ルナティックお壊を,先生，把Lunatic之月,lba467479_sz12176_slot1014,text
ev_colosseum27#2,見占撃用ーッ。,精彩击破——。,lba467479_sz12176_slot1014,text
ev_colosseum28#0,造反アナおーッと。,男主播：哦——。,lba467479_sz12176_slot1014,text
ev_colosseum28#1,さん、ウゴクザルを,先生，把动猿,lba467479_sz12176_slot1014,text
ev_colosseum28#2,見占撃用ーッ。,精彩击破——。,lba467479_sz12176_slot1014,text
ev_colosseum29#0,造反アナおーッと。,男主播：哦——。,lba467479_sz12176_slot1014,text
ev_colosseum29#1,さん、フルマッスルを,先生，把Full Muscle,lba467479_sz12176_slot1014,text
ev_colosseum29#2,見占撃用ーッ。,精彩击破——。,lba467479_sz12176_slot1014,text
ev_colosseum30#0,造反アナおーッと。,男主播：哦——。,lba467479_sz12176_slot1014,text
ev_colosseum30#1,さん、連討さんヘルを,先生，把佐藤先生地狱,lba467479_sz12176_slot1014,text
ev_colosseum30#2,見占撃用ーッ。,精彩击破——。,lba467479_sz12176_slot1014,text
ev_colosseum31#0,造反アナおーッと。,男主播：哦——。,lba467479_sz12176_slot1014,text
ev_colosseum31#1,さん、星空動備持勇を,先生，把星空交响曲,lba467479_sz12176_slot1014,text
ev_colosseum31#2,見占撃用ーッ。,精彩击破——。,lba467479_sz12176_slot1014,text
ev_colosseum32#0,反アナこのアルマムーンの半熟コロシアム,女主播：这座阿尔玛之月的半熟竞技场,lba467479_sz12176_slot1014,text
ev_colosseum32#1,改逃の威として潜知けのおまもりが協られます。,作为通关凭证赠送月见护符。,lba467479_sz12176_slot1014,text
ev_colosseum33#0,反アナこのロマンシングの半熟コロシアム,女主播：这座浪漫的半熟竞技场,lba467479_sz12176_slot1014,text
ev_colosseum33#1,改逃の威として食降知けのおまもりが協られます。,作为通关凭证赠送恋降护符。,lba467479_sz12176_slot1014,text
ev_colosseum34#0,反アナこのリローデドの半熟コロシアム,女主播：这座重装的半熟竞技场,lba467479_sz12176_slot1014,text
ev_colosseum34#1,改逃の威として集団のおまもりが協られます。,作为通关凭证赠送团结护符。,lba467479_sz12176_slot1014,text
ev_colosseum35#0,反アナこのアクエリアスの半熟コロシアム,女主播：这座宝瓶的半熟竞技场,lba467479_sz12176_slot1014,text
ev_colosseum35#1,改逃の威として生魔びのおまもりが協られます。,作为通关凭证赠送生命护符。,lba467479_sz12176_slot1014,text
ev_colosseum36#0,反アナこのエルムの半熟コロシアム,女主播：这座榆木的半熟竞技场,lba467479_sz12176_slot1014,text
ev_colosseum36#1,改逃の威として明赤のおまもりが協られます。,作为通关凭证赠送光明护符。,lba467479_sz12176_slot1014,text
ev_colosseum37#0,反アナこのコギトエルゴスムの半熟コロシアム,女主播：这座我思故我在的半熟竞技场,lba467479_sz12176_slot1014,text
ev_colosseum37#1,改逃の威として時明葉備のおまもりが協られます。,作为通关凭证赠送电子护符。,lba467479_sz12176_slot1014,text
ev_colosseum38#0,反アナ全星のコロシアムを改逃すると,女主播：通关全部星球的竞技场后,lba467479_sz12176_slot1014,text
ev_colosseum38#1,号逃号形のエッグモンスターが,最强最凶的蛋怪,lba467479_sz12176_slot1014,text
ev_colosseum38#2,あなたを打っています。,正等着你。,lba467479_sz12176_slot1014,text
ev_colosseum39#0,反アナこれでさんは,女主播：这样，先生,lba467479_sz12176_slot1014,text
ev_colosseum39#1,全星の半熟コロシアムを改逃したことになります。,就算通关了全部星球的半熟竞技场。,lba467479_sz12176_slot1014,text
ev_colosseum40#0,造反アナさあ、このまま号逃号形の,男主播：来，要就这样向最强最凶的,lba467479_sz12176_slot1014,text
ev_colosseum40#1,エッグモンスターにチャレンジするか。？,蛋怪挑战吗。？,lba467479_sz12176_slot1014,text
ev_colosseum41,反アナシンキングタイム。,女主播：思考时间。,lba467479_sz12176_slot1014,text
ev_colosseum42,2人スタート。,二人开始。,lba467479_sz12176_slot1014,text
ev_colosseum43#0,うむっ。,嗯。,lba467479_sz12176_slot1014,text
ev_colosseum43#1,いかんっ。,不行。,lba467479_sz12176_slot1014,text
ev_colosseum44#0,。けて立とう。,应战吧。,lba467479_sz12176_slot1014,text
ev_colosseum44#1,は複こう,还是回去,lba467479_sz12176_slot1014,text
ev_colosseum45#0,やってやるぜ。,上就完了。,lba467479_sz12176_slot1014,text
ev_colosseum45#1,はやめとく,还是算了,lba467479_sz12176_slot1014,text
ev_colosseum46#0,いいじゃろう。,好吧。,lba467479_sz12176_slot1014,text
ev_colosseum46#1,はよい,算了,lba467479_sz12176_slot1014,text
ev_colosseum47#0,いいだろう,好吧,lba467479_sz12176_slot1014,text
ev_colosseum47#1,やめておこう,还是算了,lba467479_sz12176_slot1014,text
ev_colosseum47_bat#0,ーァンマ、マジかよ。？,凡：妈，真的假的。？,lba467479_sz12176_slot1014,text
ev_colosseum47_bat#1,パイカッコつけすぎだよ。,派：摆架子过头了。,lba467479_sz12176_slot1014,text
ev_colosseum47_bat#2,ヤーガ、ガンバッて、ペンプティ。,雅：加、加油，彭普蒂。,lba467479_sz12176_slot1014,text
ev_colosseum48#0,やったろやないか。,上就完了呀。,lba467479_sz12176_slot1014,text
ev_colosseum48#1,弱にしとくわ,还是算了,lba467479_sz12176_slot1014,text
ev_colosseum49#0,よかろう,好吧,lba467479_sz12176_slot1014,text
ev_colosseum49#1,やめておこう,还是算了,lba467479_sz12176_slot1014,text
ev_colosseum50#0,造反アナおお。なんとチャレンジャブル。,男主播：哦哦。多么敢挑战。,lba467479_sz12176_slot1014,text
ev_colosseum50#1,なんとアグレッシー。。,多么有侵略性。。,lba467479_sz12176_slot1014,text
ev_colosseum51,反アナでは、戦っていただきましょう。,女主播：那么，请战斗吧。,lba467479_sz12176_slot1014,text
ev_colosseum52#0,反アナ・気潜のコイケ星人は、あるエッグモンスターの,女主播：·宇宙的小池星人，盯上了某只蛋怪的,lba467479_sz12176_slot1014,text
ev_colosseum52#1,分い誰威力と生！力に占をつけました！,高潜在威力和生命力！,lba467479_sz12176_slot1014,text
ev_colosseum53#0,反アナ了らは、惑分の星の休置を始複させるため,女主播：他们为了修复自己星球的环境,lba467479_sz12176_slot1014,text
ev_colosseum53#1,この将を開発したのです！,开发了这件兵器！,lba467479_sz12176_slot1014,text
ev_colosseum54#0,造反アナだが、この将が完弱した待には,男主播：可这件兵器完成之时,lba467479_sz12176_slot1014,text
ev_colosseum54#1,すでに休置は繰り隊しのつかない占？に発飛！,环境已恶化到无法挽回的惨状！,lba467479_sz12176_slot1014,text
ev_colosseum54#2,そして、コイケ星は、好撃しました！,然后，小池星毁灭了！,lba467479_sz12176_slot1014,text
ev_colosseum55,反アナその将のコードネームは！,女主播：那件兵器的代号是！,lba467479_sz12176_slot1014,text
ev_colosseum56,2人可7610っ。。,二人欧米茄。。,lba467479_sz12176_slot1014,text
ev_colosseum57#0,造反アナおーッと。,男主播：哦——。,lba467479_sz12176_slot1014,text
ev_colosseum57#1,、号逃号形のエッグモンスターに,，被最强最凶的蛋怪,lba467479_sz12176_slot1014,text
ev_colosseum57#2,おじけづいたか、チャレンジを逃【。,吓破胆，拒绝了挑战。,lba467479_sz12176_slot1014,text
ev_colosseum58#0,反アナ半熟コロシアムでは,女主播：半熟竞技场,lba467479_sz12176_slot1014,text
ev_colosseum58#1,この号弱の進負に挑戦するポジティブシンキングな,正在募集挑战这最强试炼的积极思考,lba467479_sz12176_slot1014,text
ev_colosseum58#2,チャレンジャーを合集しています！,挑战者！,lba467479_sz12176_slot1014,text
ev_colosseum59#0,反アナチャレンジをご力・の食は、消星の半熟コロシアムへ,女主播：想挑战的各位，随时欢迎光临诸星的半熟竞技场,lba467479_sz12176_slot1014,text
ev_colosseum59#1,いつでもお超しください！,！,lba467479_sz12176_slot1014,text
ev_colosseum60#0,造反アナお疲れ。,男主播：辛苦。,lba467479_sz12176_slot1014,text
ev_colosseum60#1,ねえ、このあと、白でも感いにいかない？,呐，这之后去吃寿司怎么样？,lba467479_sz12176_slot1014,text
ev_colosseum61#0,反アナすみませんが、プライベートタイムに,女主播：抱歉，私人时间里,lba467479_sz12176_slot1014,text
ev_colosseum61#1,役占の負敵は持ち雄まない○ですので！,不带入工作感情是原则！,lba467479_sz12176_slot1014,text
ev_colosseum62,造反アナ！,男主播：！,lba467479_sz12176_slot1014,text
ev_colosseum63a#0,造反アナおーッと。,男主播：哦——。,lba467479_sz12176_slot1014,text
ev_colosseum63a#1,さん、半しくも敗れる。,先生，无惨败北。,lba467479_sz12176_slot1014,text
ev_colosseum63b#0,造反アナあーッと。,男主播：啊——。,lba467479_sz12176_slot1014,text
ev_colosseum63b#1,さん、あいうちーッ。,先生，两败俱伤——。,lba467479_sz12176_slot1014,text
ev_colosseum63c#0,造反アナあーッと。？,男主播：啊——。？,lba467479_sz12176_slot1014,text
ev_colosseum63c#1,さん、とんずらーッ。,先生，开溜了——。,lba467479_sz12176_slot1014,text
ev_colosseum64#0,反アナ半熟コロシアムでは、いつでも,女主播：半熟竞技场，随时,lba467479_sz12176_slot1014,text
ev_colosseum64#1,チャレンジャーを合集しております！,募集挑战者！,lba467479_sz12176_slot1014,text
ev_colosseum65#0,造反アナ惑中をつけたら一強。,男主播：盯上目标就再挑战。,lba467479_sz12176_slot1014,text
ev_colosseum65#1,ここ半熟コロシアムにて。,就在这半熟竞技场。,lba467479_sz12176_slot1014,text
ev_colosseum66,反アナレディ。,女主播：Ready。,lba467479_sz12176_slot1014,text
ev_colosseum67,2人ファイト。,二人战斗。,lba467479_sz12176_slot1014,text
ev_colosseum68#0,造反アナお疲れ。,男主播：辛苦。,lba467479_sz12176_slot1014,text
ev_colosseum68#1,ねえ、このあとイタリアンでワインでもどう？,呐，这之后去意大利餐配红酒怎么样？,lba467479_sz12176_slot1014,text
ev_colosseum69#0,反アナすみませんが、友以の飲感は,女主播：抱歉，职场聚餐,lba467479_sz12176_slot1014,text
ev_colosseum69#1,しない○ですので！,我是不参加主义！,lba467479_sz12176_slot1014,text
ev_colosseum70,造反アナ！,男主播：！,lba467479_sz12176_slot1014,text
ev_colosseum71,造反アナようこそ、半熟コロシアムへ。,男主播：欢迎来到半熟竞技场。,lba467479_sz12176_slot1014,text
ev_colosseum72#0,反アナ全星のコロシアムを改逃したあなたには,女主播：对通关全部星球竞技场的你,lba467479_sz12176_slot1014,text
ev_colosseum72#1,号逃号形のエッグモンスターが打ち。けます。,最强最凶的蛋怪正等着。,lba467479_sz12176_slot1014,text
ev_colosseum73#0,造反アナさあ、号弱の進負。,男主播：来，最强的试炼。,lba467479_sz12176_slot1014,text
ev_colosseum73#1,号逃号形のエッグモンスターにチャレンジするか。？,要向最强最凶的蛋怪挑战吗。？,lba467479_sz12176_slot1014,text
ev_colosseum74,反アナシンキングタイム。,女主播：思考时间。,lba467479_sz12176_slot1014,text
ev_colosseum75,2人スタート。,二人开始。,lba467479_sz12176_slot1014,text
ev_colosseum76#0,うむっ。,嗯。,lba467479_sz12176_slot1014,text
ev_colosseum76#1,いかんっ。,不行。,lba467479_sz12176_slot1014,text
ev_colosseum77#0,造反アナおーッと。なんとチャレンジャブル。,男主播：哦——。多么敢挑战。,lba467479_sz12176_slot1014,text
ev_colosseum77#1,惑新進敗敗潜デンジャラス。,革新灾厄 Dangerous。,lba467479_sz12176_slot1014,text
ev_colosseum78#0,反アナどのエッグモンスターで,女主播：用哪只蛋怪,lba467479_sz12176_slot1014,text
ev_colosseum78#1,挑戦しますか？,挑战？,lba467479_sz12176_slot1014,text
ev_colosseum79#0,造反アナなんと、が,男主播：居然，,lba467479_sz12176_slot1014,text
ev_colosseum79#1,この進負に挑みます。,要向这试炼挑战。,lba467479_sz12176_slot1014,text
ev_colosseum80,反アナでは、戦っていただきましょう。,女主播：那么，请战斗吧。,lba467479_sz12176_slot1014,text
ev_colosseum81#0,反アナ・気潜のコイケ星人は、あるエッグモンスターの,女主播：·宇宙的小池星人，盯上了某只蛋怪的,lba467479_sz12176_slot1014,text
ev_colosseum81#1,分い誰威力と生！力に占をつけました！,高潜在威力和生命力！,lba467479_sz12176_slot1014,text
ev_colosseum82#0,反アナ了らは、惑分の星の休置を始複させるため,女主播：他们为了修复自己星球的环境,lba467479_sz12176_slot1014,text
ev_colosseum82#1,この将を開発したのです！,开发了这件兵器！,lba467479_sz12176_slot1014,text
ev_colosseum83#0,造反アナだが、この将が完弱した待には,男主播：可这件兵器完成之时,lba467479_sz12176_slot1014,text
ev_colosseum83#1,すでに休置は繰り隊しのつかない占？に発飛！,环境已恶化到无法挽回的惨状！,lba467479_sz12176_slot1014,text
ev_colosseum83#2,そして、コイケ星は、好撃しました！,然后，小池星毁灭了！,lba467479_sz12176_slot1014,text
ev_colosseum84,反アナその将のコードネームは！,女主播：那件兵器的代号是！,lba467479_sz12176_slot1014,text
ev_colosseum85,2人可7610っ。。,二人欧米茄。。,lba467479_sz12176_slot1014,text
ev_colosseum86#0,反アナ全星のコロシアムを改逃したあなたには,女主播：对通关全部星球竞技场的你,lba467479_sz12176_slot1014,text
ev_colosseum86#1,号逃号形のエッグモンスター。,最强最凶的蛋怪。,lba467479_sz12176_slot1014,text
ev_colosseum86#2,可7610が打ち。けています。,欧米茄正等着。,lba467479_sz12176_slot1014,text
ev_colosseum87#0,造反アナさあ、号弱の進負。,男主播：来，最强的试炼。,lba467479_sz12176_slot1014,text
ev_colosseum87#1,号逃号形のエッグモンスターにチャレンジするか。？,要向最强最凶的蛋怪挑战吗。？,lba467479_sz12176_slot1014,text
ev_colosseum88,反アナシンキングタイム。,女主播：思考时间。,lba467479_sz12176_slot1014,text
ev_colosseum89,2人スタート。,二人开始。,lba467479_sz12176_slot1014,text
ev_colosseum90#0,うむっ。,嗯。,lba467479_sz12176_slot1014,text
ev_colosseum90#1,いかんっ。,不行。,lba467479_sz12176_slot1014,text
ev_colosseum91#0,造反アナおーッと。なんとチャレンジャブル。,男主播：哦——。多么敢挑战。,lba467479_sz12176_slot1014,text
ev_colosseum91#1,捨所以新以ストロングスピリッツ。。,Strong Spirits。。,lba467479_sz12176_slot1014,text
ev_colosseum92#0,反アナどのエッグモンスターで,女主播：用哪只蛋怪,lba467479_sz12176_slot1014,text
ev_colosseum92#1,挑戦しますか？,挑战？,lba467479_sz12176_slot1014,text
ev_colosseum93#0,造反アナなんと、が,男主播：居然，,lba467479_sz12176_slot1014,text
ev_colosseum93#1,この進負に挑みます。,要向这试炼挑战。,lba467479_sz12176_slot1014,text
ev_colosseum94#0,反アナでは、戦っていただきましょう。,女主播：那么，请战斗吧。,lba467479_sz12176_slot1014,text
ev_colosseum94#1,半熟コロシアム号終進負。レディ。,半熟竞技场最终试炼。Ready。,lba467479_sz12176_slot1014,text
ev_colosseum95,2人ファイト。,二人战斗。,lba467479_sz12176_slot1014,text
ev_colosseum96#0,造反アナな、なんと。,男主播：居、居然。,lba467479_sz12176_slot1014,text
ev_colosseum96#1,可7610をしたっ。。,打败了欧米茄。。,lba467479_sz12176_slot1014,text
ev_colosseum97#0,反アナ夢敗をほこるコイケ星人の、した,女主播：以鲁莽为傲的小池星人做出的,lba467479_sz12176_slot1014,text
ev_colosseum97#1,号逃号形のエッグモンスター。,最强最凶的蛋怪。,lba467479_sz12176_slot1014,text
ev_colosseum97#2,可7610を撃用したのは、。。,击破欧米茄的是，。。,lba467479_sz12176_slot1014,text
ev_colosseum98#0,造反アナ号逃号形のエッグモンスター。,男主播：最强最凶的蛋怪。,lba467479_sz12176_slot1014,text
ev_colosseum98#1,可7610を撃用した威として,作为击破欧米茄的凭证,lba467479_sz12176_slot1014,text
ev_colosseum98#2,役体明全のおまもりが協られます。,赠送绝对安全护符。,lba467479_sz12176_slot1014,text
ev_colosseum99#0,反アナい心、お合しみいただいた,女主播：以上，承蒙欣赏的,lba467479_sz12176_slot1014,text
ev_colosseum99#1,この半熟コロシアムも。で号終。です。,这座半熟竞技场也到此结束。,lba467479_sz12176_slot1014,text
ev_colosseum_debug01#0,そのまま,保持原样,lba467479_sz12176_slot1014,text
ev_colosseum_debug01#1,アルマムーン,阿尔玛之月,lba467479_sz12176_slot1014,text
ev_colosseum_debug01#2,ロマンシング,浪漫,lba467479_sz12176_slot1014,text
ev_colosseum_debug01#3,リローデド,重装,lba467479_sz12176_slot1014,text
ev_colosseum_debug01#4,アクエリアス,宝瓶,lba467479_sz12176_slot1014,text
ev_colosseum_debug01#5,エルム,榆木,lba467479_sz12176_slot1014,text
ev_colosseum_debug01#6,コギト,我思故我在,lba467479_sz12176_slot1014,text
ev_colosseum_debug02#0,そのまま,保持原样,lba467479_sz12176_slot1014,text
ev_colosseum_debug02#1,コロシアム（フラグ初核心）,竞技场（旗标初始化）,lba467479_sz12176_slot1014,text
ev_colosseum_debug02#2,エクストリーム（フラグ初核心）,极限（旗标初始化）,lba467479_sz12176_slot1014,text
ev_colosseum_debug02#3,なると,鸣门,lba467479_sz12176_slot1014,text
ev_c_call1,セバスチャンありがとうございました。,塞巴斯蒂安：谢谢。,lba467489_sz6408_slot1016,text
ev_c_call10#0,セバスチャン（金連よりの怖るべき誰地。,塞巴斯蒂安：来自异次元的可怖敌地。,lba467489_sz6408_slot1016,text
ev_c_call10#1,反金連選。,四次元军。,lba467489_sz6408_slot1016,text
ev_c_call11#0,反金連選団4わたく4の核悩にして,四次元军团4：本4策划的,lba467489_sz6408_slot1016,text
ev_c_call11#1,臭情を終する4消心,称颂友情的4作品,lba467489_sz6408_slot1016,text
ev_c_call11#2,お合しみいただけたでしょうか？,可有尽兴？,lba467489_sz6408_slot1016,text
ev_c_call12#0,反金連選変効終あだく4の核悩にして,四次元军（变）：本4策划的,lba467489_sz6408_slot1016,text
ev_c_call12#1,臭情を終する4消心,称颂友情的4作品,lba467489_sz6408_slot1016,text
ev_c_call12#2,おだのしみいただけだえんか？,可有尽兴呀？,lba467489_sz6408_slot1016,text
ev_c_call13#0,セバスチャン戦う間反本威。,塞巴斯蒂安：战斗的机械人。,lba467489_sz6408_slot1016,text
ev_c_call13#1,エッグ・ママ。,艾格妈妈。,lba467489_sz6408_slot1016,text
ev_c_call13a#0,開食おめェら、足入に気ィ知けんだぞ。,大哥：你们几个，脚下留神啊。,lba467489_sz6408_slot1016,text
ev_c_call13a#1,。い体がってんだ、開食。,搭档：在说什么啊，大哥。,lba467489_sz6408_slot1016,text
ev_c_call13b#0,。い体うお。？えらい効てぇなコイツ。,搭档：哦。？这家伙挺能打啊。,lba467489_sz6408_slot1016,text
ev_c_call13b#1,開食どうした。いの？択ほどにもねえな。,大哥：怎么了搭档？也不过如此嘛。,lba467489_sz6408_slot1016,text
ev_c_call13c#0,。い体帰、強、人陣持つんスよ！,搭档：回去，强，人阵拿着啊！,lba467489_sz6408_slot1016,text
ev_c_call13c#1,開食これ、繰っときな。,大哥：这个，拿着。,lba467489_sz6408_slot1016,text
ev_c_call14#0,エッグ・ママアリガトウゴザイマシタ！,艾格妈妈：非常感谢！,lba467489_sz6408_slot1016,text
ev_c_call14#1,ヤハリニンゲンハハンジュクデアルカラコソ,果然人类正因为半熟,lba467489_sz6408_slot1016,text
ev_c_call14#2,ミライニムカッテイキルノデスネ！,才能朝向未来活下去呢！,lba467489_sz6408_slot1016,text
ev_c_call14a#0,開食てっしゅーすんぞ。,大哥：要上了哦。,lba467489_sz6408_slot1016,text
ev_c_call14a#1,。い体がってんだ、開食。,搭档：在说什么啊，大哥。,lba467489_sz6408_slot1016,text
ev_c_call14b#0,。い体マジ、キツイッす心,搭档：真的，好难受,lba467489_sz6408_slot1016,text
ev_c_call14b#1,開食どうした。いの？択ほどにもねえな。,大哥：怎么了搭档？也不过如此嘛。,lba467489_sz6408_slot1016,text
ev_c_call15#0,セバスチャン（金連造打。,塞巴斯蒂安：四次元造反。,lba467489_sz6408_slot1016,text
ev_c_call15#1,モット・スーモン。,莫特·苏蒙。,lba467489_sz6408_slot1016,text
ev_c_call16#0,モット・スーモンフフ！,莫特·苏蒙：呵呵！,lba467489_sz6408_slot1016,text
ev_c_call16#1,金。復でもお喜いすることになるかもしれません4！,续作里或许还会见面4！,lba467489_sz6408_slot1016,text
ev_c_call17#0,セバスチャン夢客感眠惑。,塞巴斯蒂安：美食家。,lba467489_sz6408_slot1016,text
ev_c_call17#1,モット・クーモン。,莫特·库蒙。,lba467489_sz6408_slot1016,text
ev_c_call18#0,モット・クーモンゲームしながら、なんか感ってるな。,莫特·库蒙：打着游戏，好像在吃什么。,lba467489_sz6408_slot1016,text
ev_c_call18#1,オレにも感わせて4。,也让本4吃4。,lba467489_sz6408_slot1016,text
ev_c_call19#0,セバスチャン新定にして完熟なる合。,塞巴斯蒂安：新生而完熟者。,lba467489_sz6408_slot1016,text
ev_c_call19#1,反金連ボイルド。,四次元煮蛋。,lba467489_sz6408_slot1016,text
ev_c_call2#0,セバスチャンよくぞ、このダンジョンを,塞巴斯蒂安：多亏您把这座迷宫,lba467489_sz6408_slot1016,text
ev_c_call2#1,クリアしてくださいました。,通关了。,lba467489_sz6408_slot1016,text
ev_c_call20#0,反金連ボイルド完熟を占将していたが,四次元煮蛋：本4曾志在完熟,lba467489_sz6408_slot1016,text
ev_c_call20#1,魔映は、造もできなかった、それが帰の星中だ4！,现实却什么都做不成，那就是俺的人生4！,lba467489_sz6408_slot1016,text
ev_c_call20#2,もう、おまえたちの待解だ4。,已经，是你们的时代了4。,lba467489_sz6408_slot1016,text
ev_c_call21#0,セバスチャンそして「復半熟英雄他3複力から,塞巴斯蒂安：以及从前作半熟英雄3,lba467489_sz6408_slot1016,text
ev_c_call21#1,連書で潜入。友情出思。勇。。,特别出演。友情出演。曲子。。,lba467489_sz6408_slot1016,text
ev_c_call22#0,勇こんにちは、勇です！,曲子：你好，我是曲子！,lba467489_sz6408_slot1016,text
ev_c_call22#1,ボクがファイナルファンタジーに出られるのは,我能出现在最终幻想里,lba467489_sz6408_slot1016,text
ev_c_call22#2,いったい、いつのことなのでしょうか？,究竟是什么时候呢？,lba467489_sz6408_slot1016,text
ev_c_call22a#0,勇あまりしゃべることがないんですけど、,曲子：虽然没什么好说的，,lba467489_sz6408_slot1016,text
ev_c_call22a#1,繰知させていただきます！,还请多关照！,lba467489_sz6408_slot1016,text
ev_c_call22a#2,ボクはこれからいったい、どうなるんでしょうか？,我接下来究竟，会怎样呢？,lba467489_sz6408_slot1016,text
ev_c_call23#0,セバスチャン勇に書いて、怪しげなゲスト潜入。,塞巴斯蒂安：继曲子之后，可疑的嘉宾出演。,lba467489_sz6408_slot1016,text
ev_c_call23#1,友情出思。えべっさん。,友情出演。惠比寿。,lba467489_sz6408_slot1016,text
ev_c_call24#0,えべっさんありがとうございました。【備かなって半熟にも,惠比寿：谢谢。宿愿得偿，半熟里,lba467489_sz6408_slot1016,text
ev_c_call24#1,でることができました。スクウェア・エニックスさん、,也能出场了。史克威尔艾尼克斯的各位，,lba467489_sz6408_slot1016,text
ev_c_call24#2,ほんとありがとうございます。,真的非常感谢。,lba467489_sz6408_slot1016,text
ev_c_call24a#0,えべっさん弱とも、ドラクエ・教教と,惠比寿：今后，DQ、FF也,lba467489_sz6408_slot1016,text
ev_c_call24a#1,よろしくお備いします。,请多多指教。,lba467489_sz6408_slot1016,text
ev_c_call25#0,セバスチャンエッグマンの大一所。,塞巴斯蒂安：艾格曼的大本营。,lba467489_sz6408_slot1016,text
ev_c_call25#1,ピンクエッグマン。,粉红艾格曼。,lba467489_sz6408_slot1016,text
ev_c_call26#0,ピンクエッグマンあなたの姿にピンキーボム。,粉红艾格曼：对着你的身姿粉红炸弹。,lba467489_sz6408_slot1016,text
ev_c_call26#1,また喜いましょ繰,再见面呀,lba467489_sz6408_slot1016,text
ev_c_call27,セバスチャンエッグマンナイト。,塞巴斯蒂安：艾格曼骑士。,lba467489_sz6408_slot1016,text
ev_c_call28#0,エッグマンナイト収れないでくれ。,艾格曼骑士：请别忘记。,lba467489_sz6408_slot1016,text
ev_c_call28#1,楽り分き番軍の気合を。,剩下那一半的气魄。,lba467489_sz6408_slot1016,text
ev_c_call29#0,セバスチャンエッグワールドの待力用。,塞巴斯蒂安：蛋世界的偶像。,lba467489_sz6408_slot1016,text
ev_c_call29#1,エッグベビー。,艾格宝宝。,lba467489_sz6408_slot1016,text
ev_c_call3#0,セバスチャンかったでしょう、楽しかったでしょう。,塞巴斯蒂安：赢了吧，开心了吧。,lba467489_sz6408_slot1016,text
ev_c_call3#1,そして、合しんでいただけましたかな？,而且，可有尽兴的说？,lba467489_sz6408_slot1016,text
ev_c_call30,エッグベビーおちゅかれちゃまでちた。,艾格宝宝：辛苦了呀。,lba467489_sz6408_slot1016,text
ev_c_call31#0,セバスチャン軍反な造は、にモテる。,塞巴斯蒂安：帅哥型男人，对女人有人气。,lba467489_sz6408_slot1016,text
ev_c_call31#1,イビルエッグマン。,邪恶艾格曼。,lba467489_sz6408_slot1016,text
ev_c_call32#0,イビルエッグマンここまで「ぶとは,邪恶艾格曼：能玩到这里,lba467489_sz6408_slot1016,text
ev_c_call32#1,かなりの半熟体だな！,相当半熟啊！,lba467489_sz6408_slot1016,text
ev_c_call33#0,セバスチャン打の体に地の姿。,塞巴斯蒂安：钢之体、地之姿。,lba467489_sz6408_slot1016,text
ev_c_call33#1,メカエッグマン。,机械艾格曼。,lba467489_sz6408_slot1016,text
ev_c_call34#0,メカエッグマンコングラッチュレーション,机械艾格曼：恭喜,lba467489_sz6408_slot1016,text
ev_c_call34#1,ミッションコンプリート。,任务完成。,lba467489_sz6408_slot1016,text
ev_c_call35#0,セバスチャンエッグワールドの生き字降。,塞巴斯蒂安：蛋世界的活字典。,lba467489_sz6408_slot1016,text
ev_c_call35#1,キングエッグマン。,艾格曼王。,lba467489_sz6408_slot1016,text
ev_c_call36#0,キングエッグマンわれわれエッグモンスターは,艾格曼王：我们蛋怪,lba467489_sz6408_slot1016,text
ev_c_call36#1,いつも呼の姿の中にいる。,永远在你心中。,lba467489_sz6408_slot1016,text
ev_c_call37#0,セバスチャンそして、おなじみわれらがヒーロー。,塞巴斯蒂安：以及，熟悉的我们的英雄。,lba467489_sz6408_slot1016,text
ev_c_call37#1,エッグマン。,艾格曼。,lba467489_sz6408_slot1016,text
ev_c_call38#0,エッグマン、この現解連喜で時間なもの,艾格曼：这现实世界里需要的,lba467489_sz6408_slot1016,text
ev_c_call38#1,半熟でもいい、大るく所修に生きることだ。,半熟也好，正直地活下去。,lba467489_sz6408_slot1016,text
ev_c_call39#0,セバスチャン半熟ヒロインこと。,塞巴斯蒂安：半熟女主角。,lba467489_sz6408_slot1016,text
ev_c_call39#1,ルーナエ・ロマンシング。,鲁奈·浪漫。,lba467489_sz6408_slot1016,text
ev_c_call4#0,はい,是,lba467489_sz6408_slot1016,text
ev_c_call4#1,いいえ,不是,lba467489_sz6408_slot1016,text
ev_c_call4#2,まあまあ,还行,lba467489_sz6408_slot1016,text
ev_c_call40,ルーナエあ、あの、えっと。,鲁奈：啊、那个、嗯。,lba467489_sz6408_slot1016,text
ev_c_call41#0,ルーナエ敗さと金しさをあわせもつ反こそ,鲁奈：兼具弱小与美丽者才是,lba467489_sz6408_slot1016,text
ev_c_call41#1,間のヒロインなのだ。,真正的女主角。,lba467489_sz6408_slot1016,text
ev_c_call42#0,セバスチャン半捕力英雄こと。,塞巴斯蒂安：半捕英雄。,lba467489_sz6408_slot1016,text
ev_c_call42#1,マルティス・テンマ。,马蒂斯·天马。,lba467489_sz6408_slot1016,text
ev_c_call43#0,マルティス所くぜ、みんな。,马蒂斯：走吧，大家。,lba467489_sz6408_slot1016,text
ev_c_call43#1,能O喜。能O喜。,OK。OK。,lba467489_sz6408_slot1016,text
ev_c_call44#0,セバスチャン半熟惑こと。,塞巴斯蒂安：半熟王。,lba467489_sz6408_slot1016,text
ev_c_call44#1,メルクリィ。,梅尔克里。,lba467489_sz6408_slot1016,text
ev_c_call45,メルクリィ！,梅尔克里！,lba467489_sz6408_slot1016,text
ev_c_call46,メルクリィミスティエッグの撃始じゃ！,梅尔克里：迷雾蛋的启示哪！,lba467489_sz6408_slot1016,text
ev_c_call47,メルクリィこのダンジョンをクリアした体は、せになる！,梅尔克里：通关这座迷宫的人，会幸福！,lba467489_sz6408_slot1016,text
ev_c_call48#0,セバスチャン半熟ダーク英雄こと。,塞巴斯蒂安：半熟黑暗英雄。,lba467489_sz6408_slot1016,text
ev_c_call48#1,ペンプティ。,彭普蒂。,lba467489_sz6408_slot1016,text
ev_c_call49,ペンプティ！,彭普蒂！,lba467489_sz6408_slot1016,text
ev_c_call5#0,セバスチャンありがとうございます。,塞巴斯蒂安：谢谢。,lba467489_sz6408_slot1016,text
ev_c_call5#1,あなたがいる客り。,只要有您在。,lba467489_sz6408_slot1016,text
ev_c_call5#2,半熟英雄シリーズは姿形ですぞ。,半熟英雄系列就会永恒的说。,lba467489_sz6408_slot1016,text
ev_c_call50,セバスチャンペンプティ現。？,塞巴斯蒂安：彭普蒂现。？,lba467489_sz6408_slot1016,text
ev_c_call51#0,ペンプティあ、す、すみません！,彭普蒂：啊，对、对不起！,lba467489_sz6408_slot1016,text
ev_c_call51#1,投大に占がくらんで！,被聚光灯晃了眼！,lba467489_sz6408_slot1016,text
ev_c_call52,セバスチャンそして、ーァン。パイ。ヤー。,塞巴斯蒂安：以及，凡。派。雅。,lba467489_sz6408_slot1016,text
ev_c_call53p,パイーァン・パイ・ヤーの逃英反。,派：凡·派·雅的超英雄。,lba467489_sz6408_slot1016,text
ev_c_call53v,ーァン金はボクらが○役。早降一体アクション。,凡：现在我们才是主角。高速一体动作。,lba467489_sz6408_slot1016,text
ev_c_call53y,ヤー復ってくれないと思うなあ！,雅：不觉得会做吗！,lba467489_sz6408_slot1016,text
ev_c_call54#0,セバスチャン半英雄こと。,塞巴斯蒂安：半英雄。,lba467489_sz6408_slot1016,text
ev_c_call54#1,新生！フライデー。,新生！弗莱迪。,lba467489_sz6408_slot1016,text
ev_c_call55#0,フライデーこんなクソいダンジョン,弗莱迪：这种烂迷宫,lba467489_sz6408_slot1016,text
ev_c_call55#1,クリアするヒマあったら、他にやることあるやろ。？,有空通关，别处还有事要干吧。？,lba467489_sz6408_slot1016,text
ev_c_call55#2,ま、でも、おおきにな。,嘛，不过，多谢啦。,lba467489_sz6408_slot1016,text
ev_c_call56#0,セバスチャンそして、討。,塞巴斯蒂安：以及，然后。,lba467489_sz6408_slot1016,text
ev_c_call56#1,様休…こと強情。セバスチャン。。,疗愈系热血。塞巴斯蒂安。。,lba467489_sz6408_slot1016,text
ev_c_call56#2,イエイッ。。,耶。。,lba467489_sz6408_slot1016,text
ev_c_call57#0,セバスチャン気をとりなおしていきますぞ。,塞巴斯蒂安：重新打起精神的说。,lba467489_sz6408_slot1016,text
ev_c_call57#1,キュートなルックスと終にそっけない？強が,可爱外表与口上冷淡的态度,lba467489_sz6408_slot1016,text
ev_c_call57#2,造姿を置臨する。カトリイヌ姫っ。,掌握人心。卡特莉·伊努姬。,lba467489_sz6408_slot1016,text
ev_c_call58#0,カトリイヌひどいことばかり始ってゴメンなさい。だって小本に,卡特莉·伊努：净说狠话对不起。因为小本上,lba467489_sz6408_slot1016,text
ev_c_call58#1,書いてあるんだもん！始えって始うから役食なく始ったのよ！,写着啊！说让说就只好说了！,lba467489_sz6408_slot1016,text
ev_c_call58#2,これにこりずにヨロシクね繰,别见怪，请多关照呀,lba467489_sz6408_slot1016,text
ev_c_call59#0,セバスチャンそして。いつしかこの半熟英雄の,塞巴斯蒂安：以及。不知何时对这半熟英雄的,lba467489_sz6408_slot1016,text
ev_c_call59#1,ヒロインの識に呼待してしまった、あたし繰こと。,女主角之位坐上去了的，我呀。,lba467489_sz6408_slot1016,text
ev_c_call59#2,カトリイネ姫っ。。,卡特莉·伊奈姬。。,lba467489_sz6408_slot1016,text
ev_c_call6#0,セバスチャンそ、そうですか！,塞巴斯蒂安：是、是吗！,lba467489_sz6408_slot1016,text
ev_c_call6#1,でも、ここまでやりこむということは！,可您都玩到这里了！,lba467489_sz6408_slot1016,text
ev_c_call6#2,ねえ？,对吧？,lba467489_sz6408_slot1016,text
ev_c_call60,カトリイネシャラップ。。,卡特莉·伊奈：闭嘴。。,lba467489_sz6408_slot1016,text
ev_c_call61#0,カトリイネ金は、あたし繰○思でハリウッドで,卡特莉·伊奈：现在，我呀以主角在好莱坞,lba467489_sz6408_slot1016,text
ev_c_call61#1,攻外外末心ねん繰,要在海外出道呀,lba467489_sz6408_slot1016,text
ev_c_call61#2,外末喜連のみなさん、打ってるわん。,海外粉丝们，等着哦。,lba467489_sz6408_slot1016,text
ev_c_call62,カトリイネハンドクラップカモンナッ。。,卡特莉·伊奈：Hand clap come on 哪。。,lba467489_sz6408_slot1016,text
ev_c_call63#0,セバスチャンそして号弱に。,塞巴斯蒂安：以及最强。,lba467489_sz6408_slot1016,text
ev_c_call63#1,地体隊将軍っ。,地球部队将军。,lba467489_sz6408_slot1016,text
ev_c_call64#0,ありがとうございました。,谢谢。,lba467489_sz6408_slot1016,text
ev_c_call64#1,このゲームに出思できて熟属です。,能出演这游戏很荣幸。,lba467489_sz6408_slot1016,text
ev_c_call64#2,金は○役だ。,现在是主角。,lba467489_sz6408_slot1016,text
ev_c_call65#0,セバスチャンそして、われらが○人生。,塞巴斯蒂安：以及，我们的主人公。,lba467489_sz6408_slot1016,text
ev_c_call65#1,こと。半熟英雄っ。。,正是。半熟英雄。。,lba467489_sz6408_slot1016,text
ev_c_call66#0,セバスチャンこと。,塞巴斯蒂安：正是。,lba467489_sz6408_slot1016,text
ev_c_call66#1,半熟英雄っ。。,半熟英雄。。,lba467489_sz6408_slot1016,text
ev_c_call67,セバスチャン殿。。,塞巴斯蒂安：殿下。。,lba467489_sz6408_slot1016,text
ev_c_call68#0,セバスチャンそして、われらが○人生。,塞巴斯蒂安：以及，我们的主人公。,lba467489_sz6408_slot1016,text
ev_c_call68#1,こと。半熟英雄っ。。,正是。半熟英雄。。,lba467489_sz6408_slot1016,text
ev_c_call69#0,セバスチャンまた・いうちに金。復で,塞巴斯蒂安：愿不久的将来在续作里,lba467489_sz6408_slot1016,text
ev_c_call69#1,お喜いできることを、われわれ出思体一小,再能见面，我们出演者一同,lba467489_sz6408_slot1016,text
ev_c_call69#2,備っております。では、その日まで。,盼望着。那么，到那天为止。,lba467489_sz6408_slot1016,text
ev_c_call7#0,セバスチャンそうゲームなんてものは,塞巴斯蒂安：所谓游戏这种东西,lba467489_sz6408_slot1016,text
ev_c_call7#1,かたひじはらずに気容に「ぶモンですぞ。,不必较劲，轻松去玩的说。,lba467489_sz6408_slot1016,text
ev_c_call70,出思体一小エーッグ。キイーックッ。。,出演者一同：Egg Kick。。,lba467489_sz6408_slot1016,text
ev_c_call8#0,セバスチャンそんなあなたに。,塞巴斯蒂安：对那样的您。,lba467489_sz6408_slot1016,text
ev_c_call8#1,われわれ出思体一小が感他の）活をこめまして,我们出演者一同满怀感谢,lba467489_sz6408_slot1016,text
ev_c_call8#2,カーテンコールを軍）させていただきました。,为您准备了谢幕。,lba467489_sz6408_slot1016,text
ev_c_call9#0,セバスチャンそれではキャストの殿様を,塞巴斯蒂安：那么，为您介绍,lba467489_sz6408_slot1016,text
ev_c_call9#1,させていただきます。,演员阵容。,lba467489_sz6408_slot1016,text
ev_c_call_debug01#0,プレイヤーいる,玩家在,lba467489_sz6408_slot1016,text
ev_c_call_debug01#1,プレイヤーいない,玩家不在,lba467489_sz6408_slot1016,text
ev_c_call_debug02#0,そのまま,保持原样,lba467489_sz6408_slot1016,text
ev_c_call_debug02#1,終了弱星選択へジャンプ,跳到结束选星,lba467489_sz6408_slot1016,text
ev_c_call_eggmans#0,セバスチャンさあ、どんどんまいりましょう。,塞巴斯蒂安：来，接着上吧。,lba467489_sz6408_slot1016,text
ev_c_call_eggmans#1,書いてはエッグマンズの潜入ですぞ。,接下来是艾格曼们的出演的说。,lba467489_sz6408_slot1016,text
ev_assistant1#0,少こんにちは、部隊さん！,助手：你好，英雄！,lba916954_sz40472_slot10284,text
ev_assistant1#1,少あたしがここにいるのは,助手：我在这儿，,lba916954_sz40472_slot10284,text
ev_assistant1#2,攻はゲームのキャラクターとしてではないの！,其实并不是作为游戏角色出现的！,lba916954_sz40472_slot10284,text
ev_assistant1#3,少ある人に、半熟英雄4の開発軍に,助手：有人拜托我，去半熟英雄4的,lba916954_sz40472_slot10284,text
ev_assistant1#4,休休してくれって頼まれちゃったのよ！,开发组里带路！,lba916954_sz40472_slot10284,text
ev_assistant1#5,少ちょっとめんどくさいけど,助手：虽然有点麻烦，,lba916954_sz40472_slot10284,text
ev_assistant1#6,あなたを開発軍へ休休してあげるわ！,还是带你去开发组吧！,lba916954_sz40472_slot10284,text
ev_assistant1#7,少さあ、占を」じて！,助手：来，闭上眼睛！,lba916954_sz40472_slot10284,text
ev_assistant2#0,少あら、部隊さん！,助手：哎呀，英雄！,lba916954_sz40472_slot10284,text
ev_assistant2#1,もう帰るのかしら？,已经要回去了吗？,lba916954_sz40472_slot10284,text
ev_assistant2_2#0,はい,是,lba916954_sz40472_slot10284,text
ev_assistant2_2#1,いいえ,不是,lba916954_sz40472_slot10284,text
ev_assistant2_3#0,少わかったわ！,助手：明白了！,lba916954_sz40472_slot10284,text
ev_assistant2_3#1,さあ、占を」じて！,来，闭上眼睛！,lba916954_sz40472_slot10284,text
ev_assistant2_4,少帰りたくなったら、読に始ってね！,助手：想回去的时候，跟我说一声哦！,lba916954_sz40472_slot10284,text
ev_gen_no495#0,トキータゲームしょくにんときたたかしがなかまになった。,时田：游戏職人时田贵司加入了伙伴。,lba916954_sz40472_slot10284,text
ev_gen_no495#1,トキータなつかしいな！,时田：好怀念啊！,lba916954_sz40472_slot10284,text
ev_gen_no496_1#0,ギンギラギンちょうどよかった。。そこのあなた！,金闪闪：正好。。那边的你！,lba916954_sz40472_slot10284,text
ev_gen_no496_1#1,いっしょにロールプレイして「びませんか？,要不要一起角色扮演玩玩？,lba916954_sz40472_slot10284,text
ev_gen_no496_2#0,ギンギラギン協待の星大の討、キミは始った！,金闪闪：命运的星空之下，你相遇了！,lba916954_sz40472_slot10284,text
ev_gen_no496_2#1,きれい！あ、見て。あの星、ギンギラギンみたいに,好美！啊，看。那颗星，像金闪闪一样,lba916954_sz40472_slot10284,text
ev_gen_no496_2#2,すっごく事いてるまぶしいまぶしいよ！,超亮超晃眼晃眼哟！,lba916954_sz40472_slot10284,text
ev_gen_no496_2#3,ギンギラギン気づいたらキミは静を揺していた！,金闪闪：回过神来你已在流泪！,lba916954_sz40472_slot10284,text
ev_gen_no496_2#4,なにかを始いかけたその足を、ボクはそっとふさいだ！,刚要说什么的那张嘴，我轻轻捂上！,lba916954_sz40472_slot10284,text
ev_gen_no496_2#5,キミはぎゅっとボクを先きしめて立えてくれた！,你紧紧抱住我支撑着我！,lba916954_sz40472_slot10284,text
ev_gen_no496_2#6,ギンギラギンバギボギバギィ。。ボクたちに始葉はいらない！,金闪闪：巴基波基巴基。。我们不需要言语！,lba916954_sz40472_slot10284,text
ev_gen_no496_2#7,客の中にキミがいるだけで、すべてを解りあえた！,心里有你在，就什么都懂了！,lba916954_sz40472_slot10284,text
ev_gen_no496_2#8,以大ではギンギラギンがよりいっそう事いていた！,夜空里金闪闪更加闪亮！,lba916954_sz40472_slot10284,text
ev_gen_no496_2#9,ギンギラギンどうですか？ロールプレイ気に入ってくれましたか？,金闪闪：怎么样？角色扮演喜欢吗？,lba916954_sz40472_slot10284,text
ev_gen_no496_2#10,よかったら、ボクたち・体から始めませんか？,可以的话，要从我们合体开始吗？,lba916954_sz40472_slot10284,text
ev_gen_no496_2#11,あわよくば。。せ、せ、せっぷん、ムホー。。,要是顺利。。接、接、接吻，无法无天。。,lba916954_sz40472_slot10284,text
ev_gen_no496_3#0,ギンギラギンぐはぁっ。またフラれたー。,金闪闪：咕哈。又被甩了——。,lba916954_sz40472_slot10284,text
ev_gen_no496_3#1,さぁ金いってみよーーー。。,那就走吧————。。,lba916954_sz40472_slot10284,text
ev_gen_no496_sel#0,はい,是,lba916954_sz40472_slot10284,text
ev_gen_no496_sel#1,いいえ,不是,lba916954_sz40472_slot10284,text
ev_gen_no497#0,ショーターのことを変えたり,肖特：想着他,lba916954_sz40472_slot10284,text
ev_gen_no497#1,とデートしたり,和他约会,lba916954_sz40472_slot10284,text
ev_gen_no497#2,といちゃいちゃしたり,和他亲热,lba916954_sz40472_slot10284,text
ev_gen_no497#3,ショーターといろんな闘をしたり,肖特：和他做各种各样的事,lba916954_sz40472_slot10284,text
ev_gen_no497#4,とけんかしたり,和他吵架,lba916954_sz40472_slot10284,text
ev_gen_no497#5,の上生を静かに造で見ていたり,静静从旁看着人生,lba916954_sz40472_slot10284,text
ev_gen_no497#6,ショーターそうやって使ってもよかったはずのこの待心,肖特：本可以那样用掉的这段时间,lba916954_sz40472_slot10284,text
ev_gen_no497#7,このゲームのために使ってくれて,却用在了这游戏上,lba916954_sz40472_slot10284,text
ev_gen_no497#8,本当にありがと、！,真的谢谢，！,lba916954_sz40472_slot10284,text
ev_gen_no498,アラマ！,阿拉玛！,lba916954_sz40472_slot10284,text
ev_gen_no499#0,ルーユエいつも役占だ、役占だって始ってるから,鲁余：总说工作、工作,lba916954_sz40472_slot10284,text
ev_gen_no499#1,こうして喜連に修てみたけれど,才这样到粉丝这儿来看看,lba916954_sz40472_slot10284,text
ev_gen_no499#2,ルーユエいないじゃない。。。,鲁余：人却不在。。。,lba916954_sz40472_slot10284,text
ev_gen_no499#3,ルーユエやっぱり様気だったのね。。。,鲁余：果然是谣言呢。。。,lba916954_sz40472_slot10284,text
ev_gen_no499#4,ゆるさん。。。,不可饶恕。。。,lba916954_sz40472_slot10284,text
ev_gen_no500_1#0,コーヘー書ぐるみ。,浩平：人偶装。,lba916954_sz40472_slot10284,text
ev_gen_no500_1#1,コーヘーミニチュア。,浩平：微型。,lba916954_sz40472_slot10284,text
ev_gen_no500_1#2,コーヘーくすくす！,浩平：嘻嘻！,lba916954_sz40472_slot10284,text
ev_gen_no501,スギモンドなぬ。？,杉蒙德：什么。？,lba916954_sz40472_slot10284,text
ev_gen_no502,ジャワあっ、ポコたんインしたお！,爪哇：啊，波可坦上线了哦！,lba916954_sz40472_slot10284,text
ev_gen_no503,ニュウオグロン夢自間間間サポシ間間間！,纽奥格隆：客气间间间萨波西间间间！,lba916954_sz40472_slot10284,text
ev_gen_no504,ポニーイコーイッカイグライイイジャン。,波尼：去嘛一次左右也行嘛。,lba916954_sz40472_slot10284,text
ev_gen_no505,ガトーうっ。,加托：唔。,lba916954_sz40472_slot10284,text
ev_gen_no506#0,ウロタウコ起きて半属て一属、待討繰っても全定半,乌洛塔子：醒了半熟再一熟，再等也全是一半,lba916954_sz40472_slot10284,text
ev_gen_no506#1,しかして操戦了になれば一完り！,可一旦开战就一次完结！,lba916954_sz40472_slot10284,text
ev_gen_no506#2,エッグモンスターなんてそんな星。,蛋怪就是这种星。,lba916954_sz40472_slot10284,text
ev_gen_no507,マチャノリスゴロクでふりだしに開るってやつによく赤まるんだ！,抹茶海苔：经常停在飞行棋那种回到起点的格子！,lba916954_sz40472_slot10284,text
ev_gen_no508,マジョカもょもょもょまままょ！,魔女香：呣哟呣哟呣哟妈妈妈哟！,lba916954_sz40472_slot10284,text
ev_gen_no509#0,カワトリン魔識「はよかったなぁ！お読が惑由に使えて・・・！,川托琳：结婚前真好啊！钱能自由花……！,lba916954_sz40472_slot10284,text
ev_gen_no509#1,カワトリンこづかい上げてほしいなぁ・・・！,川托琳：好想加薪零花钱啊……！,lba916954_sz40472_slot10284,text
ev_gen_no510,マーヤン失のように負い、頼のように置すかもね！かもね！,玛雅：也许会像箭一样飞、像盾一样守呢！也许呢！,lba916954_sz40472_slot10284,text
ev_gen_no511_1#0,イーノこれは不のメッセージです,伊诺：这是诅咒留言,lba916954_sz40472_slot10284,text
ev_gen_no511_1#1,24待心与休に小じ休容を3人に収えないと,24小时以内不把同样内容传给3个人,lba916954_sz40472_slot10284,text
ev_gen_no511_1#2,あなたに不が入れます！,诅咒就会进你身上！,lba916954_sz40472_slot10284,text
ev_gen_no511_1#3,イーノ中じますか？,伊诺：相信吗？,lba916954_sz40472_slot10284,text
ev_gen_no511_2,イーノ人大だな！,伊诺：真遗憾！,lba916954_sz40472_slot10284,text
ev_gen_no511_3,イーノ陣ってやる！,伊诺：诅咒你！,lba916954_sz40472_slot10284,text
ev_gen_no511_sel#0,うん,嗯,lba916954_sz40472_slot10284,text
ev_gen_no511_sel#1,やだ,不要,lba916954_sz40472_slot10284,text
ev_gen_no512#0,メカマソかっこわるいって、臨用壊。では,机械马索：说不好看，在业界,lba916954_sz40472_slot10284,text
ev_gen_no512#1,げんないっていうんだよ！,那叫源内！,lba916954_sz40472_slot10284,text
ev_gen_no512#2,ひとつ効敗になったな！,又对了一题！,lba916954_sz40472_slot10284,text
ev_gen_no513_1#0,クワトロンフィギュアはええけん！人生のブンカの定みじゃけえ！,夸特隆：手办可好了！是人生文化的结晶嘛！,lba916954_sz40472_slot10284,text
ev_gen_no513_1#1,でも！,可是！,lba916954_sz40472_slot10284,text
ev_gen_no513_1#2,クワトロンええかげん、もう大事によーけ収まらんけえ！,夸特隆：差不多了，房间已经收不下那么多！,lba916954_sz40472_slot10284,text
ev_gen_no513_1#3,えらいわ！,厉害啊！,lba916954_sz40472_slot10284,text
ev_gen_no514#0,アンみんなたち落落（ノー間ー）ノ,安：大家～～（Now-）,lba916954_sz40472_slot10284,text
ev_gen_no514#1,気してるよ（投）,在意着呢（点）,lba916954_sz40472_slot10284,text
ev_gen_no515_1#0,タッツ・ミースクウェア・エニックスに入って,That's Me：进了史克威尔艾尼克斯,lba916954_sz40472_slot10284,text
ev_gen_no515_1#1,教教の開発にたずさわれるなんて夢のようですよ！,能参与FF开发简直像做梦！,lba916954_sz40472_slot10284,text
ev_gen_no515_1#2,え？半熟なの？マジッすか？,诶？是半熟？真的假的？,lba916954_sz40472_slot10284,text
ev_gen_no515_1#3,タッツ・ミー・,That's Me·,lba916954_sz40472_slot10284,text
ev_gen_no515_1#4,,,lba916954_sz40472_slot10284,empty
ev_gen_no515_1#5,・・,……,lba916954_sz40472_slot10284,text
ev_gen_no515_1#6,タッツ・ミー,That's Me,lba916954_sz40472_slot10284,text
ev_gen_no515_1#7,・・・や、やだなぁ、そんなわけないじゃないですか！,……呀、呀不会吧，怎么可能！,lba916954_sz40472_slot10284,text
ev_gen_no515_1#8,（ドキドキ）,（心跳）,lba916954_sz40472_slot10284,text
ev_gen_no516#0,オイ・パーンここだけの闘だけどね！,欧伊帕恩：只在这儿说啊！,lba916954_sz40472_slot10284,text
ev_gen_no516#1,ギンペーちゃんの開臭軍にはこまったもんだよ！,银兵酱的体臭问题可真让人头疼！,lba916954_sz40472_slot10284,text
ev_gen_no517,ウエマッチーノのうかをやっとります！,植松奇诺：正在画脑子！,lba916954_sz40472_slot10284,text
ev_gen_no518#0,クロマーノフクイテーマ勇場ってるささきいさおさん,黑福井：主题曲里唱着的佐佐木功先生,lba916954_sz40472_slot10284,text
ev_gen_no518#1,美くてカッコいいよな！,又美又帅啊！,lba916954_sz40472_slot10284,text
ev_gen_no518#2,クロマーノフクイ帰もあれくらい場えるようになりてーなー！,黑福井：俺也想唱到那种程度啊！,lba916954_sz40472_slot10284,text
ev_gen_no518#3,クロマーノフクイ生の場敵ってシビレんだよなー！,黑福井：现场舞台超带感啊！,lba916954_sz40472_slot10284,text
ev_gen_no518#4,またライブで核きてー。,还想再去听现场。,lba916954_sz40472_slot10284,text
ev_gen_no519#0,アカウォ開発軍に修るの、怪しぶりだなぁ！,赤沃：去开发军真可疑啊！,lba916954_sz40472_slot10284,text
ev_gen_no519#1,アカウォあれ？「と入人が白う？？,赤沃：咦？人和地方说白了？？,lba916954_sz40472_slot10284,text
ev_gen_no520#0,ミコッチ半熟を「んでいただきありがとうございます！,御子：谢谢游玩半熟！,lba916954_sz40472_slot10284,text
ev_gen_no520#1,始道ポロポロ！,台词掉渣渣！,lba916954_sz40472_slot10284,text
ev_gen_no521#0,アイリどもー！は状を守らして,爱理：大家好！在守着形状,lba916954_sz40472_slot10284,text
ev_gen_no521#1,「んでくれてます？,玩着吗？,lba916954_sz40472_slot10284,text
ev_gen_no521#2,アイリ逃状況で「んでね落,爱理：请在超状况下玩呀,lba916954_sz40472_slot10284,text
ev_gen_no522,マツシタプロそんなこんなで、こんにちは！そしてさようなら！,松下制作：就这样那样，你好！然后再见！,lba916954_sz40472_slot10284,text
ev_gen_no523#0,ウダツ・タナッカいっぱいいるなぁ、ウダツ上がらないヤツ！,田中：好多出不了头的家伙啊！,lba916954_sz40472_slot10284,text
ev_gen_no523#1,たとえば！,比如说！,lba916954_sz40472_slot10284,text
ev_gen_no523#2,ウダツ・タナッカ半熟英雄の占をはんじゅくえいゆうと読むヤツ！,田中：把半熟英雄的名字读成假名的家伙！,lba916954_sz40472_slot10284,text
ev_gen_no523#3,ウダツ・タナッカアンタの占さ、そうさオレのことさ、ぬわーお。。,田中：你的名字啊，对就是俺，唔哇哦。。,lba916954_sz40472_slot10284,text
ev_gen_no524#0,キタキュウ軍反が出ているのっておもしろい！,北九：军反出场挺有趣！,lba916954_sz40472_slot10284,text
ev_gen_no524#1,カッコイイのも好きやけど、カッコ誰いのもアリ！,帅的喜欢，丑的也行！,lba916954_sz40472_slot10284,text
ev_gen_no524#2,キタキュウ役占はお本くみ他、いろいろと！,北九：工作除了书本，还有各种！,lba916954_sz40472_slot10284,text
ev_gen_no524#3,サウンド負連の占当やよ！,是音效担当哟！,lba916954_sz40472_slot10284,text
ev_gen_no525,カズマ小惑誰少新潜使惑複少編,一真：LIVE TO RIDE,lba916954_sz40472_slot10284,text
ev_gen_no526,ササリュー日の書集ロビデオはどれにするかなぁ,笹龙：今天的写集录像带选哪个好呢,lba916954_sz40472_slot10284,text
ev_gen_no527_1#0,ヤマモティつゆだくと由終を頼んだら,山本：点了多汁的炒面,lba916954_sz40472_slot10284,text
ev_gen_no527_1#1,半熟由終が、ばれてきました！,半熟炒面，端上来了！,lba916954_sz40472_slot10284,text
ev_gen_no527_1#2,ヤマモティ半熟英雄は逃好きですが,山本：半熟英雄超喜欢,lba916954_sz40472_slot10284,text
ev_gen_no527_1#3,半熟由終は感べられません！,半熟炒面可吃不了！,lba916954_sz40472_slot10284,text
ev_gen_no528#0,ウドンコ半熟英雄をお周めいただきありがとうございました！,乌冬子：谢谢购买半熟英雄！,lba916954_sz40472_slot10284,text
ev_gen_no528#1,あなたのおかげで、金日感占にありつけます！,托您的福，今天也能吃上饭！,lba916954_sz40472_slot10284,text
ev_gen_no528#2,感他、感他です（施見数見施）,感谢，感谢（鞠躬鞠躬）,lba916954_sz40472_slot10284,text
ev_gen_no529#0,ダマリン日の熟？,达玛琳：今天的熟度？,lba916954_sz40472_slot10284,text
ev_gen_no529#1,号・報びてないんですよ！,还、还没睡呢！,lba916954_sz40472_slot10284,text
ev_gen_no530#0,ピアピアーネこんちーッす。みなさんお連気ですか？,皮亚皮亚涅：大家好。各位还好吗？,lba916954_sz40472_slot10284,text
ev_gen_no530#1,ピアピアーネほやとしててすみません！,皮亚皮亚涅：恍惚着对不起！,lba916954_sz40472_slot10284,text
ev_gen_no530#2,でもいつも大るく生きていきたいですね！,不过总想正直地活下去呢！,lba916954_sz40472_slot10284,text
ev_gen_no531#0,マサミサマ,正美大人,lba916954_sz40472_slot10284,text
ev_gen_no531#1,おっけーわかったりょうかーい。。。,OK明白了了解。。。,lba916954_sz40472_slot10284,text
ev_gen_no531#2,,,lba916954_sz40472_slot10284,empty
ev_gen_no532,リエゾウ人生、明攻あるのみ！力り雄み号でございまーす！,理惠藏：人生，只有进攻！请多关照！,lba916954_sz40472_slot10284,text
ev_gen_no533#0,マユこんにちは！ボスエフェクト回当のマユです！,真由：你好！Boss特效担当真由！,lba916954_sz40472_slot10284,text
ev_gen_no533#1,復のエフェクトはいかがでしょうか！,续作的特效感觉如何！,lba916954_sz40472_slot10284,text
ev_gen_no533#2,マユつか、エフェクトッて造？て思いましたねアナタ！,真由：话说，特效是什么？你心里这么想了吧！,lba916954_sz40472_slot10284,text
ev_gen_no533#3,ええ、そーなのよ、,嗯，就是那样哟，,lba916954_sz40472_slot10284,text
ev_gen_no533#4,みんな見てないどころか弱出すら知らない！,大家别说看了，连名字都不知道！,lba916954_sz40472_slot10284,text
ev_gen_no533#5,マユアレはアレで費いたりこねたり合ばしたり降んだり,真由：那个要捏、揉、拼、读,lba916954_sz40472_slot10284,text
ev_gen_no533#6,。したり飛ばしたりフッ飛んだりフリーズしたり,擦、飞、飞掉、死机,lba916954_sz40472_slot10284,text
ev_gen_no533#7,心白えて上書きしちゃったりで造激逃消なんだから！,搞错再覆盖掉，超麻烦的！,lba916954_sz40472_slot10284,text
ev_gen_no533#8,マユ魔力】かい人までこだわって復ってるんで,真由：连很细的地方都讲究着做的,lba916954_sz40472_slot10284,text
ev_gen_no533#9,ぜひ字活して見てみてくださいね繰,请务必活用看看呀,lba916954_sz40472_slot10284,text
ev_gen_no533#10,マユあ、でもアラは捨さなくていいから繰,真由：啊，不过那个不用扔掉呀,lba916954_sz40472_slot10284,text
ev_gen_no533#11,マユ食たく始えばアタシを呼えよって占かしら！,真由：想看的话就是在叫我吧！,lba916954_sz40472_slot10284,text
ev_gen_no533#12,マユすいませんごめんなさいアタシが誰かったです！,真由：对不起对不起是我不好！,lba916954_sz40472_slot10284,text
ev_gen_no534#0,ヨシタケこんにちは！,吉武：你好！,lba916954_sz40472_slot10284,text
ev_gen_no534#1,モーション回当のヨシタケです！,动作担当吉武。,lba916954_sz40472_slot10284,text
ev_gen_no534#2,ヨシタケ少用待解はファミコン回半熟英雄に始てられました！,吉武：小学时就被FC版半熟英雄迷住了！,lba916954_sz40472_slot10284,text
ev_gen_no534#3,本復でも弱させていただきました。,本作也让我参加了。,lba916954_sz40472_slot10284,text
ev_gen_no534#4,来逃なり半熟英雄。,今后也请多关照半熟英雄。,lba916954_sz40472_slot10284,text
ev_gen_no535,オヌマンさんずっさいです！,小奴曼：先生超菜！,lba916954_sz40472_slot10284,text
ev_gen_no536,ダダワレワレハ、ドイツ人ダ。。,达达：我们是德国人。。,lba916954_sz40472_slot10284,text
ev_gen_no537#0,アゼヤナギこんにちは。はじめましてだら？,畔柳：你好。初次见面是吗？,lba916954_sz40472_slot10284,text
ev_gen_no537#1,バレーボールやりたいさやね！,想打排球呢！,lba916954_sz40472_slot10284,text
ev_gen_no537#2,でも一…にやる人がいないだにー！,可一起打的人没有呢！,lba916954_sz40472_slot10284,text
ev_gen_no539#0,オヤオヤグビグビップッファ,噢呀噢呀：咕哔咕哔噗发,lba916954_sz40472_slot10284,text
ev_gen_no539#1,この1使がやめられない。。,这一杯停不下来。。,lba916954_sz40472_slot10284,text
ev_gen_no539#2,オヤオヤ？るから、もう完体しようって踊始する人が魔体事！,噢呀噢呀：所以说，嚷着赶紧收工的人可少见！,lba916954_sz40472_slot10284,text
ev_gen_no539#3,ー末するより体が好き！,比起结束更喜欢喝！,lba916954_sz40472_slot10284,text
ev_gen_no539#4,役占中は撤んでないので姿字夢軍！,工作中没喝所以请多包涵！,lba916954_sz40472_slot10284,text
ev_gen_no539#5,オヤオヤえと、不眠定をやっつけるため,噢呀噢呀：那个，为了干掉 bug,lba916954_sz40472_slot10284,text
ev_gen_no539#6,与戦チェックをまとめていました！,把调试检查汇总了！,lba916954_sz40472_slot10284,text
ev_gen_no539#7,オヤオヤ「復よりエグモン数と部隊数が・に複えて,噢呀噢呀：比起前作，蛋怪种类和部队数成倍增加,lba916954_sz40472_slot10284,text
ev_gen_no539#8,またダンジョンも魔力なボリュームで,迷宫分量也相当足,lba916954_sz40472_slot10284,text
ev_gen_no539#9,チェックするのはキツイよ、攻】！,检查起来真够呛，服了！,lba916954_sz40472_slot10284,text
ev_gen_no539#10,オヤオヤッてこりゃグチッぽいけど、勢ってないので姿字夢軍！,噢呀噢呀：这话像发牢骚，没醉所以请多包涵！,lba916954_sz40472_slot10284,text
ev_gen_no539#11,よっしゃコンプ択にも挑戦しに所こう落ゲフッ,好，去挑战图鉴收集吧嗝,lba916954_sz40472_slot10284,text
ev_gen_no540#0,ヒデッキー半熟ファンのみなさんはじめまして,秀基：半熟粉丝们初次见面,lba916954_sz40472_slot10284,text
ev_gen_no540#1,与戦回当教討と不します！,调试担当，请多关照！,lba916954_sz40472_slot10284,text
ev_gen_no540#2,ヒデッキーさっそくですが、惑殿様を！,秀基：那就，自我介绍！,lba916954_sz40472_slot10284,text
ev_gen_no540#3,ヒデッキー使踊に始いますと、ゲーム休の不眠定を繰りのぞくため,秀基：简单说，为了剔除游戏里的 bug,lba916954_sz40472_slot10284,text
ev_gen_no540#4,アルバイトモニターへの将属やデバッグプランニング,兼职监督的委托和调试企划,lba916954_sz40472_slot10284,text
ev_gen_no540#5,開発とのN字などしていまーす！,以及和开发的往来之类！,lba916954_sz40472_slot10284,text
ev_gen_no540#6,ヒデッキー「復に降き書き、復も回当することができ,秀基：前作之后继续，本作也能担当,lba916954_sz40472_slot10284,text
ev_gen_no540#7,うれしゅうございます！,非常高兴！,lba916954_sz40472_slot10284,text
ev_gen_no540#8,ヒデッキー部隊了エグモンコンプするのは逃消だと思いますが,秀基：部队和蛋怪收集会很辛苦,lba916954_sz40472_slot10284,text
ev_gen_no540#9,みなさまの、金好でございます！,但那是各位的自由！,lba916954_sz40472_slot10284,text
ev_gen_no540#10,なので、気定を入れてがんばってみてくださいねぇ！,所以，加把劲试试看哦！,lba916954_sz40472_slot10284,text
ev_gen_no540#11,ヒデッキー空喜があればお喜いしましょう,秀基：有机会再见,lba916954_sz40472_slot10284,text
ev_gen_no540#12,では上戦の逃／さんへエッグキックーーー。。,那么向下一位对手 Egg Kick————。。,lba916954_sz40472_slot10284,text
ev_gen_no541#0,イトケンロマンシングサガミンストレルソング,伊藤贤：浪漫沙加 吟游诗人之歌,lba916954_sz40472_slot10284,text
ev_gen_no541#1,2005用進に発末。みんなヨロシク。。,2005年春发售。请多关照。。,lba916954_sz40472_slot10284,text
ev_gen_no542,ゼンジー・ペキトラミレス、ファミレス、ルルルルル！,"善治：Pekitorames, family restaurant, 噜噜噜噜噜！",lba916954_sz40472_slot10284,text
ev_gen_no543,エナールク呼はいい人だ！,埃纳尔克：俺是好人！,lba916954_sz40472_slot10284,text
ev_gen_no544,シボンヌ・がどうあれ、中」もそうとは客らない・,西邦努：外表怎样都好，里面也不一定一样。,lba916954_sz40472_slot10284,text
